{"type": "FeatureCollection", "features": [{"type": "Feature", "geometry": {"type": "Point", "coordinates": [-88.1422320129864, 41.79995542442139]}, "properties": {"POLENUMBER": "025080", "SUBTYPE": "SL", "MATERIAL": "AL"}}, {"type": "Feature", "geometry": {"type": "Point", "coordinates": [-88.15818678853388, 41.77674086244474]}, "properties": {"POLENUMBER": "083088", "SUBTYPE": "SL", "MATERIAL": "AL"}}, {"type": "Feature", "geometry": {"type": "Point", "coordinates": [-88.21017866897006, 41.798934934996026]}, "properties": {"POLENUMBER": "018024", "SUBTYPE": "SL", "MATERIAL": "AL"}}, {"type": "Feature", "geometry": {"type": "Point", "coordinates": [-88.20184859865192, 41.79890018581155]}, "properties": {"POLENUMBER": "019052", "SUBTYPE": "SL", "MATERIAL": "AL"}}, {"type": "Feature", "geometry": {"type": "Point", "coordinates": [-88.16088937245014, 41.77722486250512]}, "properties": {"POLENUMBER": "068067", "SUBTYPE": "SL", "MATERIAL": "AL"}}, {"type": "Feature", "geometry": {"type": "Point", "coordinates": [-88.15276981370523, 41.77787268988434]}, "properties": {"POLENUMBER": "069105", "SUBTYPE": "UPL", "MATERIAL": "WD"}}, {"type": "Feature", "geometry": {"type": "Point", "coordinates": [-88.14752786015944, 41.78423364865846]}, "properties": {"POLENUMBER": "069145", "SUBTYPE": "SL", "MATERIAL": "AL"}}, {"type": "Feature", "geometry": {"type": "Point", "coordinates": [-88.17590649625474, 41.77642916721802]}, "properties": {"POLENUMBER": "082089", "SUBTYPE": "SL", "MATERIAL": "AL"}}, {"type": "Feature", "geometry": {"type": "Point", "coordinates": [-88.15867045571885, 41.7741510376349]}, "properties": {"POLENUMBER": "083085", "SUBTYPE": "UPL", "MATERIAL": "WD"}}, {"type": "Feature", "geometry": {"type": "Point", "coordinates": [-88.17563613939355, 41.768701752052394]}, "properties": {"POLENUMBER": "097102", "SUBTYPE": "SL", "MATERIAL": "AL"}}, {"type": "Feature", "geometry": {"type": "Point", "coordinates": [-88.16901586702015, 41.76473794962704]}, "properties": {"POLENUMBER": "097061", "SUBTYPE": "SL", "MATERIAL": "AL"}}, {"type": "Feature", "geometry": {"type": "Point", "coordinates": [-88.20054993943184, 41.798913840669876]}, "properties": {"POLENUMBER": "019053", "SUBTYPE": "SL", "MATERIAL": "AL"}}, {"type": "Feature", "geometry": {"type": "Point", "coordinates": [-88.14842368750901, 41.78995528991342]}, "properties": {"POLENUMBER": "054143", "SUBTYPE": "SL", "MATERIAL": "AL"}}, {"type": "Feature", "geometry": {"type": "Point", "coordinates": [-88.14960940040982, 41.774125009645935]}, "properties": {"POLENUMBER": "084510", "SUBTYPE": "SL", "MATERIAL": "AL"}}, {"type": "Feature", "geometry": {"type": "Point", "coordinates": [-88.14955524289437, 41.774363133233855]}, "properties": {"POLENUMBER": "084508", "SUBTYPE": "SL", "MATERIAL": "AL"}}, {"type": "Feature", "geometry": {"type": "Point", "coordinates": [-88.14956256424779, 41.774275055132506]}, "properties": {"POLENUMBER": "084509", "SUBTYPE": "SL", "MATERIAL": "AL"}}, {"type": "Feature", "geometry": {"type": "Point", "coordinates": [-88.14931038967342, 41.77412322737655]}, "properties": {"POLENUMBER": "084511", "SUBTYPE": "SL", "MATERIAL": "AL"}}, {"type": "Feature", "geometry": {"type": "Point", "coordinates": [-88.14931189541075, 41.774094661237825]}, "properties": {"POLENUMBER": "084512", "SUBTYPE": "SL", "MATERIAL": "AL"}}, {"type": "Feature", "geometry": {"type": "Point", "coordinates": [-88.14880759850253, 41.774107716200696]}, "properties": {"POLENUMBER": "084517", "SUBTYPE": "SL", "MATERIAL": "AL"}}, {"type": "Feature", "geometry": {"type": "Point", "coordinates": [-88.14922221230078, 41.774118022460016]}, "properties": {"POLENUMBER": "084513", "SUBTYPE": "SL", "MATERIAL": "AL"}}, {"type": "Feature", "geometry": {"type": "Point", "coordinates": [-88.14897133733092, 41.77411264204956]}, "properties": {"POLENUMBER": "084515", "SUBTYPE": "SL", "MATERIAL": "AL"}}, {"type": "Feature", "geometry": {"type": "Point", "coordinates": [-88.14911544005282, 41.774116178432905]}, "properties": {"POLENUMBER": "084514", "SUBTYPE": "SL", "MATERIAL": "AL"}}, {"type": "Feature", "geometry": {"type": "Point", "coordinates": [-88.14867077552836, 41.774103578884564]}, "properties": {"POLENUMBER": "084518", "SUBTYPE": "SL", "MATERIAL": "AL"}}, {"type": "Feature", "geometry": {"type": "Point", "coordinates": [-88.14859313916278, 41.77410179200246]}, "properties": {"POLENUMBER": "084519", "SUBTYPE": "SL", "MATERIAL": "AL"}}, {"type": "Feature", "geometry": {"type": "Point", "coordinates": [-88.14846344765093, 41.7740971707061]}, "properties": {"POLENUMBER": "084520", "SUBTYPE": "SL", "MATERIAL": "AL"}}, {"type": "Feature", "geometry": {"type": "Point", "coordinates": [-88.14889097392079, 41.77398418237855]}, "properties": {"POLENUMBER": "084533", "SUBTYPE": "SL", "MATERIAL": "AL"}}, {"type": "Feature", "geometry": {"type": "Point", "coordinates": [-88.14911120989481, 41.773990497938264]}, "properties": {"POLENUMBER": "084535", "SUBTYPE": "SL", "MATERIAL": "AL"}}, {"type": "Feature", "geometry": {"type": "Point", "coordinates": [-88.14922142054064, 41.77399448674427]}, "properties": {"POLENUMBER": "084536", "SUBTYPE": "SL", "MATERIAL": "AL"}}, {"type": "Feature", "geometry": {"type": "Point", "coordinates": [-88.14900198326029, 41.77398940437528]}, "properties": {"POLENUMBER": "084534", "SUBTYPE": "SL", "MATERIAL": "AL"}}, {"type": "Feature", "geometry": {"type": "Point", "coordinates": [-88.14870361499486, 41.773982329217894]}, "properties": {"POLENUMBER": "084532", "SUBTYPE": "SL", "MATERIAL": "AL"}}, {"type": "Feature", "geometry": {"type": "Point", "coordinates": [-88.14860069675949, 41.77397626189592]}, "properties": {"POLENUMBER": "084531", "SUBTYPE": "SL", "MATERIAL": "AL"}}, {"type": "Feature", "geometry": {"type": "Point", "coordinates": [-88.14831903992844, 41.77409390492377]}, "properties": {"POLENUMBER": "084521", "SUBTYPE": "SL", "MATERIAL": "AL"}}, {"type": "Feature", "geometry": {"type": "Point", "coordinates": [-88.14819495638088, 41.77409116781324]}, "properties": {"POLENUMBER": "084522", "SUBTYPE": "SL", "MATERIAL": "AL"}}, {"type": "Feature", "geometry": {"type": "Point", "coordinates": [-88.14810146675828, 41.77408879592535]}, "properties": {"POLENUMBER": "084523", "SUBTYPE": "SL", "MATERIAL": "AL"}}, {"type": "Feature", "geometry": {"type": "Point", "coordinates": [-88.14800643658074, 41.77408719308835]}, "properties": {"POLENUMBER": "084524", "SUBTYPE": "SL", "MATERIAL": "AL"}}, {"type": "Feature", "geometry": {"type": "Point", "coordinates": [-88.14800254647636, 41.77407686323942]}, "properties": {"POLENUMBER": "084525", "SUBTYPE": "SL", "MATERIAL": "AL"}}, {"type": "Feature", "geometry": {"type": "Point", "coordinates": [-88.14801278805777, 41.77396029792391]}, "properties": {"POLENUMBER": "084526", "SUBTYPE": "SL", "MATERIAL": "AL"}}, {"type": "Feature", "geometry": {"type": "Point", "coordinates": [-88.14845102244082, 41.77397296890358]}, "properties": {"POLENUMBER": "084530", "SUBTYPE": "SL", "MATERIAL": "AL"}}, {"type": "Feature", "geometry": {"type": "Point", "coordinates": [-88.14820160465204, 41.77396549941239]}, "properties": {"POLENUMBER": "084528", "SUBTYPE": "SL", "MATERIAL": "AL"}}, {"type": "Feature", "geometry": {"type": "Point", "coordinates": [-88.14831585453389, 41.773970594940174]}, "properties": {"POLENUMBER": "084529", "SUBTYPE": "SL", "MATERIAL": "AL"}}, {"type": "Feature", "geometry": {"type": "Point", "coordinates": [-88.14810616769923, 41.77396278765431]}, "properties": {"POLENUMBER": "084527", "SUBTYPE": "SL", "MATERIAL": "AL"}}, {"type": "Feature", "geometry": {"type": "Point", "coordinates": [-88.10493224809476, 41.75506454132261]}, "properties": {"POLENUMBER": "134045", "SUBTYPE": "SL", "MATERIAL": "AL"}}, {"type": "Feature", "geometry": {"type": "Point", "coordinates": [-88.10585124149878, 41.7547054605474]}, "properties": {"POLENUMBER": "134050", "SUBTYPE": "SL", "MATERIAL": "AL"}}, {"type": "Feature", "geometry": {"type": "Point", "coordinates": [-88.10595420124653, 41.75437203432157]}, "properties": {"POLENUMBER": "134051", "SUBTYPE": "SL", "MATERIAL": "AL"}}, {"type": "Feature", "geometry": {"type": "Point", "coordinates": [-88.10615826956356, 41.754060806600485]}, "properties": {"POLENUMBER": "134052", "SUBTYPE": "SL", "MATERIAL": "AL"}}, {"type": "Feature", "geometry": {"type": "Point", "coordinates": [-88.1495285607948, 41.77123485246135]}, "properties": {"POLENUMBER": "084419", "SUBTYPE": "SL", "MATERIAL": "AL"}}, {"type": "Feature", "geometry": {"type": "Point", "coordinates": [-88.15195744933297, 41.772030319237714]}, "properties": {"POLENUMBER": "084483", "SUBTYPE": "SL", "MATERIAL": "AL"}}, {"type": "Feature", "geometry": {"type": "Point", "coordinates": [-88.15070567996472, 41.77198387089708]}, "properties": {"POLENUMBER": "084482", "SUBTYPE": "SL", "MATERIAL": "AL"}}, {"type": "Feature", "geometry": {"type": "Point", "coordinates": [-88.15060611318513, 41.77198329931911]}, "properties": {"POLENUMBER": "084481", "SUBTYPE": "SL", "MATERIAL": "AL"}}, {"type": "Feature", "geometry": {"type": "Point", "coordinates": [-88.1505366339963, 41.771979771013264]}, "properties": {"POLENUMBER": "084480", "SUBTYPE": "SL", "MATERIAL": "AL"}}, {"type": "Feature", "geometry": {"type": "Point", "coordinates": [-88.14881898081833, 41.77178882846818]}, "properties": {"POLENUMBER": "084569", "SUBTYPE": "SL", "MATERIAL": "AL"}}, {"type": "Feature", "geometry": {"type": "Point", "coordinates": [-88.14731648891983, 41.772844291396474]}, "properties": {"POLENUMBER": "084570", "SUBTYPE": "SL", "MATERIAL": "AL"}}, {"type": "Feature", "geometry": {"type": "Point", "coordinates": [-88.14695697510591, 41.7728424752582]}, "properties": {"POLENUMBER": "085151", "SUBTYPE": "SL", "MATERIAL": "AL"}}, {"type": "Feature", "geometry": {"type": "Point", "coordinates": [-88.12286373868956, 41.738166518068184]}, "properties": {"POLENUMBER": "162076", "SUBTYPE": "SL", "MATERIAL": "AL"}}, {"type": "Feature", "geometry": {"type": "Point", "coordinates": [-88.1231393770759, 41.7365850443599]}, "properties": {"POLENUMBER": "162075", "SUBTYPE": "SL", "MATERIAL": "AL"}}, {"type": "Feature", "geometry": {"type": "Point", "coordinates": [-88.15307876572257, 41.773015864296234]}, "properties": {"POLENUMBER": "084083", "SUBTYPE": "SL", "MATERIAL": "AL"}}, {"type": "Feature", "geometry": {"type": "Point", "coordinates": [-88.15286207363938, 41.77318502668561]}, "properties": {"POLENUMBER": "084086", "SUBTYPE": "SL", "MATERIAL": "AL"}}, {"type": "Feature", "geometry": {"type": "Point", "coordinates": [-88.15107648782418, 41.77425614159597]}, "properties": {"POLENUMBER": "084493", "SUBTYPE": "SL", "MATERIAL": "AL"}}, {"type": "Feature", "geometry": {"type": "Point", "coordinates": [-88.15108301660302, 41.77454417389074]}, "properties": {"POLENUMBER": "084491", "SUBTYPE": "SL", "MATERIAL": "AL"}}, {"type": "Feature", "geometry": {"type": "Point", "coordinates": [-88.15107864651928, 41.774404099135296]}, "properties": {"POLENUMBER": "084492", "SUBTYPE": "SL", "MATERIAL": "AL"}}, {"type": "Feature", "geometry": {"type": "Point", "coordinates": [-88.1510175391959, 41.77416415691612]}, "properties": {"POLENUMBER": "084494", "SUBTYPE": "SL", "MATERIAL": "AL"}}, {"type": "Feature", "geometry": {"type": "Point", "coordinates": [-88.15088293266442, 41.774163842394664]}, "properties": {"POLENUMBER": "084495", "SUBTYPE": "SL", "MATERIAL": "AL"}}, {"type": "Feature", "geometry": {"type": "Point", "coordinates": [-88.15061636591005, 41.7741538199879]}, "properties": {"POLENUMBER": "084497", "SUBTYPE": "SL", "MATERIAL": "AL"}}, {"type": "Feature", "geometry": {"type": "Point", "coordinates": [-88.15076362506237, 41.77415941935672]}, "properties": {"POLENUMBER": "084496", "SUBTYPE": "SL", "MATERIAL": "AL"}}, {"type": "Feature", "geometry": {"type": "Point", "coordinates": [-88.15049328087352, 41.77415178112819]}, "properties": {"POLENUMBER": "084498", "SUBTYPE": "SL", "MATERIAL": "AL"}}, {"type": "Feature", "geometry": {"type": "Point", "coordinates": [-88.15038154127075, 41.77414902010438]}, "properties": {"POLENUMBER": "084499", "SUBTYPE": "SL", "MATERIAL": "AL"}}, {"type": "Feature", "geometry": {"type": "Point", "coordinates": [-88.12311513308286, 41.740942949131416]}, "properties": {"POLENUMBER": "162067", "SUBTYPE": "SL", "MATERIAL": "AL"}}, {"type": "Feature", "geometry": {"type": "Point", "coordinates": [-88.12304866589591, 41.74052473121433]}, "properties": {"POLENUMBER": "162066", "SUBTYPE": "SL", "MATERIAL": "AL"}}, {"type": "Feature", "geometry": {"type": "Point", "coordinates": [-88.20320687406249, 41.78317287571226]}, "properties": {"POLENUMBER": "064052", "SUBTYPE": "SL", "MATERIAL": "AL"}}, {"type": "Feature", "geometry": {"type": "Point", "coordinates": [-88.20366004197183, 41.78296889858006]}, "properties": {"POLENUMBER": "064053", "SUBTYPE": "SL", "MATERIAL": "AL"}}, {"type": "Feature", "geometry": {"type": "Point", "coordinates": [-88.2036324362759, 41.78256150451269]}, "properties": {"POLENUMBER": "064054", "SUBTYPE": "SL", "MATERIAL": "AL"}}, {"type": "Feature", "geometry": {"type": "Point", "coordinates": [-88.20307891660113, 41.782459747719585]}, "properties": {"POLENUMBER": "064055", "SUBTYPE": "SL", "MATERIAL": "AL"}}, {"type": "Feature", "geometry": {"type": "Point", "coordinates": [-88.20254976338757, 41.78241571756142]}, "properties": {"POLENUMBER": "064056", "SUBTYPE": "SL", "MATERIAL": "AL"}}, {"type": "Feature", "geometry": {"type": "Point", "coordinates": [-88.20195096240359, 41.78240826992099]}, "properties": {"POLENUMBER": "064057", "SUBTYPE": "SL", "MATERIAL": "AL"}}, {"type": "Feature", "geometry": {"type": "Point", "coordinates": [-88.2015660870587, 41.78269985916602]}, "properties": {"POLENUMBER": "064058", "SUBTYPE": "SL", "MATERIAL": "AL"}}, {"type": "Feature", "geometry": {"type": "Point", "coordinates": [-88.20199930130211, 41.78299818716169]}, "properties": {"POLENUMBER": "064059", "SUBTYPE": "SL", "MATERIAL": "AL"}}, {"type": "Feature", "geometry": {"type": "Point", "coordinates": [-88.20251662297524, 41.78299201295037]}, "properties": {"POLENUMBER": "064060", "SUBTYPE": "SL", "MATERIAL": "AL"}}, {"type": "Feature", "geometry": {"type": "Point", "coordinates": [-88.0947254125696, 41.74891258721901]}, "properties": {"POLENUMBER": "150092", "SUBTYPE": "SL", "MATERIAL": "AL"}}, {"type": "Feature", "geometry": {"type": "Point", "coordinates": [-88.09468803514, 41.74766050146683]}, "properties": {"POLENUMBER": "150087", "SUBTYPE": "SL", "MATERIAL": "AL"}}, {"type": "Feature", "geometry": {"type": "Point", "coordinates": [-88.09536242661788, 41.746779502714254]}, "properties": {"POLENUMBER": "150089", "SUBTYPE": "SL", "MATERIAL": "AL"}}, {"type": "Feature", "geometry": {"type": "Point", "coordinates": [-88.13366947029886, 41.72124838872295]}, "properties": {"POLENUMBER": "191080", "SUBTYPE": "SL", "MATERIAL": "AL"}}, {"type": "Feature", "geometry": {"type": "Point", "coordinates": [-88.1341576548703, 41.72094398090046]}, "properties": {"POLENUMBER": "191078", "SUBTYPE": "SL", "MATERIAL": "AL"}}, {"type": "Feature", "geometry": {"type": "Point", "coordinates": [-88.13445204066406, 41.72096477975734]}, "properties": {"POLENUMBER": "191052", "SUBTYPE": "SL", "MATERIAL": "AL"}}, {"type": "Feature", "geometry": {"type": "Point", "coordinates": [-88.13530629536724, 41.72113042351114]}, "properties": {"POLENUMBER": "191077", "SUBTYPE": "SL", "MATERIAL": "AL"}}, {"type": "Feature", "geometry": {"type": "Point", "coordinates": [-88.13622103893144, 41.721238773156436]}, "properties": {"POLENUMBER": "191075", "SUBTYPE": "SL", "MATERIAL": "AL"}}, {"type": "Feature", "geometry": {"type": "Point", "coordinates": [-88.13639882240402, 41.72099848139317]}, "properties": {"POLENUMBER": "191081", "SUBTYPE": "SL", "MATERIAL": "AL"}}, {"type": "Feature", "geometry": {"type": "Point", "coordinates": [-88.13650809245958, 41.7215237548932]}, "properties": {"POLENUMBER": "190106", "SUBTYPE": "SL", "MATERIAL": "AL"}}, {"type": "Feature", "geometry": {"type": "Point", "coordinates": [-88.13738170248925, 41.721871061942196]}, "properties": {"POLENUMBER": "190105", "SUBTYPE": "SL", "MATERIAL": "AL"}}, {"type": "Feature", "geometry": {"type": "Point", "coordinates": [-88.13796448188353, 41.72216259980838]}, "properties": {"POLENUMBER": "190064", "SUBTYPE": "SL", "MATERIAL": "AL"}}, {"type": "Feature", "geometry": {"type": "Point", "coordinates": [-88.13828231731755, 41.72222856256973]}, "properties": {"POLENUMBER": "190099", "SUBTYPE": "SL", "MATERIAL": "AL"}}, {"type": "Feature", "geometry": {"type": "Point", "coordinates": [-88.13874834514742, 41.72241468073543]}, "properties": {"POLENUMBER": "190100", "SUBTYPE": "SL", "MATERIAL": "AL"}}, {"type": "Feature", "geometry": {"type": "Point", "coordinates": [-88.13966053075659, 41.72277893481349]}, "properties": {"POLENUMBER": "190107", "SUBTYPE": "SL", "MATERIAL": "AL"}}, {"type": "Feature", "geometry": {"type": "Point", "coordinates": [-88.1402055754918, 41.72299833459948]}, "properties": {"POLENUMBER": "190108", "SUBTYPE": "SL", "MATERIAL": "AL"}}, {"type": "Feature", "geometry": {"type": "Point", "coordinates": [-88.17914320304004, 41.780089788926794]}, "properties": {"POLENUMBER": "066107", "SUBTYPE": "SL", "MATERIAL": "AL"}}, {"type": "Feature", "geometry": {"type": "Point", "coordinates": [-88.17848012295377, 41.77943418443003]}, "properties": {"POLENUMBER": "066108", "SUBTYPE": "SL", "MATERIAL": "AL"}}, {"type": "Feature", "geometry": {"type": "Point", "coordinates": [-88.12084500598536, 41.74145131219738]}, "properties": {"POLENUMBER": "147041", "SUBTYPE": "SL", "MATERIAL": "AL"}}, {"type": "Feature", "geometry": {"type": "Point", "coordinates": [-88.11977801288408, 41.743300228599146]}, "properties": {"POLENUMBER": "147040", "SUBTYPE": "SL", "MATERIAL": "AL"}}, {"type": "Feature", "geometry": {"type": "Point", "coordinates": [-88.2070933206948, 41.79871077079398]}, "properties": {"POLENUMBER": "018053", "SUBTYPE": "SL", "MATERIAL": "AL"}}, {"type": "Feature", "geometry": {"type": "Point", "coordinates": [-88.20674165742781, 41.798752270386984]}, "properties": {"POLENUMBER": "018052", "SUBTYPE": "SL", "MATERIAL": "AL"}}, {"type": "Feature", "geometry": {"type": "Point", "coordinates": [-88.206565905904, 41.798660545041784]}, "properties": {"POLENUMBER": "018051", "SUBTYPE": "SL", "MATERIAL": "AL"}}, {"type": "Feature", "geometry": {"type": "Point", "coordinates": [-88.20619182781383, 41.798595970161124]}, "properties": {"POLENUMBER": "018050", "SUBTYPE": "SL", "MATERIAL": "AL"}}, {"type": "Feature", "geometry": {"type": "Point", "coordinates": [-88.1865222857336, 41.69553126965941]}, "properties": {"POLENUMBER": "230016", "SUBTYPE": "SL", "MATERIAL": "AL"}}, {"type": "Feature", "geometry": {"type": "Point", "coordinates": [-88.18718206458574, 41.69537456810135]}, "properties": {"POLENUMBER": "245061", "SUBTYPE": "SL", "MATERIAL": "AL"}}, {"type": "Feature", "geometry": {"type": "Point", "coordinates": [-88.18802809767766, 41.69551405577807]}, "properties": {"POLENUMBER": "230015", "SUBTYPE": "SL", "MATERIAL": "AL"}}, {"type": "Feature", "geometry": {"type": "Point", "coordinates": [-88.18846197592788, 41.695510777827245]}, "properties": {"POLENUMBER": "230014", "SUBTYPE": "SL", "MATERIAL": "AL"}}, {"type": "Feature", "geometry": {"type": "Point", "coordinates": [-88.1890314710808, 41.69548280199936]}, "properties": {"POLENUMBER": "230013", "SUBTYPE": "SL", "MATERIAL": "AL"}}, {"type": "Feature", "geometry": {"type": "Point", "coordinates": [-88.18950842297248, 41.69548339987333]}, "properties": {"POLENUMBER": "230012", "SUBTYPE": "SL", "MATERIAL": "AL"}}, {"type": "Feature", "geometry": {"type": "Point", "coordinates": [-88.19013714465389, 41.69546990319759]}, "properties": {"POLENUMBER": "230011", "SUBTYPE": "SL", "MATERIAL": "AL"}}, {"type": "Feature", "geometry": {"type": "Point", "coordinates": [-88.19067486411403, 41.69546041748288]}, "properties": {"POLENUMBER": "230010", "SUBTYPE": "SL", "MATERIAL": "AL"}}, {"type": "Feature", "geometry": {"type": "Point", "coordinates": [-88.19122504330008, 41.695321082440856]}, "properties": {"POLENUMBER": "245060", "SUBTYPE": "SL", "MATERIAL": "AL"}}, {"type": "Feature", "geometry": {"type": "Point", "coordinates": [-88.16989921300882, 41.771549435010655]}, "properties": {"POLENUMBER": "082114", "SUBTYPE": "SL", "MATERIAL": "AL"}}, {"type": "Feature", "geometry": {"type": "Point", "coordinates": [-88.16993838973075, 41.77108153794963]}, "properties": {"POLENUMBER": "082115", "SUBTYPE": "SL", "MATERIAL": "AL"}}, {"type": "Feature", "geometry": {"type": "Point", "coordinates": [-88.1698845063231, 41.770541116462695]}, "properties": {"POLENUMBER": "082116", "SUBTYPE": "SL", "MATERIAL": "AL"}}, {"type": "Feature", "geometry": {"type": "Point", "coordinates": [-88.16979920531678, 41.77013250320401]}, "properties": {"POLENUMBER": "082117", "SUBTYPE": "SL", "MATERIAL": "AL"}}, {"type": "Feature", "geometry": {"type": "Point", "coordinates": [-88.16922276099989, 41.77001533883377]}, "properties": {"POLENUMBER": "082118", "SUBTYPE": "SL", "MATERIAL": "AL"}}, {"type": "Feature", "geometry": {"type": "Point", "coordinates": [-88.168431954414, 41.76999610830708]}, "properties": {"POLENUMBER": "082119", "SUBTYPE": "SL", "MATERIAL": "AL"}}, {"type": "Feature", "geometry": {"type": "Point", "coordinates": [-88.16774496104695, 41.7698942910861]}, "properties": {"POLENUMBER": "082120", "SUBTYPE": "SL", "MATERIAL": "AL"}}, {"type": "Feature", "geometry": {"type": "Point", "coordinates": [-88.16707833654836, 41.76993210799614]}, "properties": {"POLENUMBER": "082121", "SUBTYPE": "SL", "MATERIAL": "AL"}}, {"type": "Feature", "geometry": {"type": "Point", "coordinates": [-88.16658225341827, 41.76945826626928]}, "properties": {"POLENUMBER": "098074", "SUBTYPE": "SL", "MATERIAL": "AL"}}, {"type": "Feature", "geometry": {"type": "Point", "coordinates": [-88.1662839812292, 41.769949054914996]}, "properties": {"POLENUMBER": "083123", "SUBTYPE": "SL", "MATERIAL": "AL"}}, {"type": "Feature", "geometry": {"type": "Point", "coordinates": [-88.19186285596332, 41.69531241268236]}, "properties": {"POLENUMBER": "245059", "SUBTYPE": "SL", "MATERIAL": "AL"}}, {"type": "Feature", "geometry": {"type": "Point", "coordinates": [-88.19248176532561, 41.69544882631587]}, "properties": {"POLENUMBER": "230009", "SUBTYPE": "SL", "MATERIAL": "AL"}}, {"type": "Feature", "geometry": {"type": "Point", "coordinates": [-88.19310826951956, 41.69529656443137]}, "properties": {"POLENUMBER": "245058", "SUBTYPE": "SL", "MATERIAL": "AL"}}, {"type": "Feature", "geometry": {"type": "Point", "coordinates": [-88.1937128822715, 41.69542294540501]}, "properties": {"POLENUMBER": "230008", "SUBTYPE": "SL", "MATERIAL": "AL"}}, {"type": "Feature", "geometry": {"type": "Point", "coordinates": [-88.19452706677578, 41.69527515431657]}, "properties": {"POLENUMBER": "245057", "SUBTYPE": "SL", "MATERIAL": "AL"}}, {"type": "Feature", "geometry": {"type": "Point", "coordinates": [-88.19496660888574, 41.69541404612648]}, "properties": {"POLENUMBER": "230007", "SUBTYPE": "SL", "MATERIAL": "AL"}}, {"type": "Feature", "geometry": {"type": "Point", "coordinates": [-88.19557627483941, 41.69526824402757]}, "properties": {"POLENUMBER": "245056", "SUBTYPE": "SL", "MATERIAL": "AL"}}, {"type": "Feature", "geometry": {"type": "Point", "coordinates": [-88.1339198864151, 41.74075420412821]}, "properties": {"POLENUMBER": "161124", "SUBTYPE": "SL", "MATERIAL": "AL"}}, {"type": "Feature", "geometry": {"type": "Point", "coordinates": [-88.13399561544273, 41.740440677512574]}, "properties": {"POLENUMBER": "161123", "SUBTYPE": "SL", "MATERIAL": "AL"}}, {"type": "Feature", "geometry": {"type": "Point", "coordinates": [-88.13408219285458, 41.74017504497651]}, "properties": {"POLENUMBER": "161122", "SUBTYPE": "SL", "MATERIAL": "AL"}}, {"type": "Feature", "geometry": {"type": "Point", "coordinates": [-88.13419827630467, 41.73985132755521]}, "properties": {"POLENUMBER": "161121", "SUBTYPE": "SL", "MATERIAL": "AL"}}, {"type": "Feature", "geometry": {"type": "Point", "coordinates": [-88.13431544396441, 41.739611366034175]}, "properties": {"POLENUMBER": "161120", "SUBTYPE": "SL", "MATERIAL": "AL"}}, {"type": "Feature", "geometry": {"type": "Point", "coordinates": [-88.1344600505363, 41.739311381030966]}, "properties": {"POLENUMBER": "161119", "SUBTYPE": "SL", "MATERIAL": "AL"}}, {"type": "Feature", "geometry": {"type": "Point", "coordinates": [-88.13460164753786, 41.73909305593351]}, "properties": {"POLENUMBER": "161118", "SUBTYPE": "SL", "MATERIAL": "AL"}}, {"type": "Feature", "geometry": {"type": "Point", "coordinates": [-88.13216162523996, 41.740949112459624]}, "properties": {"POLENUMBER": "161131", "SUBTYPE": "SL", "MATERIAL": "AL"}}, {"type": "Feature", "geometry": {"type": "Point", "coordinates": [-88.13367592216643, 41.74110567805414]}, "properties": {"POLENUMBER": "146069", "SUBTYPE": "SL", "MATERIAL": "AL"}}, {"type": "Feature", "geometry": {"type": "Point", "coordinates": [-88.1339111982676, 41.7410468468383]}, "properties": {"POLENUMBER": "146066", "SUBTYPE": "SL", "MATERIAL": "AL"}}, {"type": "Feature", "geometry": {"type": "Point", "coordinates": [-88.13411747473639, 41.741106902726884]}, "properties": {"POLENUMBER": "146065", "SUBTYPE": "SL", "MATERIAL": "AL"}}, {"type": "Feature", "geometry": {"type": "Point", "coordinates": [-88.14190378837598, 41.80433585838098]}, "properties": {"POLENUMBER": "025086", "SUBTYPE": "SL", "MATERIAL": "AL"}}, {"type": "Feature", "geometry": {"type": "Point", "coordinates": [-88.14249290898762, 41.802640622743034]}, "properties": {"POLENUMBER": "025031", "SUBTYPE": "SL", "MATERIAL": "AL"}}, {"type": "Feature", "geometry": {"type": "Point", "coordinates": [-88.14167743566796, 41.80253603533352]}, "properties": {"POLENUMBER": "025054", "SUBTYPE": "SL", "MATERIAL": "AL"}}, {"type": "Feature", "geometry": {"type": "Point", "coordinates": [-88.13862894064059, 41.80317483163554]}, "properties": {"POLENUMBER": "026028", "SUBTYPE": "SL", "MATERIAL": "AL"}}, {"type": "Feature", "geometry": {"type": "Point", "coordinates": [-88.13155142220181, 41.80317641068599]}, "properties": {"POLENUMBER": "026056", "SUBTYPE": "SL", "MATERIAL": "AL"}}, {"type": "Feature", "geometry": {"type": "Point", "coordinates": [-88.13466182652542, 41.780653681634526]}, "properties": {"POLENUMBER": "071100", "SUBTYPE": "SL", "MATERIAL": "AL"}}, {"type": "Feature", "geometry": {"type": "Point", "coordinates": [-88.12044086675569, 41.7698463466822]}, "properties": {"POLENUMBER": "102009", "SUBTYPE": "SL", "MATERIAL": "AL"}}, {"type": "Feature", "geometry": {"type": "Point", "coordinates": [-88.12056590706787, 41.76893356900383]}, "properties": {"POLENUMBER": "102014", "SUBTYPE": "SL", "MATERIAL": "AL"}}, {"type": "Feature", "geometry": {"type": "Point", "coordinates": [-88.14667375408536, 41.793954998637034]}, "properties": {"POLENUMBER": "040064", "SUBTYPE": "SL", "MATERIAL": "AL"}}, {"type": "Feature", "geometry": {"type": "Point", "coordinates": [-88.14625876557815, 41.79391182298198]}, "properties": {"POLENUMBER": "040055", "SUBTYPE": "SL", "MATERIAL": "AL"}}, {"type": "Feature", "geometry": {"type": "Point", "coordinates": [-88.12332760612055, 41.80429098374496]}, "properties": {"POLENUMBER": "027140", "SUBTYPE": "SL", "MATERIAL": "AL"}}, {"type": "Feature", "geometry": {"type": "Point", "coordinates": [-88.12298953727536, 41.803834180255606]}, "properties": {"POLENUMBER": "027141", "SUBTYPE": "SL", "MATERIAL": "AL"}}, {"type": "Feature", "geometry": {"type": "Point", "coordinates": [-88.12298107008849, 41.8033391481468]}, "properties": {"POLENUMBER": "027142", "SUBTYPE": "SL", "MATERIAL": "AL"}}, {"type": "Feature", "geometry": {"type": "Point", "coordinates": [-88.12013632566041, 41.80280888101731]}, "properties": {"POLENUMBER": "028028", "SUBTYPE": "SL", "MATERIAL": "AL"}}, {"type": "Feature", "geometry": {"type": "Point", "coordinates": [-88.12028545447527, 41.802718764304814]}, "properties": {"POLENUMBER": "028030", "SUBTYPE": "SL", "MATERIAL": "AL"}}, {"type": "Feature", "geometry": {"type": "Point", "coordinates": [-88.12135631055803, 41.80271548627573]}, "properties": {"POLENUMBER": "027044", "SUBTYPE": "SL", "MATERIAL": "AL"}}, {"type": "Feature", "geometry": {"type": "Point", "coordinates": [-88.12058627775413, 41.80271488393287]}, "properties": {"POLENUMBER": "027045", "SUBTYPE": "SL", "MATERIAL": "AL"}}, {"type": "Feature", "geometry": {"type": "Point", "coordinates": [-88.11911520546585, 41.80268034138706]}, "properties": {"POLENUMBER": "028031", "SUBTYPE": "SL", "MATERIAL": "AL"}}, {"type": "Feature", "geometry": {"type": "Point", "coordinates": [-88.12227456507956, 41.80264003690943]}, "properties": {"POLENUMBER": "027046", "SUBTYPE": "SL", "MATERIAL": "AL"}}, {"type": "Feature", "geometry": {"type": "Point", "coordinates": [-88.11968670860438, 41.802549867669974]}, "properties": {"POLENUMBER": "028032", "SUBTYPE": "SL", "MATERIAL": "AL"}}, {"type": "Feature", "geometry": {"type": "Point", "coordinates": [-88.12040181557781, 41.80247527707229]}, "properties": {"POLENUMBER": "028067", "SUBTYPE": "SL", "MATERIAL": "AL"}}, {"type": "Feature", "geometry": {"type": "Point", "coordinates": [-88.1209524794842, 41.80247113737068]}, "properties": {"POLENUMBER": "027064", "SUBTYPE": "SL", "MATERIAL": "AL"}}, {"type": "Feature", "geometry": {"type": "Point", "coordinates": [-88.1217285209506, 41.80249811354973]}, "properties": {"POLENUMBER": "027048", "SUBTYPE": "SL", "MATERIAL": "AL"}}, {"type": "Feature", "geometry": {"type": "Point", "coordinates": [-88.1299463124934, 41.80250381536881]}, "properties": {"POLENUMBER": "027049", "SUBTYPE": "SL", "MATERIAL": "AL"}}, {"type": "Feature", "geometry": {"type": "Point", "coordinates": [-88.12257873026469, 41.80231643623409]}, "properties": {"POLENUMBER": "027050", "SUBTYPE": "SL", "MATERIAL": "AL"}}, {"type": "Feature", "geometry": {"type": "Point", "coordinates": [-88.12313775026688, 41.802289267490885]}, "properties": {"POLENUMBER": "027051", "SUBTYPE": "SL", "MATERIAL": "AL"}}, {"type": "Feature", "geometry": {"type": "Point", "coordinates": [-88.120068567741, 41.802086211435295]}, "properties": {"POLENUMBER": "028036", "SUBTYPE": "SL", "MATERIAL": "AL"}}, {"type": "Feature", "geometry": {"type": "Point", "coordinates": [-88.1297219530941, 41.802096964151]}, "properties": {"POLENUMBER": "027052", "SUBTYPE": "SL", "MATERIAL": "AL"}}, {"type": "Feature", "geometry": {"type": "Point", "coordinates": [-88.12915126025534, 41.80203368777242]}, "properties": {"POLENUMBER": "027053", "SUBTYPE": "SL", "MATERIAL": "AL"}}, {"type": "Feature", "geometry": {"type": "Point", "coordinates": [-88.12416856662462, 41.80144416817891]}, "properties": {"POLENUMBER": "027070", "SUBTYPE": "SL", "MATERIAL": "AL"}}, {"type": "Feature", "geometry": {"type": "Point", "coordinates": [-88.12393412539716, 41.80183936716869]}, "properties": {"POLENUMBER": "027055", "SUBTYPE": "SL", "MATERIAL": "AL"}}, {"type": "Feature", "geometry": {"type": "Point", "coordinates": [-88.12891182079589, 41.80162301402295]}, "properties": {"POLENUMBER": "027057", "SUBTYPE": "SL", "MATERIAL": "AL"}}, {"type": "Feature", "geometry": {"type": "Point", "coordinates": [-88.12833371761174, 41.80155127141902]}, "properties": {"POLENUMBER": "027058", "SUBTYPE": "SL", "MATERIAL": "AL"}}, {"type": "Feature", "geometry": {"type": "Point", "coordinates": [-88.12463290355032, 41.80143973657176]}, "properties": {"POLENUMBER": "027059", "SUBTYPE": "SL", "MATERIAL": "AL"}}, {"type": "Feature", "geometry": {"type": "Point", "coordinates": [-88.12006477507929, 41.80132011279902]}, "properties": {"POLENUMBER": "028038", "SUBTYPE": "SL", "MATERIAL": "AL"}}, {"type": "Feature", "geometry": {"type": "Point", "coordinates": [-88.1281083808438, 41.801147993273524]}, "properties": {"POLENUMBER": "027060", "SUBTYPE": "SL", "MATERIAL": "AL"}}, {"type": "Feature", "geometry": {"type": "Point", "coordinates": [-88.12760283102772, 41.801125865746265]}, "properties": {"POLENUMBER": "027061", "SUBTYPE": "SL", "MATERIAL": "AL"}}, {"type": "Feature", "geometry": {"type": "Point", "coordinates": [-88.12574061002896, 41.80065963088937]}, "properties": {"POLENUMBER": "027138", "SUBTYPE": "SL", "MATERIAL": "AL"}}, {"type": "Feature", "geometry": {"type": "Point", "coordinates": [-88.12569848270365, 41.80096366924599]}, "properties": {"POLENUMBER": "027063", "SUBTYPE": "SL", "MATERIAL": "AL"}}, {"type": "Feature", "geometry": {"type": "Point", "coordinates": [-88.11978253402057, 41.80095015023134]}, "properties": {"POLENUMBER": "028039", "SUBTYPE": "SL", "MATERIAL": "AL"}}, {"type": "Feature", "geometry": {"type": "Point", "coordinates": [-88.12740909005632, 41.80078377540396]}, "properties": {"POLENUMBER": "027065", "SUBTYPE": "SL", "MATERIAL": "AL"}}, {"type": "Feature", "geometry": {"type": "Point", "coordinates": [-88.12533506422469, 41.80077320159556]}, "properties": {"POLENUMBER": "027066", "SUBTYPE": "SL", "MATERIAL": "AL"}}, {"type": "Feature", "geometry": {"type": "Point", "coordinates": [-88.12680392430993, 41.80064176202944]}, "properties": {"POLENUMBER": "027067", "SUBTYPE": "SL", "MATERIAL": "AL"}}, {"type": "Feature", "geometry": {"type": "Point", "coordinates": [-88.12006247096312, 41.80056597450072]}, "properties": {"POLENUMBER": "028040", "SUBTYPE": "SL", "MATERIAL": "AL"}}, {"type": "Feature", "geometry": {"type": "Point", "coordinates": [-88.11977840473399, 41.80019441665139]}, "properties": {"POLENUMBER": "028041", "SUBTYPE": "SL", "MATERIAL": "AL"}}, {"type": "Feature", "geometry": {"type": "Point", "coordinates": [-88.12006178696507, 41.799821114617664]}, "properties": {"POLENUMBER": "028042", "SUBTYPE": "SL", "MATERIAL": "AL"}}, {"type": "Feature", "geometry": {"type": "Point", "coordinates": [-88.1197793005225, 41.80245022959241]}, "properties": {"POLENUMBER": "028034", "SUBTYPE": "SL", "MATERIAL": "AL"}}, {"type": "Feature", "geometry": {"type": "Point", "coordinates": [-88.12696697833786, 41.80096014492899]}, "properties": {"POLENUMBER": "027069", "SUBTYPE": "SL", "MATERIAL": "AL"}}, {"type": "Feature", "geometry": {"type": "Point", "coordinates": [-88.12482333194788, 41.80107447604013]}, "properties": {"POLENUMBER": "027062", "SUBTYPE": "SL", "MATERIAL": "AL"}}, {"type": "Feature", "geometry": {"type": "Point", "coordinates": [-88.12299186781965, 41.80278604838017]}, "properties": {"POLENUMBER": "027071", "SUBTYPE": "SL", "MATERIAL": "AL"}}, {"type": "Feature", "geometry": {"type": "Point", "coordinates": [-88.12016437959596, 41.80079356208637]}, "properties": {"POLENUMBER": "028044", "SUBTYPE": "SL", "MATERIAL": "AL"}}, {"type": "Feature", "geometry": {"type": "Point", "coordinates": [-88.12305113475412, 41.80241240419564]}, "properties": {"POLENUMBER": "027076", "SUBTYPE": "SL", "MATERIAL": "AL"}}, {"type": "Feature", "geometry": {"type": "Point", "coordinates": [-88.12246215845167, 41.80085594627944]}, "properties": {"POLENUMBER": "027075", "SUBTYPE": "SL", "MATERIAL": "AL"}}, {"type": "Feature", "geometry": {"type": "Point", "coordinates": [-88.12126493124813, 41.80075976377784]}, "properties": {"POLENUMBER": "027073", "SUBTYPE": "SL", "MATERIAL": "AL"}}, {"type": "Feature", "geometry": {"type": "Point", "coordinates": [-88.1206938276577, 41.800778439474655]}, "properties": {"POLENUMBER": "027072", "SUBTYPE": "SL", "MATERIAL": "AL"}}, {"type": "Feature", "geometry": {"type": "Point", "coordinates": [-88.13255055540768, 41.80499363121954]}, "properties": {"POLENUMBER": "026001", "SUBTYPE": "SL", "MATERIAL": "CON"}}, {"type": "Feature", "geometry": {"type": "Point", "coordinates": [-88.1330378809193, 41.80496410291909]}, "properties": {"POLENUMBER": "026002", "SUBTYPE": "SL", "MATERIAL": "AL"}}, {"type": "Feature", "geometry": {"type": "Point", "coordinates": [-88.13363169210069, 41.8049197181158]}, "properties": {"POLENUMBER": "026003", "SUBTYPE": "SL", "MATERIAL": "CON"}}, {"type": "Feature", "geometry": {"type": "Point", "coordinates": [-88.13423290373892, 41.80487822511818]}, "properties": {"POLENUMBER": "026004", "SUBTYPE": "SL", "MATERIAL": "CON"}}, {"type": "Feature", "geometry": {"type": "Point", "coordinates": [-88.13492671596269, 41.804828134751176]}, "properties": {"POLENUMBER": "026005", "SUBTYPE": "SL", "MATERIAL": "CON"}}, {"type": "Feature", "geometry": {"type": "Point", "coordinates": [-88.13546368489295, 41.80479182025052]}, "properties": {"POLENUMBER": "026006", "SUBTYPE": "SL", "MATERIAL": "CON"}}, {"type": "Feature", "geometry": {"type": "Point", "coordinates": [-88.13205113035654, 41.80461157400682]}, "properties": {"POLENUMBER": "026008", "SUBTYPE": "SL", "MATERIAL": "CON"}}, {"type": "Feature", "geometry": {"type": "Point", "coordinates": [-88.13201987571739, 41.80427333893924]}, "properties": {"POLENUMBER": "026010", "SUBTYPE": "SL", "MATERIAL": "AL"}}, {"type": "Feature", "geometry": {"type": "Point", "coordinates": [-88.14388566379756, 41.80421195909161]}, "properties": {"POLENUMBER": "025007", "SUBTYPE": "SL", "MATERIAL": "AL"}}, {"type": "Feature", "geometry": {"type": "Point", "coordinates": [-88.14335431621673, 41.80421058820705]}, "properties": {"POLENUMBER": "025008", "SUBTYPE": "SL", "MATERIAL": "AL"}}, {"type": "Feature", "geometry": {"type": "Point", "coordinates": [-88.14437197253633, 41.804187649926796]}, "properties": {"POLENUMBER": "025010", "SUBTYPE": "SL", "MATERIAL": "AL"}}, {"type": "Feature", "geometry": {"type": "Point", "coordinates": [-88.13600255683005, 41.8040876542804]}, "properties": {"POLENUMBER": "026011", "SUBTYPE": "SL", "MATERIAL": "CON"}}, {"type": "Feature", "geometry": {"type": "Point", "coordinates": [-88.14482633228045, 41.804026647755826]}, "properties": {"POLENUMBER": "025011", "SUBTYPE": "SL", "MATERIAL": "AL"}}, {"type": "Feature", "geometry": {"type": "Point", "coordinates": [-88.13231212794565, 41.80383797331301]}, "properties": {"POLENUMBER": "026013", "SUBTYPE": "SL", "MATERIAL": "CON"}}, {"type": "Feature", "geometry": {"type": "Point", "coordinates": [-88.14526723251835, 41.80383902873549]}, "properties": {"POLENUMBER": "025013", "SUBTYPE": "SL", "MATERIAL": "AL"}}, {"type": "Feature", "geometry": {"type": "Point", "coordinates": [-88.14573293486012, 41.803685889967845]}, "properties": {"POLENUMBER": "025015", "SUBTYPE": "SL", "MATERIAL": "AL"}}, {"type": "Feature", "geometry": {"type": "Point", "coordinates": [-88.14669270112074, 41.80367694250177]}, "properties": {"POLENUMBER": "025016", "SUBTYPE": "SL", "MATERIAL": "AL"}}, {"type": "Feature", "geometry": {"type": "Point", "coordinates": [-88.14623016682239, 41.803675064647955]}, "properties": {"POLENUMBER": "025017", "SUBTYPE": "SL", "MATERIAL": "AL"}}, {"type": "Feature", "geometry": {"type": "Point", "coordinates": [-88.13271640799582, 41.803608186265045]}, "properties": {"POLENUMBER": "026014", "SUBTYPE": "SL", "MATERIAL": "AL"}}, {"type": "Feature", "geometry": {"type": "Point", "coordinates": [-88.1343487007565, 41.8034898188521]}, "properties": {"POLENUMBER": "026015", "SUBTYPE": "SL", "MATERIAL": "AL"}}, {"type": "Feature", "geometry": {"type": "Point", "coordinates": [-88.13173369840736, 41.803476980735304]}, "properties": {"POLENUMBER": "026016", "SUBTYPE": "SL", "MATERIAL": "AL"}}, {"type": "Feature", "geometry": {"type": "Point", "coordinates": [-88.13520847095542, 41.80342529503275]}, "properties": {"POLENUMBER": "026017", "SUBTYPE": "SL", "MATERIAL": "AL"}}, {"type": "Feature", "geometry": {"type": "Point", "coordinates": [-88.13230963065268, 41.80338151019381]}, "properties": {"POLENUMBER": "026018", "SUBTYPE": "SL", "MATERIAL": "AL"}}, {"type": "Feature", "geometry": {"type": "Point", "coordinates": [-88.1331042637695, 41.803384472693814]}, "properties": {"POLENUMBER": "026019", "SUBTYPE": "SL", "MATERIAL": "AL"}}, {"type": "Feature", "geometry": {"type": "Point", "coordinates": [-88.13606317444987, 41.803363584105355]}, "properties": {"POLENUMBER": "026020", "SUBTYPE": "SL", "MATERIAL": "AL"}}, {"type": "Feature", "geometry": {"type": "Point", "coordinates": [-88.13395766875955, 41.8033162862789]}, "properties": {"POLENUMBER": "026021", "SUBTYPE": "SL", "MATERIAL": "AL"}}, {"type": "Feature", "geometry": {"type": "Point", "coordinates": [-88.13690749859643, 41.803303146488474]}, "properties": {"POLENUMBER": "026022", "SUBTYPE": "SL", "MATERIAL": "AL"}}, {"type": "Feature", "geometry": {"type": "Point", "coordinates": [-88.13481267885635, 41.803249113702414]}, "properties": {"POLENUMBER": "026023", "SUBTYPE": "SL", "MATERIAL": "AL"}}, {"type": "Feature", "geometry": {"type": "Point", "coordinates": [-88.1377801315903, 41.80323916652668]}, "properties": {"POLENUMBER": "026024", "SUBTYPE": "SL", "MATERIAL": "AL"}}, {"type": "Feature", "geometry": {"type": "Point", "coordinates": [-88.13558877810875, 41.80318673022341]}, "properties": {"POLENUMBER": "026025", "SUBTYPE": "SL", "MATERIAL": "AL"}}, {"type": "Feature", "geometry": {"type": "Point", "coordinates": [-88.13103322646984, 41.80314470702291]}, "properties": {"POLENUMBER": "026026", "SUBTYPE": "SL", "MATERIAL": "AL"}}, {"type": "Feature", "geometry": {"type": "Point", "coordinates": [-88.1365336530767, 41.80312552931512]}, "properties": {"POLENUMBER": "026027", "SUBTYPE": "SL", "MATERIAL": "AL"}}, {"type": "Feature", "geometry": {"type": "Point", "coordinates": [-88.13949513910136, 41.80311303541857]}, "properties": {"POLENUMBER": "026055", "SUBTYPE": "SL", "MATERIAL": "AL"}}, {"type": "Feature", "geometry": {"type": "Point", "coordinates": [-88.13737525447075, 41.80306301636663]}, "properties": {"POLENUMBER": "026029", "SUBTYPE": "SL", "MATERIAL": "AL"}}, {"type": "Feature", "geometry": {"type": "Point", "coordinates": [-88.140327233104, 41.80304670599106]}, "properties": {"POLENUMBER": "025083", "SUBTYPE": "SL", "MATERIAL": "AL"}}, {"type": "Feature", "geometry": {"type": "Point", "coordinates": [-88.14122471103236, 41.80301383010774]}, "properties": {"POLENUMBER": "025022", "SUBTYPE": "SL", "MATERIAL": "AL"}}, {"type": "Feature", "geometry": {"type": "Point", "coordinates": [-88.13064095406757, 41.80291695933525]}, "properties": {"POLENUMBER": "026012", "SUBTYPE": "SL", "MATERIAL": "AL"}}, {"type": "Feature", "geometry": {"type": "Point", "coordinates": [-88.15686451858852, 41.80547539732731]}, "properties": {"POLENUMBER": "023004", "SUBTYPE": "SL", "MATERIAL": "AL"}}, {"type": "Feature", "geometry": {"type": "Point", "coordinates": [-88.15714611515334, 41.80551124788509]}, "properties": {"POLENUMBER": "023003", "SUBTYPE": "SL", "MATERIAL": "AL"}}, {"type": "Feature", "geometry": {"type": "Point", "coordinates": [-88.15708596117004, 41.805056479632675]}, "properties": {"POLENUMBER": "023005", "SUBTYPE": "SL", "MATERIAL": "AL"}}, {"type": "Feature", "geometry": {"type": "Point", "coordinates": [-88.15664497682525, 41.80472357776605]}, "properties": {"POLENUMBER": "023002", "SUBTYPE": "SL", "MATERIAL": "AL"}}, {"type": "Feature", "geometry": {"type": "Point", "coordinates": [-88.15692026538407, 41.80462265370636]}, "properties": {"POLENUMBER": "023008", "SUBTYPE": "SL", "MATERIAL": "AL"}}, {"type": "Feature", "geometry": {"type": "Point", "coordinates": [-88.1564114223724, 41.80437249595504]}, "properties": {"POLENUMBER": "024001", "SUBTYPE": "SL", "MATERIAL": "AL"}}, {"type": "Feature", "geometry": {"type": "Point", "coordinates": [-88.15664527100262, 41.80425603154223]}, "properties": {"POLENUMBER": "023022", "SUBTYPE": "SL", "MATERIAL": "AL"}}, {"type": "Feature", "geometry": {"type": "Point", "coordinates": [-88.15609391197633, 41.80404960675218]}, "properties": {"POLENUMBER": "024002", "SUBTYPE": "SL", "MATERIAL": "AL"}}, {"type": "Feature", "geometry": {"type": "Point", "coordinates": [-88.15630976673717, 41.80391384936227]}, "properties": {"POLENUMBER": "024003", "SUBTYPE": "SL", "MATERIAL": "AL"}}, {"type": "Feature", "geometry": {"type": "Point", "coordinates": [-88.15349414642141, 41.80387067147575]}, "properties": {"POLENUMBER": "024004", "SUBTYPE": "SL", "MATERIAL": "AL"}}, {"type": "Feature", "geometry": {"type": "Point", "coordinates": [-88.15403967244902, 41.803850119047766]}, "properties": {"POLENUMBER": "024005", "SUBTYPE": "SL", "MATERIAL": "AL"}}, {"type": "Feature", "geometry": {"type": "Point", "coordinates": [-88.15300618874195, 41.80377874066187]}, "properties": {"POLENUMBER": "024006", "SUBTYPE": "SL", "MATERIAL": "AL"}}, {"type": "Feature", "geometry": {"type": "Point", "coordinates": [-88.15571606214996, 41.80375609574223]}, "properties": {"POLENUMBER": "024007", "SUBTYPE": "SL", "MATERIAL": "AL"}}, {"type": "Feature", "geometry": {"type": "Point", "coordinates": [-88.15451709675268, 41.803747374979075]}, "properties": {"POLENUMBER": "024008", "SUBTYPE": "SL", "MATERIAL": "AL"}}, {"type": "Feature", "geometry": {"type": "Point", "coordinates": [-88.14716184068877, 41.80367751197221]}, "properties": {"POLENUMBER": "024009", "SUBTYPE": "SL", "MATERIAL": "AL"}}, {"type": "Feature", "geometry": {"type": "Point", "coordinates": [-88.1559231757304, 41.80361118780847]}, "properties": {"POLENUMBER": "024010", "SUBTYPE": "SL", "MATERIAL": "AL"}}, {"type": "Feature", "geometry": {"type": "Point", "coordinates": [-88.15254154502217, 41.803600591837686]}, "properties": {"POLENUMBER": "024011", "SUBTYPE": "SL", "MATERIAL": "AL"}}, {"type": "Feature", "geometry": {"type": "Point", "coordinates": [-88.14764802312591, 41.8035680048285]}, "properties": {"POLENUMBER": "024012", "SUBTYPE": "SL", "MATERIAL": "AL"}}, {"type": "Feature", "geometry": {"type": "Point", "coordinates": [-88.15496270897219, 41.80351686084809]}, "properties": {"POLENUMBER": "024013", "SUBTYPE": "SL", "MATERIAL": "AL"}}, {"type": "Feature", "geometry": {"type": "Point", "coordinates": [-88.15540418150967, 41.8034949320448]}, "properties": {"POLENUMBER": "024014", "SUBTYPE": "SL", "MATERIAL": "AL"}}, {"type": "Feature", "geometry": {"type": "Point", "coordinates": [-88.15222123543151, 41.80347192833651]}, "properties": {"POLENUMBER": "024015", "SUBTYPE": "SL", "MATERIAL": "AL"}}, {"type": "Feature", "geometry": {"type": "Point", "coordinates": [-88.1481352461878, 41.80340243192151]}, "properties": {"POLENUMBER": "024016", "SUBTYPE": "SL", "MATERIAL": "AL"}}, {"type": "Feature", "geometry": {"type": "Point", "coordinates": [-88.15188080362267, 41.80336557097628]}, "properties": {"POLENUMBER": "024017", "SUBTYPE": "SL", "MATERIAL": "AL"}}, {"type": "Feature", "geometry": {"type": "Point", "coordinates": [-88.15561092292324, 41.803365337404664]}, "properties": {"POLENUMBER": "024018", "SUBTYPE": "SL", "MATERIAL": "AL"}}, {"type": "Feature", "geometry": {"type": "Point", "coordinates": [-88.1515030199, 41.8033382356627]}, "properties": {"POLENUMBER": "024019", "SUBTYPE": "SL", "MATERIAL": "AL"}}, {"type": "Feature", "geometry": {"type": "Point", "coordinates": [-88.1509437350645, 41.80333586166503]}, "properties": {"POLENUMBER": "024020", "SUBTYPE": "SL", "MATERIAL": "AL"}}, {"type": "Feature", "geometry": {"type": "Point", "coordinates": [-88.15061387126656, 41.80333537888987]}, "properties": {"POLENUMBER": "024021", "SUBTYPE": "SL", "MATERIAL": "AL"}}, {"type": "Feature", "geometry": {"type": "Point", "coordinates": [-88.14975182068532, 41.80333112246917]}, "properties": {"POLENUMBER": "024022", "SUBTYPE": "SL", "MATERIAL": "AL"}}, {"type": "Feature", "geometry": {"type": "Point", "coordinates": [-88.15026959680944, 41.803330138114404]}, "properties": {"POLENUMBER": "024023", "SUBTYPE": "SL", "MATERIAL": "AL"}}, {"type": "Feature", "geometry": {"type": "Point", "coordinates": [-88.1490335859911, 41.80332403727569]}, "properties": {"POLENUMBER": "024024", "SUBTYPE": "SL", "MATERIAL": "AL"}}, {"type": "Feature", "geometry": {"type": "Point", "coordinates": [-88.1493790880826, 41.803324516317915]}, "properties": {"POLENUMBER": "024025", "SUBTYPE": "SL", "MATERIAL": "AL"}}, {"type": "Feature", "geometry": {"type": "Point", "coordinates": [-88.14858404574234, 41.80332071585763]}, "properties": {"POLENUMBER": "024026", "SUBTYPE": "SL", "MATERIAL": "AL"}}, {"type": "Feature", "geometry": {"type": "Point", "coordinates": [-88.15500550047581, 41.803163571306975]}, "properties": {"POLENUMBER": "024027", "SUBTYPE": "SL", "MATERIAL": "AL"}}, {"type": "Feature", "geometry": {"type": "Point", "coordinates": [-88.1553496649353, 41.803089240152964]}, "properties": {"POLENUMBER": "024028", "SUBTYPE": "SL", "MATERIAL": "AL"}}, {"type": "Feature", "geometry": {"type": "Point", "coordinates": [-88.14885834680265, 41.80304197860957]}, "properties": {"POLENUMBER": "024029", "SUBTYPE": "SL", "MATERIAL": "AL"}}, {"type": "Feature", "geometry": {"type": "Point", "coordinates": [-88.1548367391242, 41.802876419556334]}, "properties": {"POLENUMBER": "024030", "SUBTYPE": "SL", "MATERIAL": "AL"}}, {"type": "Feature", "geometry": {"type": "Point", "coordinates": [-88.15512611752403, 41.80278485207939]}, "properties": {"POLENUMBER": "024031", "SUBTYPE": "SL", "MATERIAL": "AL"}}, {"type": "Feature", "geometry": {"type": "Point", "coordinates": [-88.1399170466661, 41.80287233857242]}, "properties": {"POLENUMBER": "025025", "SUBTYPE": "SL", "MATERIAL": "AL"}}, {"type": "Feature", "geometry": {"type": "Point", "coordinates": [-88.1407542940078, 41.80280416808635]}, "properties": {"POLENUMBER": "025026", "SUBTYPE": "SL", "MATERIAL": "AL"}}, {"type": "Feature", "geometry": {"type": "Point", "coordinates": [-88.1433869788436, 41.80278646366766]}, "properties": {"POLENUMBER": "025028", "SUBTYPE": "SL", "MATERIAL": "AL"}}, {"type": "Feature", "geometry": {"type": "Point", "coordinates": [-88.14390106257356, 41.80272295123511]}, "properties": {"POLENUMBER": "025030", "SUBTYPE": "SL", "MATERIAL": "AL"}}, {"type": "Feature", "geometry": {"type": "Point", "coordinates": [-88.14438044769096, 41.802572677513176]}, "properties": {"POLENUMBER": "025033", "SUBTYPE": "SL", "MATERIAL": "AL"}}, {"type": "Feature", "geometry": {"type": "Point", "coordinates": [-88.13041218206284, 41.802510195343835]}, "properties": {"POLENUMBER": "026057", "SUBTYPE": "SL", "MATERIAL": "AL"}}, {"type": "Feature", "geometry": {"type": "Point", "coordinates": [-88.14477390143539, 41.802356324740536]}, "properties": {"POLENUMBER": "025035", "SUBTYPE": "SL", "MATERIAL": "AL"}}, {"type": "Feature", "geometry": {"type": "Point", "coordinates": [-88.14514509733478, 41.8021281106293]}, "properties": {"POLENUMBER": "025036", "SUBTYPE": "SL", "MATERIAL": "AL"}}, {"type": "Feature", "geometry": {"type": "Point", "coordinates": [-88.14363761503513, 41.8021092780262]}, "properties": {"POLENUMBER": "025037", "SUBTYPE": "SL", "MATERIAL": "CON"}}, {"type": "Feature", "geometry": {"type": "Point", "coordinates": [-88.14552113289177, 41.801884155930765]}, "properties": {"POLENUMBER": "025039", "SUBTYPE": "SL", "MATERIAL": "AL"}}, {"type": "Feature", "geometry": {"type": "Point", "coordinates": [-88.14419308057929, 41.801723302173905]}, "properties": {"POLENUMBER": "025040", "SUBTYPE": "SL", "MATERIAL": "CON"}}, {"type": "Feature", "geometry": {"type": "Point", "coordinates": [-88.14583364473405, 41.80169813441185]}, "properties": {"POLENUMBER": "025041", "SUBTYPE": "SL", "MATERIAL": "AL"}}, {"type": "Feature", "geometry": {"type": "Point", "coordinates": [-88.14205926198663, 41.801548604491906]}, "properties": {"POLENUMBER": "025077", "SUBTYPE": "SL", "MATERIAL": "AL"}}, {"type": "Feature", "geometry": {"type": "Point", "coordinates": [-88.14617401719124, 41.80156700103972]}, "properties": {"POLENUMBER": "025043", "SUBTYPE": "SL", "MATERIAL": "AL"}}, {"type": "Feature", "geometry": {"type": "Point", "coordinates": [-88.14278050985156, 41.80151821939373]}, "properties": {"POLENUMBER": "025044", "SUBTYPE": "SL", "MATERIAL": "CON"}}, {"type": "Feature", "geometry": {"type": "Point", "coordinates": [-88.14661139605624, 41.80148348773139]}, "properties": {"POLENUMBER": "025045", "SUBTYPE": "SL", "MATERIAL": "AL"}}, {"type": "Feature", "geometry": {"type": "Point", "coordinates": [-88.13634696429544, 41.80144013247923]}, "properties": {"POLENUMBER": "026034", "SUBTYPE": "SL", "MATERIAL": "CON"}}, {"type": "Feature", "geometry": {"type": "Point", "coordinates": [-88.1345900976945, 41.801369706467355]}, "properties": {"POLENUMBER": "026035", "SUBTYPE": "SL", "MATERIAL": "CON"}}, {"type": "Feature", "geometry": {"type": "Point", "coordinates": [-88.14463994451032, 41.801323314849995]}, "properties": {"POLENUMBER": "025046", "SUBTYPE": "SL", "MATERIAL": "CON"}}, {"type": "Feature", "geometry": {"type": "Point", "coordinates": [-88.13880692626954, 41.80126539583607]}, "properties": {"POLENUMBER": "026036", "SUBTYPE": "SL", "MATERIAL": "CON"}}, {"type": "Feature", "geometry": {"type": "Point", "coordinates": [-88.13793519095783, 41.80122286090278]}, "properties": {"POLENUMBER": "026037", "SUBTYPE": "SL", "MATERIAL": "CON"}}, {"type": "Feature", "geometry": {"type": "Point", "coordinates": [-88.1420655201742, 41.80109545126656]}, "properties": {"POLENUMBER": "025027", "SUBTYPE": "SL", "MATERIAL": "AL"}}, {"type": "Feature", "geometry": {"type": "Point", "coordinates": [-88.14030262112992, 41.80115328858731]}, "properties": {"POLENUMBER": "025048", "SUBTYPE": "SL", "MATERIAL": "CON"}}, {"type": "Feature", "geometry": {"type": "Point", "coordinates": [-88.14593106438801, 41.80111869941262]}, "properties": {"POLENUMBER": "025049", "SUBTYPE": "SL", "MATERIAL": "CON"}}, {"type": "Feature", "geometry": {"type": "Point", "coordinates": [-88.14112298556333, 41.801105980762486]}, "properties": {"POLENUMBER": "025050", "SUBTYPE": "SL", "MATERIAL": "CON"}}, {"type": "Feature", "geometry": {"type": "Point", "coordinates": [-88.13960047849145, 41.80104897582941]}, "properties": {"POLENUMBER": "026038", "SUBTYPE": "SL", "MATERIAL": "CON"}}, {"type": "Feature", "geometry": {"type": "Point", "coordinates": [-88.14404268782853, 41.80100720366758]}, "properties": {"POLENUMBER": "025051", "SUBTYPE": "SL", "MATERIAL": "CON"}}, {"type": "Feature", "geometry": {"type": "Point", "coordinates": [-88.14512724197853, 41.80100371670432]}, "properties": {"POLENUMBER": "025052", "SUBTYPE": "SL", "MATERIAL": "FIB"}}, {"type": "Feature", "geometry": {"type": "Point", "coordinates": [-88.14287927590408, 41.80094962683963]}, "properties": {"POLENUMBER": "025053", "SUBTYPE": "SL", "MATERIAL": "CON"}}, {"type": "Feature", "geometry": {"type": "Point", "coordinates": [-88.14208953579097, 41.80066628794315]}, "properties": {"POLENUMBER": "025081", "SUBTYPE": "SL", "MATERIAL": "AL"}}, {"type": "Feature", "geometry": {"type": "Point", "coordinates": [-88.14357599875518, 41.80076669133708]}, "properties": {"POLENUMBER": "025055", "SUBTYPE": "SL", "MATERIAL": "FIB"}}, {"type": "Feature", "geometry": {"type": "Point", "coordinates": [-88.13648682700881, 41.80063176366081]}, "properties": {"POLENUMBER": "026039", "SUBTYPE": "SL", "MATERIAL": "CON"}}, {"type": "Feature", "geometry": {"type": "Point", "coordinates": [-88.13581513352176, 41.80062443607697]}, "properties": {"POLENUMBER": "026040", "SUBTYPE": "SL", "MATERIAL": "CON"}}, {"type": "Feature", "geometry": {"type": "Point", "coordinates": [-88.13960509011136, 41.80062608732472]}, "properties": {"POLENUMBER": "026041", "SUBTYPE": "SL", "MATERIAL": "CON"}}, {"type": "Feature", "geometry": {"type": "Point", "coordinates": [-88.13142373049874, 41.800435924883445]}, "properties": {"POLENUMBER": "026042", "SUBTYPE": "SL", "MATERIAL": "CON"}}, {"type": "Feature", "geometry": {"type": "Point", "coordinates": [-88.14635651990399, 41.800445666925896]}, "properties": {"POLENUMBER": "025056", "SUBTYPE": "SL", "MATERIAL": "CON"}}, {"type": "Feature", "geometry": {"type": "Point", "coordinates": [-88.1328175061719, 41.8004036500295]}, "properties": {"POLENUMBER": "026043", "SUBTYPE": "SL", "MATERIAL": "CON"}}, {"type": "Feature", "geometry": {"type": "Point", "coordinates": [-88.14211530296664, 41.80023754976672]}, "properties": {"POLENUMBER": "025092", "SUBTYPE": "SL", "MATERIAL": "AL"}}, {"type": "Feature", "geometry": {"type": "Point", "coordinates": [-88.14325170014024, 41.8003484449631]}, "properties": {"POLENUMBER": "025058", "SUBTYPE": "SL", "MATERIAL": "CON"}}, {"type": "Feature", "geometry": {"type": "Point", "coordinates": [-88.13424642803506, 41.80033127123427]}, "properties": {"POLENUMBER": "026044", "SUBTYPE": "SL", "MATERIAL": "CON"}}, {"type": "Feature", "geometry": {"type": "Point", "coordinates": [-88.1442946975834, 41.80034267409814]}, "properties": {"POLENUMBER": "025059", "SUBTYPE": "SL", "MATERIAL": "CON"}}, {"type": "Feature", "geometry": {"type": "Point", "coordinates": [-88.1457585259515, 41.80034389408949]}, "properties": {"POLENUMBER": "025060", "SUBTYPE": "SL", "MATERIAL": "CON"}}, {"type": "Feature", "geometry": {"type": "Point", "coordinates": [-88.13845740897385, 41.80016170336664]}, "properties": {"POLENUMBER": "026045", "SUBTYPE": "SL", "MATERIAL": "CON"}}, {"type": "Feature", "geometry": {"type": "Point", "coordinates": [-88.1400145190102, 41.800083020919246]}, "properties": {"POLENUMBER": "025061", "SUBTYPE": "SL", "MATERIAL": "CON"}}, {"type": "Feature", "geometry": {"type": "Point", "coordinates": [-88.14504726543674, 41.80007211477005]}, "properties": {"POLENUMBER": "025062", "SUBTYPE": "SL", "MATERIAL": "CON"}}, {"type": "Feature", "geometry": {"type": "Point", "coordinates": [-88.14298985045261, 41.80002152199921]}, "properties": {"POLENUMBER": "025063", "SUBTYPE": "SL", "MATERIAL": "CON"}}, {"type": "Feature", "geometry": {"type": "Point", "coordinates": [-88.14212970040015, 41.79991076019276]}, "properties": {"POLENUMBER": "025064", "SUBTYPE": "SL", "MATERIAL": "AL"}}, {"type": "Feature", "geometry": {"type": "Point", "coordinates": [-88.14113792395715, 41.79985010282809]}, "properties": {"POLENUMBER": "025065", "SUBTYPE": "SL", "MATERIAL": "AL"}}, {"type": "Feature", "geometry": {"type": "Point", "coordinates": [-88.14214547151808, 41.7995897306865]}, "properties": {"POLENUMBER": "025066", "SUBTYPE": "SL", "MATERIAL": "CON"}}, {"type": "Feature", "geometry": {"type": "Point", "coordinates": [-88.14004056295813, 41.79958151564365]}, "properties": {"POLENUMBER": "025067", "SUBTYPE": "SL", "MATERIAL": "AL"}}, {"type": "Feature", "geometry": {"type": "Point", "coordinates": [-88.1407176622626, 41.79955617062558]}, "properties": {"POLENUMBER": "025068", "SUBTYPE": "SL", "MATERIAL": "CON"}}, {"type": "Feature", "geometry": {"type": "Point", "coordinates": [-88.13141525964024, 41.799536272232764]}, "properties": {"POLENUMBER": "026047", "SUBTYPE": "SL", "MATERIAL": "CON"}}, {"type": "Feature", "geometry": {"type": "Point", "coordinates": [-88.1342723118301, 41.79954032562701]}, "properties": {"POLENUMBER": "026048", "SUBTYPE": "SL", "MATERIAL": "CON"}}, {"type": "Feature", "geometry": {"type": "Point", "coordinates": [-88.13296472852923, 41.799435937209914]}, "properties": {"POLENUMBER": "026050", "SUBTYPE": "SL", "MATERIAL": "CON"}}, {"type": "Feature", "geometry": {"type": "Point", "coordinates": [-88.14293081455826, 41.799378190801406]}, "properties": {"POLENUMBER": "025069", "SUBTYPE": "SL", "MATERIAL": "FIB"}}, {"type": "Feature", "geometry": {"type": "Point", "coordinates": [-88.14645489841814, 41.799417948173556]}, "properties": {"POLENUMBER": "025070", "SUBTYPE": "SL", "MATERIAL": "CON"}}, {"type": "Feature", "geometry": {"type": "Point", "coordinates": [-88.14393136048463, 41.79933104704338]}, "properties": {"POLENUMBER": "025071", "SUBTYPE": "SL", "MATERIAL": "CON"}}, {"type": "Feature", "geometry": {"type": "Point", "coordinates": [-88.13886574371757, 41.799267176436366]}, "properties": {"POLENUMBER": "026051", "SUBTYPE": "SL", "MATERIAL": "CON"}}, {"type": "Feature", "geometry": {"type": "Point", "coordinates": [-88.14546936043887, 41.799244081157404]}, "properties": {"POLENUMBER": "025072", "SUBTYPE": "SL", "MATERIAL": "AL"}}, {"type": "Feature", "geometry": {"type": "Point", "coordinates": [-88.14464899780721, 41.79923760462993]}, "properties": {"POLENUMBER": "025073", "SUBTYPE": "SL", "MATERIAL": "CON"}}, {"type": "Feature", "geometry": {"type": "Point", "coordinates": [-88.14034344796123, 41.799170735918345]}, "properties": {"POLENUMBER": "025074", "SUBTYPE": "SL", "MATERIAL": "CON"}}, {"type": "Feature", "geometry": {"type": "Point", "coordinates": [-88.14221633303559, 41.7991682685252]}, "properties": {"POLENUMBER": "025075", "SUBTYPE": "SL", "MATERIAL": "CON"}}, {"type": "Feature", "geometry": {"type": "Point", "coordinates": [-88.14608330327253, 41.79897808982528]}, "properties": {"POLENUMBER": "025076", "SUBTYPE": "SL", "MATERIAL": "CON"}}, {"type": "Feature", "geometry": {"type": "Point", "coordinates": [-88.14203315786365, 41.801980678728896]}, "properties": {"POLENUMBER": "025057", "SUBTYPE": "SL", "MATERIAL": "AL"}}, {"type": "Feature", "geometry": {"type": "Point", "coordinates": [-88.13907638322502, 41.80292952899975]}, "properties": {"POLENUMBER": "026054", "SUBTYPE": "SL", "MATERIAL": "AL"}}, {"type": "Feature", "geometry": {"type": "Point", "coordinates": [-88.13822159478097, 41.802998292216415]}, "properties": {"POLENUMBER": "026030", "SUBTYPE": "SL", "MATERIAL": "AL"}}, {"type": "Feature", "geometry": {"type": "Point", "coordinates": [-88.13601322549997, 41.80456263999391]}, "properties": {"POLENUMBER": "026053", "SUBTYPE": "SL", "MATERIAL": "CON"}}, {"type": "Feature", "geometry": {"type": "Point", "coordinates": [-88.13595028258115, 41.8036552497689]}, "properties": {"POLENUMBER": "026052", "SUBTYPE": "SL", "MATERIAL": "CON"}}, {"type": "Feature", "geometry": {"type": "Point", "coordinates": [-88.13347629713665, 41.803558343365]}, "properties": {"POLENUMBER": "026031", "SUBTYPE": "SL", "MATERIAL": "AL"}}, {"type": "Feature", "geometry": {"type": "Point", "coordinates": [-88.14315233084639, 41.79960169845117]}, "properties": {"POLENUMBER": "025078", "SUBTYPE": "SL", "MATERIAL": "AL"}}, {"type": "Feature", "geometry": {"type": "Point", "coordinates": [-88.142420555929, 41.804101361739164]}, "properties": {"POLENUMBER": "025014", "SUBTYPE": "SL", "MATERIAL": "AL"}}, {"type": "Feature", "geometry": {"type": "Point", "coordinates": [-88.14286116390875, 41.80409947488636]}, "properties": {"POLENUMBER": "025009", "SUBTYPE": "SL", "MATERIAL": "AL"}}, {"type": "Feature", "geometry": {"type": "Point", "coordinates": [-88.14434961306995, 41.80134940451589]}, "properties": {"POLENUMBER": "025079", "SUBTYPE": "SL", "MATERIAL": "AL"}}, {"type": "Feature", "geometry": {"type": "Point", "coordinates": [-88.13503574002462, 41.78698470821883]}, "properties": {"POLENUMBER": "056023", "SUBTYPE": "SL", "MATERIAL": "AL"}}, {"type": "Feature", "geometry": {"type": "Point", "coordinates": [-88.14279436120334, 41.78684962852238]}, "properties": {"POLENUMBER": "055035", "SUBTYPE": "SL", "MATERIAL": "CON"}}, {"type": "Feature", "geometry": {"type": "Point", "coordinates": [-88.13544773277015, 41.78660607810462]}, "properties": {"POLENUMBER": "056024", "SUBTYPE": "SL", "MATERIAL": "AL"}}, {"type": "Feature", "geometry": {"type": "Point", "coordinates": [-88.13982804171717, 41.786489471430215]}, "properties": {"POLENUMBER": "055037", "SUBTYPE": "SL", "MATERIAL": "AL"}}, {"type": "Feature", "geometry": {"type": "Point", "coordinates": [-88.14133984671888, 41.78625290231849]}, "properties": {"POLENUMBER": "055038", "SUBTYPE": "SL", "MATERIAL": "AL"}}, {"type": "Feature", "geometry": {"type": "Point", "coordinates": [-88.13596284215816, 41.78616460374291]}, "properties": {"POLENUMBER": "056025", "SUBTYPE": "SL", "MATERIAL": "AL"}}, {"type": "Feature", "geometry": {"type": "Point", "coordinates": [-88.1413472247365, 41.78595450043696]}, "properties": {"POLENUMBER": "055040", "SUBTYPE": "SL", "MATERIAL": "AL"}}, {"type": "Feature", "geometry": {"type": "Point", "coordinates": [-88.13702788444415, 41.78571298996666]}, "properties": {"POLENUMBER": "056027", "SUBTYPE": "SL", "MATERIAL": "AL"}}, {"type": "Feature", "geometry": {"type": "Point", "coordinates": [-88.13963523747442, 41.78571160193036]}, "properties": {"POLENUMBER": "055042", "SUBTYPE": "SL", "MATERIAL": "AL"}}, {"type": "Feature", "geometry": {"type": "Point", "coordinates": [-88.13821581913895, 41.78570503313707]}, "properties": {"POLENUMBER": "056028", "SUBTYPE": "SL", "MATERIAL": "AL"}}, {"type": "Feature", "geometry": {"type": "Point", "coordinates": [-88.14031026203124, 41.785706088868686]}, "properties": {"POLENUMBER": "055043", "SUBTYPE": "SL", "MATERIAL": "AL"}}, {"type": "Feature", "geometry": {"type": "Point", "coordinates": [-88.13885096147233, 41.78570612448863]}, "properties": {"POLENUMBER": "056029", "SUBTYPE": "SL", "MATERIAL": "AL"}}, {"type": "Feature", "geometry": {"type": "Point", "coordinates": [-88.14098584298297, 41.78570435789479]}, "properties": {"POLENUMBER": "055044", "SUBTYPE": "SL", "MATERIAL": "AL"}}, {"type": "Feature", "geometry": {"type": "Point", "coordinates": [-88.13765710387594, 41.78568382382945]}, "properties": {"POLENUMBER": "056030", "SUBTYPE": "SL", "MATERIAL": "AL"}}, {"type": "Feature", "geometry": {"type": "Point", "coordinates": [-88.14283784054521, 41.78570235392772]}, "properties": {"POLENUMBER": "055045", "SUBTYPE": "SL", "MATERIAL": "AL"}}, {"type": "Feature", "geometry": {"type": "Point", "coordinates": [-88.14210776060511, 41.785698802799956]}, "properties": {"POLENUMBER": "055046", "SUBTYPE": "SL", "MATERIAL": "AL"}}, {"type": "Feature", "geometry": {"type": "Point", "coordinates": [-88.14352742211527, 41.785689507247376]}, "properties": {"POLENUMBER": "055047", "SUBTYPE": "SL", "MATERIAL": "AL"}}, {"type": "Feature", "geometry": {"type": "Point", "coordinates": [-88.14502233070195, 41.78566116230928]}, "properties": {"POLENUMBER": "055048", "SUBTYPE": "SL", "MATERIAL": "AL"}}, {"type": "Feature", "geometry": {"type": "Point", "coordinates": [-88.14426698714777, 41.785662098806874]}, "properties": {"POLENUMBER": "055049", "SUBTYPE": "SL", "MATERIAL": "AL"}}, {"type": "Feature", "geometry": {"type": "Point", "coordinates": [-88.14568649738644, 41.78564489455391]}, "properties": {"POLENUMBER": "055050", "SUBTYPE": "SL", "MATERIAL": "AL"}}, {"type": "Feature", "geometry": {"type": "Point", "coordinates": [-88.14637934397261, 41.785633265982206]}, "properties": {"POLENUMBER": "055051", "SUBTYPE": "SL", "MATERIAL": "AL"}}, {"type": "Feature", "geometry": {"type": "Point", "coordinates": [-88.1352819838432, 41.78527889647705]}, "properties": {"POLENUMBER": "056031", "SUBTYPE": "SL", "MATERIAL": "CON"}}, {"type": "Feature", "geometry": {"type": "Point", "coordinates": [-88.13180883789141, 41.7852355348224]}, "properties": {"POLENUMBER": "056032", "SUBTYPE": "SL", "MATERIAL": "AL"}}, {"type": "Feature", "geometry": {"type": "Point", "coordinates": [-88.13405776567568, 41.785236932200384]}, "properties": {"POLENUMBER": "056033", "SUBTYPE": "SL", "MATERIAL": "CON"}}, {"type": "Feature", "geometry": {"type": "Point", "coordinates": [-88.13668791633309, 41.78523044649398]}, "properties": {"POLENUMBER": "056034", "SUBTYPE": "SL", "MATERIAL": "AL"}}, {"type": "Feature", "geometry": {"type": "Point", "coordinates": [-88.13272246724823, 41.785153596407824]}, "properties": {"POLENUMBER": "056035", "SUBTYPE": "SL", "MATERIAL": "AL"}}, {"type": "Feature", "geometry": {"type": "Point", "coordinates": [-88.14305521340086, 41.785052730065125]}, "properties": {"POLENUMBER": "055054", "SUBTYPE": "SL", "MATERIAL": "AL"}}, {"type": "Feature", "geometry": {"type": "Point", "coordinates": [-88.14128389366338, 41.78499648844726]}, "properties": {"POLENUMBER": "055055", "SUBTYPE": "SL", "MATERIAL": "CON"}}, {"type": "Feature", "geometry": {"type": "Point", "coordinates": [-88.13993963983295, 41.78485377964582]}, "properties": {"POLENUMBER": "055056", "SUBTYPE": "SL", "MATERIAL": "AL"}}, {"type": "Feature", "geometry": {"type": "Point", "coordinates": [-88.13543016609002, 41.78469093708272]}, "properties": {"POLENUMBER": "056036", "SUBTYPE": "SL", "MATERIAL": "CON"}}, {"type": "Feature", "geometry": {"type": "Point", "coordinates": [-88.13678134310678, 41.784663397963314]}, "properties": {"POLENUMBER": "056037", "SUBTYPE": "SL", "MATERIAL": "AL"}}, {"type": "Feature", "geometry": {"type": "Point", "coordinates": [-88.13427796487521, 41.78467982404976]}, "properties": {"POLENUMBER": "056038", "SUBTYPE": "SL", "MATERIAL": "AL"}}, {"type": "Feature", "geometry": {"type": "Point", "coordinates": [-88.13758047968037, 41.78460759927762]}, "properties": {"POLENUMBER": "056039", "SUBTYPE": "SL", "MATERIAL": "AL"}}, {"type": "Feature", "geometry": {"type": "Point", "coordinates": [-88.13822346391296, 41.7846079790621]}, "properties": {"POLENUMBER": "056040", "SUBTYPE": "SL", "MATERIAL": "AL"}}, {"type": "Feature", "geometry": {"type": "Point", "coordinates": [-88.14134145623305, 41.78460491715414]}, "properties": {"POLENUMBER": "055058", "SUBTYPE": "SL", "MATERIAL": "CON"}}, {"type": "Feature", "geometry": {"type": "Point", "coordinates": [-88.1455413779114, 41.79097927211274]}, "properties": {"POLENUMBER": "055066", "SUBTYPE": "UPL", "MATERIAL": "WD"}}, {"type": "Feature", "geometry": {"type": "Point", "coordinates": [-88.14376878786575, 41.79029516278287]}, "properties": {"POLENUMBER": "055068", "SUBTYPE": "SL", "MATERIAL": "AL"}}, {"type": "Feature", "geometry": {"type": "Point", "coordinates": [-88.14575573994523, 41.785136537063075]}, "properties": {"POLENUMBER": "055053", "SUBTYPE": "SL", "MATERIAL": "AL"}}, {"type": "Feature", "geometry": {"type": "Point", "coordinates": [-88.14446739579574, 41.78509188960873]}, "properties": {"POLENUMBER": "055052", "SUBTYPE": "SL", "MATERIAL": "AL"}}, {"type": "Feature", "geometry": {"type": "Point", "coordinates": [-88.14291139970364, 41.78711923158076]}, "properties": {"POLENUMBER": "055057", "SUBTYPE": "SL", "MATERIAL": "CON"}}, {"type": "Feature", "geometry": {"type": "Point", "coordinates": [-88.14076408218254, 41.78627851466085]}, "properties": {"POLENUMBER": "055DPU", "SUBTYPE": "UPL", "MATERIAL": "WD"}}, {"type": "Feature", "geometry": {"type": "Point", "coordinates": [-88.14043453011793, 41.786276685084744]}, "properties": {"POLENUMBER": "055DPU", "SUBTYPE": "UPL", "MATERIAL": "WD"}}, {"type": "Feature", "geometry": {"type": "Point", "coordinates": [-88.13936186414851, 41.79177887423969]}, "properties": {"POLENUMBER": "055067", "SUBTYPE": "SL", "MATERIAL": "CON"}}, {"type": "Feature", "geometry": {"type": "Point", "coordinates": [-88.13149471109243, 41.79868586518111]}, "properties": {"POLENUMBER": "041005", "SUBTYPE": "SL", "MATERIAL": "AL"}}, {"type": "Feature", "geometry": {"type": "Point", "coordinates": [-88.14001539723994, 41.79746029144914]}, "properties": {"POLENUMBER": "040083", "SUBTYPE": "SL", "MATERIAL": "AL"}}, {"type": "Feature", "geometry": {"type": "Point", "coordinates": [-88.14698272882222, 41.78952910109545]}, "properties": {"POLENUMBER": "055072", "SUBTYPE": "SL", "MATERIAL": "AL"}}, {"type": "Feature", "geometry": {"type": "Point", "coordinates": [-88.14636544375304, 41.789557953244056]}, "properties": {"POLENUMBER": "055071", "SUBTYPE": "SL", "MATERIAL": "AL"}}, {"type": "Feature", "geometry": {"type": "Point", "coordinates": [-88.14544176450397, 41.7895121503016]}, "properties": {"POLENUMBER": "055070", "SUBTYPE": "SL", "MATERIAL": "AL"}}, {"type": "Feature", "geometry": {"type": "Point", "coordinates": [-88.14702029965264, 41.78811627663881]}, "properties": {"POLENUMBER": "055069", "SUBTYPE": "SL", "MATERIAL": "AL"}}, {"type": "Feature", "geometry": {"type": "Point", "coordinates": [-88.14300874383278, 41.786307902913194]}, "properties": {"POLENUMBER": "055075", "SUBTYPE": "SL", "MATERIAL": "CON"}}, {"type": "Feature", "geometry": {"type": "Point", "coordinates": [-88.14303256567725, 41.78593485933175]}, "properties": {"POLENUMBER": "055076", "SUBTYPE": "SL", "MATERIAL": "AL"}}, {"type": "Feature", "geometry": {"type": "Point", "coordinates": [-88.14140165257973, 41.785393595524596]}, "properties": {"POLENUMBER": "055077", "SUBTYPE": "SL", "MATERIAL": "AL"}}, {"type": "Feature", "geometry": {"type": "Point", "coordinates": [-88.13980546123948, 41.78592465157642]}, "properties": {"POLENUMBER": "055074", "SUBTYPE": "SL", "MATERIAL": "AL"}}, {"type": "Feature", "geometry": {"type": "Point", "coordinates": [-88.13974706599986, 41.78737931669108]}, "properties": {"POLENUMBER": "055073", "SUBTYPE": "SL", "MATERIAL": "AL"}}, {"type": "Feature", "geometry": {"type": "Point", "coordinates": [-88.1461278917287, 41.78811477099767]}, "properties": {"POLENUMBER": "055079", "SUBTYPE": "SL", "MATERIAL": "AL"}}, {"type": "Feature", "geometry": {"type": "Point", "coordinates": [-88.14549620240305, 41.78811815799406]}, "properties": {"POLENUMBER": "055080", "SUBTYPE": "SL", "MATERIAL": "AL"}}, {"type": "Feature", "geometry": {"type": "Point", "coordinates": [-88.1448946050986, 41.78811478864586]}, "properties": {"POLENUMBER": "055081", "SUBTYPE": "SL", "MATERIAL": "AL"}}, {"type": "Feature", "geometry": {"type": "Point", "coordinates": [-88.14427387518903, 41.78811496270125]}, "properties": {"POLENUMBER": "055082", "SUBTYPE": "SL", "MATERIAL": "AL"}}, {"type": "Feature", "geometry": {"type": "Point", "coordinates": [-88.14359019895318, 41.78811264169862]}, "properties": {"POLENUMBER": "055083", "SUBTYPE": "SL", "MATERIAL": "AL"}}, {"type": "Feature", "geometry": {"type": "Point", "coordinates": [-88.14300055867929, 41.78810808739961]}, "properties": {"POLENUMBER": "055084", "SUBTYPE": "SL", "MATERIAL": "AL"}}, {"type": "Feature", "geometry": {"type": "Point", "coordinates": [-88.13888090379707, 41.7859553945067]}, "properties": {"POLENUMBER": "056043", "SUBTYPE": "SL", "MATERIAL": "AL"}}, {"type": "Feature", "geometry": {"type": "Point", "coordinates": [-88.13903106312189, 41.78647289846529]}, "properties": {"POLENUMBER": "056041", "SUBTYPE": "UPL", "MATERIAL": "WD"}}, {"type": "Feature", "geometry": {"type": "Point", "coordinates": [-88.13904828735859, 41.7871073847645]}, "properties": {"POLENUMBER": "056042", "SUBTYPE": "UPL", "MATERIAL": "WD"}}, {"type": "Feature", "geometry": {"type": "Point", "coordinates": [-88.13654275728777, 41.787056587774714]}, "properties": {"POLENUMBER": "056048", "SUBTYPE": "SL", "MATERIAL": "AL"}}, {"type": "Feature", "geometry": {"type": "Point", "coordinates": [-88.13655494977472, 41.78755192023539]}, "properties": {"POLENUMBER": "056049", "SUBTYPE": "SL", "MATERIAL": "CON"}}, {"type": "Feature", "geometry": {"type": "Point", "coordinates": [-88.1365382604721, 41.78663525659926]}, "properties": {"POLENUMBER": "056047", "SUBTYPE": "SL", "MATERIAL": "AL"}}, {"type": "Feature", "geometry": {"type": "Point", "coordinates": [-88.13686539678939, 41.785426395244556]}, "properties": {"POLENUMBER": "056045", "SUBTYPE": "SL", "MATERIAL": "AL"}}, {"type": "Feature", "geometry": {"type": "Point", "coordinates": [-88.13663233194747, 41.785687193300994]}, "properties": {"POLENUMBER": "056044", "SUBTYPE": "SL", "MATERIAL": "AL"}}, {"type": "Feature", "geometry": {"type": "Point", "coordinates": [-88.13194147462814, 41.790079852496795]}, "properties": {"POLENUMBER": "056052", "SUBTYPE": "SL", "MATERIAL": "AL"}}, {"type": "Feature", "geometry": {"type": "Point", "coordinates": [-88.13421332662602, 41.79837135350352]}, "properties": {"POLENUMBER": "041079", "SUBTYPE": "SL", "MATERIAL": "AL"}}, {"type": "Feature", "geometry": {"type": "Point", "coordinates": [-88.13134769806736, 41.797745369713695]}, "properties": {"POLENUMBER": "041076", "SUBTYPE": "SL", "MATERIAL": "AL"}}, {"type": "Feature", "geometry": {"type": "Point", "coordinates": [-88.13218686330872, 41.79375182901249]}, "properties": {"POLENUMBER": "041078", "SUBTYPE": "SL", "MATERIAL": "AL"}}, {"type": "Feature", "geometry": {"type": "Point", "coordinates": [-88.14236561977339, 41.79792996966733]}, "properties": {"POLENUMBER": "040087", "SUBTYPE": "SL", "MATERIAL": "AL"}}, {"type": "Feature", "geometry": {"type": "Point", "coordinates": [-88.14185927551583, 41.7977728963358]}, "properties": {"POLENUMBER": "040088", "SUBTYPE": "SL", "MATERIAL": "AL"}}, {"type": "Feature", "geometry": {"type": "Point", "coordinates": [-88.14236704385861, 41.79522429073311]}, "properties": {"POLENUMBER": "040093", "SUBTYPE": "SL", "MATERIAL": "AL"}}, {"type": "Feature", "geometry": {"type": "Point", "coordinates": [-88.14240841216692, 41.79484937186707]}, "properties": {"POLENUMBER": "040092", "SUBTYPE": "SL", "MATERIAL": "AL"}}, {"type": "Feature", "geometry": {"type": "Point", "coordinates": [-88.14242069169231, 41.794363230775275]}, "properties": {"POLENUMBER": "040091", "SUBTYPE": "SL", "MATERIAL": "AL"}}, {"type": "Feature", "geometry": {"type": "Point", "coordinates": [-88.1424366520876, 41.79403419612328]}, "properties": {"POLENUMBER": "040090", "SUBTYPE": "SL", "MATERIAL": "AL"}}, {"type": "Feature", "geometry": {"type": "Point", "coordinates": [-88.14247669855324, 41.793687937047046]}, "properties": {"POLENUMBER": "040089", "SUBTYPE": "SL", "MATERIAL": "AL"}}, {"type": "Feature", "geometry": {"type": "Point", "coordinates": [-88.14222931128273, 41.79358139214599]}, "properties": {"POLENUMBER": "040085", "SUBTYPE": "SL", "MATERIAL": "AL"}}, {"type": "Feature", "geometry": {"type": "Point", "coordinates": [-88.1413781823923, 41.78565895517267]}, "properties": {"POLENUMBER": "055085", "SUBTYPE": "SL", "MATERIAL": "AL"}}, {"type": "Feature", "geometry": {"type": "Point", "coordinates": [-88.14884853604038, 41.802703069338854]}, "properties": {"POLENUMBER": "024032", "SUBTYPE": "SL", "MATERIAL": "AL"}}, {"type": "Feature", "geometry": {"type": "Point", "coordinates": [-88.15466188157886, 41.80252622208747]}, "properties": {"POLENUMBER": "024033", "SUBTYPE": "SL", "MATERIAL": "AL"}}, {"type": "Feature", "geometry": {"type": "Point", "coordinates": [-88.15496457440281, 41.802460691609326]}, "properties": {"POLENUMBER": "024034", "SUBTYPE": "SL", "MATERIAL": "AL"}}, {"type": "Feature", "geometry": {"type": "Point", "coordinates": [-88.14888056717622, 41.802302287900226]}, "properties": {"POLENUMBER": "024035", "SUBTYPE": "SL", "MATERIAL": "AL"}}, {"type": "Feature", "geometry": {"type": "Point", "coordinates": [-88.15458948222174, 41.80215647942516]}, "properties": {"POLENUMBER": "024036", "SUBTYPE": "SL", "MATERIAL": "AL"}}, {"type": "Feature", "geometry": {"type": "Point", "coordinates": [-88.15486804684281, 41.8021279596511]}, "properties": {"POLENUMBER": "024037", "SUBTYPE": "SL", "MATERIAL": "AL"}}, {"type": "Feature", "geometry": {"type": "Point", "coordinates": [-88.14887217194824, 41.80194307324874]}, "properties": {"POLENUMBER": "024038", "SUBTYPE": "SL", "MATERIAL": "AL"}}, {"type": "Feature", "geometry": {"type": "Point", "coordinates": [-88.15455092942524, 41.8017890672831]}, "properties": {"POLENUMBER": "024039", "SUBTYPE": "SL", "MATERIAL": "AL"}}, {"type": "Feature", "geometry": {"type": "Point", "coordinates": [-88.1548338994049, 41.80178508834693]}, "properties": {"POLENUMBER": "024040", "SUBTYPE": "SL", "MATERIAL": "AL"}}, {"type": "Feature", "geometry": {"type": "Point", "coordinates": [-88.14887544260931, 41.8016212269279]}, "properties": {"POLENUMBER": "024041", "SUBTYPE": "SL", "MATERIAL": "AL"}}, {"type": "Feature", "geometry": {"type": "Point", "coordinates": [-88.14868210171785, 41.801542865940775]}, "properties": {"POLENUMBER": "024042", "SUBTYPE": "SL", "MATERIAL": "AL"}}, {"type": "Feature", "geometry": {"type": "Point", "coordinates": [-88.14920654177939, 41.80151075093874]}, "properties": {"POLENUMBER": "024043", "SUBTYPE": "SL", "MATERIAL": "AL"}}, {"type": "Feature", "geometry": {"type": "Point", "coordinates": [-88.14963487077723, 41.8014998634382]}, "properties": {"POLENUMBER": "024044", "SUBTYPE": "SL", "MATERIAL": "AL"}}, {"type": "Feature", "geometry": {"type": "Point", "coordinates": [-88.1501303899281, 41.80149447196526]}, "properties": {"POLENUMBER": "024045", "SUBTYPE": "SL", "MATERIAL": "AL"}}, {"type": "Feature", "geometry": {"type": "Point", "coordinates": [-88.14710807242143, 41.801457061666284]}, "properties": {"POLENUMBER": "024047", "SUBTYPE": "SL", "MATERIAL": "AL"}}, {"type": "Feature", "geometry": {"type": "Point", "coordinates": [-88.14761987643617, 41.80144259848051]}, "properties": {"POLENUMBER": "024048", "SUBTYPE": "SL", "MATERIAL": "AL"}}, {"type": "Feature", "geometry": {"type": "Point", "coordinates": [-88.15402213215245, 41.801419518794]}, "properties": {"POLENUMBER": "024049", "SUBTYPE": "SL", "MATERIAL": "AL"}}, {"type": "Feature", "geometry": {"type": "Point", "coordinates": [-88.15437381626144, 41.801407854709495]}, "properties": {"POLENUMBER": "024050", "SUBTYPE": "SL", "MATERIAL": "AL"}}, {"type": "Feature", "geometry": {"type": "Point", "coordinates": [-88.15112416054846, 41.80139410204708]}, "properties": {"POLENUMBER": "024052", "SUBTYPE": "SL", "MATERIAL": "AL"}}, {"type": "Feature", "geometry": {"type": "Point", "coordinates": [-88.150621757027, 41.80138594904871]}, "properties": {"POLENUMBER": "024053", "SUBTYPE": "SL", "MATERIAL": "AL"}}, {"type": "Feature", "geometry": {"type": "Point", "coordinates": [-88.15164174269292, 41.80136553047313]}, "properties": {"POLENUMBER": "024054", "SUBTYPE": "SL", "MATERIAL": "AL"}}, {"type": "Feature", "geometry": {"type": "Point", "coordinates": [-88.15211877457429, 41.80135758377613]}, "properties": {"POLENUMBER": "024055", "SUBTYPE": "SL", "MATERIAL": "AL"}}, {"type": "Feature", "geometry": {"type": "Point", "coordinates": [-88.15267627531107, 41.80134943393965]}, "properties": {"POLENUMBER": "024056", "SUBTYPE": "SL", "MATERIAL": "AL"}}, {"type": "Feature", "geometry": {"type": "Point", "coordinates": [-88.15311739380019, 41.80134447343069]}, "properties": {"POLENUMBER": "024057", "SUBTYPE": "SL", "MATERIAL": "AL"}}, {"type": "Feature", "geometry": {"type": "Point", "coordinates": [-88.14814574944127, 41.801338976864066]}, "properties": {"POLENUMBER": "024058", "SUBTYPE": "SL", "MATERIAL": "AL"}}, {"type": "Feature", "geometry": {"type": "Point", "coordinates": [-88.14860642456149, 41.801330454758336]}, "properties": {"POLENUMBER": "024059", "SUBTYPE": "SL", "MATERIAL": "AL"}}, {"type": "Feature", "geometry": {"type": "Point", "coordinates": [-88.15363223701891, 41.80132414849169]}, "properties": {"POLENUMBER": "024060", "SUBTYPE": "SL", "MATERIAL": "AL"}}, {"type": "Feature", "geometry": {"type": "Point", "coordinates": [-88.14915201569339, 41.801314638111116]}, "properties": {"POLENUMBER": "024061", "SUBTYPE": "SL", "MATERIAL": "AL"}}, {"type": "Feature", "geometry": {"type": "Point", "coordinates": [-88.14963037054635, 41.8013060457052]}, "properties": {"POLENUMBER": "024062", "SUBTYPE": "SL", "MATERIAL": "AL"}}, {"type": "Feature", "geometry": {"type": "Point", "coordinates": [-88.15012622066402, 41.80129715057855]}, "properties": {"POLENUMBER": "024063", "SUBTYPE": "SL", "MATERIAL": "AL"}}, {"type": "Feature", "geometry": {"type": "Point", "coordinates": [-88.15400397202939, 41.80122406825815]}, "properties": {"POLENUMBER": "024064", "SUBTYPE": "SL", "MATERIAL": "AL"}}, {"type": "Feature", "geometry": {"type": "Point", "coordinates": [-88.14887948806076, 41.801207941296006]}, "properties": {"POLENUMBER": "024065", "SUBTYPE": "SL", "MATERIAL": "AL"}}, {"type": "Feature", "geometry": {"type": "Point", "coordinates": [-88.15437024987484, 41.80121319587132]}, "properties": {"POLENUMBER": "024066", "SUBTYPE": "SL", "MATERIAL": "AL"}}, {"type": "Feature", "geometry": {"type": "Point", "coordinates": [-88.15456271186409, 41.801112917241774]}, "properties": {"POLENUMBER": "024068", "SUBTYPE": "SL", "MATERIAL": "AL"}}, {"type": "Feature", "geometry": {"type": "Point", "coordinates": [-88.15484348916236, 41.80090635030518]}, "properties": {"POLENUMBER": "024DEV", "SUBTYPE": "SL", "MATERIAL": "AL"}}, {"type": "Feature", "geometry": {"type": "Point", "coordinates": [-88.1545651989687, 41.800904271725706]}, "properties": {"POLENUMBER": "024071", "SUBTYPE": "SL", "MATERIAL": "AL"}}, {"type": "Feature", "geometry": {"type": "Point", "coordinates": [-88.14886331513763, 41.800811336549245]}, "properties": {"POLENUMBER": "024072", "SUBTYPE": "SL", "MATERIAL": "AL"}}, {"type": "Feature", "geometry": {"type": "Point", "coordinates": [-88.14885464139132, 41.800536315808635]}, "properties": {"POLENUMBER": "024073", "SUBTYPE": "SL", "MATERIAL": "AL"}}, {"type": "Feature", "geometry": {"type": "Point", "coordinates": [-88.15457641702297, 41.80052329739969]}, "properties": {"POLENUMBER": "024074", "SUBTYPE": "SL", "MATERIAL": "AL"}}, {"type": "Feature", "geometry": {"type": "Point", "coordinates": [-88.15484786347713, 41.80051984971393]}, "properties": {"POLENUMBER": "024DEV", "SUBTYPE": "SL", "MATERIAL": "AL"}}, {"type": "Feature", "geometry": {"type": "Point", "coordinates": [-88.14884466164672, 41.800115488670784]}, "properties": {"POLENUMBER": "024076", "SUBTYPE": "SL", "MATERIAL": "AL"}}, {"type": "Feature", "geometry": {"type": "Point", "coordinates": [-88.15457628562652, 41.80010860581437]}, "properties": {"POLENUMBER": "024077", "SUBTYPE": "SL", "MATERIAL": "AL"}}, {"type": "Feature", "geometry": {"type": "Point", "coordinates": [-88.1548401382465, 41.80010498156348]}, "properties": {"POLENUMBER": "024DEV", "SUBTYPE": "SL", "MATERIAL": "AL"}}, {"type": "Feature", "geometry": {"type": "Point", "coordinates": [-88.14882986635392, 41.799839470369136]}, "properties": {"POLENUMBER": "024079", "SUBTYPE": "SL", "MATERIAL": "AL"}}, {"type": "Feature", "geometry": {"type": "Point", "coordinates": [-88.15484119070624, 41.7996992656754]}, "properties": {"POLENUMBER": "024DEV", "SUBTYPE": "SL", "MATERIAL": "AL"}}, {"type": "Feature", "geometry": {"type": "Point", "coordinates": [-88.15458987467831, 41.79969270025381]}, "properties": {"POLENUMBER": "024081", "SUBTYPE": "SL", "MATERIAL": "AL"}}, {"type": "Feature", "geometry": {"type": "Point", "coordinates": [-88.14877694993726, 41.799428371025186]}, "properties": {"POLENUMBER": "024082", "SUBTYPE": "SL", "MATERIAL": "AL"}}, {"type": "Feature", "geometry": {"type": "Point", "coordinates": [-88.15459334942001, 41.79924722280405]}, "properties": {"POLENUMBER": "024083", "SUBTYPE": "SL", "MATERIAL": "AL"}}, {"type": "Feature", "geometry": {"type": "Point", "coordinates": [-88.15483382771417, 41.79924713032262]}, "properties": {"POLENUMBER": "024DEV", "SUBTYPE": "SL", "MATERIAL": "AL"}}, {"type": "Feature", "geometry": {"type": "Point", "coordinates": [-88.14861406884107, 41.799022308849814]}, "properties": {"POLENUMBER": "024085", "SUBTYPE": "SL", "MATERIAL": "AL"}}, {"type": "Feature", "geometry": {"type": "Point", "coordinates": [-88.14886025040693, 41.79901524044426]}, "properties": {"POLENUMBER": "024086", "SUBTYPE": "SL", "MATERIAL": "AL"}}, {"type": "Feature", "geometry": {"type": "Point", "coordinates": [-88.15681796490604, 41.805112553989346]}, "properties": {"POLENUMBER": "023012", "SUBTYPE": "SL", "MATERIAL": "AL"}}, {"type": "Feature", "geometry": {"type": "Point", "coordinates": [-88.16633598327445, 41.79905967646009]}, "properties": {"POLENUMBER": "023009", "SUBTYPE": "SL", "MATERIAL": "CON"}}, {"type": "Feature", "geometry": {"type": "Point", "coordinates": [-88.16547142156988, 41.79896120272977]}, "properties": {"POLENUMBER": "023010", "SUBTYPE": "SL", "MATERIAL": "CON"}}, {"type": "Feature", "geometry": {"type": "Point", "coordinates": [-88.16456368319105, 41.798850786019536]}, "properties": {"POLENUMBER": "023011", "SUBTYPE": "SL", "MATERIAL": "CON"}}, {"type": "Feature", "geometry": {"type": "Point", "coordinates": [-88.16000845516808, 41.79885423174022]}, "properties": {"POLENUMBER": "023015", "SUBTYPE": "SL", "MATERIAL": "CON"}}, {"type": "Feature", "geometry": {"type": "Point", "coordinates": [-88.16179334030986, 41.79873350294055]}, "properties": {"POLENUMBER": "023014", "SUBTYPE": "SL", "MATERIAL": "AL"}}, {"type": "Feature", "geometry": {"type": "Point", "coordinates": [-88.16362509296172, 41.79876287328834]}, "properties": {"POLENUMBER": "023013", "SUBTYPE": "SL", "MATERIAL": "CON"}}, {"type": "Feature", "geometry": {"type": "Point", "coordinates": [-88.16085967931268, 41.79874473074713]}, "properties": {"POLENUMBER": "038045", "SUBTYPE": "SL", "MATERIAL": "CON"}}, {"type": "Feature", "geometry": {"type": "Point", "coordinates": [-88.17124374566633, 41.79913149670546]}, "properties": {"POLENUMBER": "022013", "SUBTYPE": "SL", "MATERIAL": "CON"}}, {"type": "Feature", "geometry": {"type": "Point", "coordinates": [-88.17328121308535, 41.798883853369645]}, "properties": {"POLENUMBER": "022014", "SUBTYPE": "SL", "MATERIAL": "CON"}}, {"type": "Feature", "geometry": {"type": "Point", "coordinates": [-88.17465865092412, 41.79888090672843]}, "properties": {"POLENUMBER": "022015", "SUBTYPE": "SL", "MATERIAL": "CON"}}, {"type": "Feature", "geometry": {"type": "Point", "coordinates": [-88.17580696803606, 41.79883868724127]}, "properties": {"POLENUMBER": "022016", "SUBTYPE": "SL", "MATERIAL": "CON"}}, {"type": "Feature", "geometry": {"type": "Point", "coordinates": [-88.171838751755, 41.79865260293689]}, "properties": {"POLENUMBER": "022017", "SUBTYPE": "SL", "MATERIAL": "CON"}}, {"type": "Feature", "geometry": {"type": "Point", "coordinates": [-88.17257682569908, 41.79944616491121]}, "properties": {"POLENUMBER": "022018", "SUBTYPE": "SL", "MATERIAL": "CON"}}, {"type": "Feature", "geometry": {"type": "Point", "coordinates": [-88.17560650613514, 41.79939081380474]}, "properties": {"POLENUMBER": "022019", "SUBTYPE": "SL", "MATERIAL": "CON"}}, {"type": "Feature", "geometry": {"type": "Point", "coordinates": [-88.17475458626782, 41.7995407745429]}, "properties": {"POLENUMBER": "022020", "SUBTYPE": "SL", "MATERIAL": "CON"}}, {"type": "Feature", "geometry": {"type": "Point", "coordinates": [-88.17340839220974, 41.79935938466991]}, "properties": {"POLENUMBER": "022021", "SUBTYPE": "SL", "MATERIAL": "CON"}}, {"type": "Feature", "geometry": {"type": "Point", "coordinates": [-88.17069879296494, 41.7992188186559]}, "properties": {"POLENUMBER": "022022", "SUBTYPE": "UPL", "MATERIAL": "WD"}}, {"type": "Feature", "geometry": {"type": "Point", "coordinates": [-88.17006079957282, 41.79908122819965]}, "properties": {"POLENUMBER": "022003", "SUBTYPE": "SL", "MATERIAL": "AL"}}, {"type": "Feature", "geometry": {"type": "Point", "coordinates": [-88.16905874427022, 41.798991946115756]}, "properties": {"POLENUMBER": "022004", "SUBTYPE": "SL", "MATERIAL": "AL"}}, {"type": "Feature", "geometry": {"type": "Point", "coordinates": [-88.16720835856042, 41.79895242627767]}, "properties": {"POLENUMBER": "022006", "SUBTYPE": "SL", "MATERIAL": "CON"}}, {"type": "Feature", "geometry": {"type": "Point", "coordinates": [-88.16825517028012, 41.79889579451307]}, "properties": {"POLENUMBER": "022005", "SUBTYPE": "SL", "MATERIAL": "CON"}}, {"type": "Feature", "geometry": {"type": "Point", "coordinates": [-88.17016266381042, 41.798530439786404]}, "properties": {"POLENUMBER": "037097", "SUBTYPE": "SL", "MATERIAL": "CON"}}, {"type": "Feature", "geometry": {"type": "Point", "coordinates": [-88.19619085254712, 41.79923849453013]}, "properties": {"POLENUMBER": "019032", "SUBTYPE": "SL", "MATERIAL": "AL"}}, {"type": "Feature", "geometry": {"type": "Point", "coordinates": [-88.19721671448178, 41.79922558165627]}, "properties": {"POLENUMBER": "019033", "SUBTYPE": "SL", "MATERIAL": "AL"}}, {"type": "Feature", "geometry": {"type": "Point", "coordinates": [-88.19802854304113, 41.7992435115816]}, "properties": {"POLENUMBER": "019034", "SUBTYPE": "SL", "MATERIAL": "AL"}}, {"type": "Feature", "geometry": {"type": "Point", "coordinates": [-88.19926398328086, 41.79920872412864]}, "properties": {"POLENUMBER": "019035", "SUBTYPE": "SL", "MATERIAL": "AL"}}, {"type": "Feature", "geometry": {"type": "Point", "coordinates": [-88.20028364221521, 41.799197752018316]}, "properties": {"POLENUMBER": "019036", "SUBTYPE": "SL", "MATERIAL": "AL"}}, {"type": "Feature", "geometry": {"type": "Point", "coordinates": [-88.20125535823779, 41.79920578898077]}, "properties": {"POLENUMBER": "019037", "SUBTYPE": "SL", "MATERIAL": "AL"}}, {"type": "Feature", "geometry": {"type": "Point", "coordinates": [-88.20212471370259, 41.79922130800444]}, "properties": {"POLENUMBER": "019038", "SUBTYPE": "SL", "MATERIAL": "AL"}}, {"type": "Feature", "geometry": {"type": "Point", "coordinates": [-88.20306414624612, 41.79925242754954]}, "properties": {"POLENUMBER": "019039", "SUBTYPE": "SL", "MATERIAL": "AL"}}, {"type": "Feature", "geometry": {"type": "Point", "coordinates": [-88.20381384752487, 41.79925825872781]}, "properties": {"POLENUMBER": "019040", "SUBTYPE": "SL", "MATERIAL": "AL"}}, {"type": "Feature", "geometry": {"type": "Point", "coordinates": [-88.19670323004928, 41.79901763982624]}, "properties": {"POLENUMBER": "019041", "SUBTYPE": "SL", "MATERIAL": "AL"}}, {"type": "Feature", "geometry": {"type": "Point", "coordinates": [-88.19771833328011, 41.799009539208186]}, "properties": {"POLENUMBER": "019042", "SUBTYPE": "SL", "MATERIAL": "AL"}}, {"type": "Feature", "geometry": {"type": "Point", "coordinates": [-88.19979002827218, 41.79898910599655]}, "properties": {"POLENUMBER": "019044", "SUBTYPE": "SL", "MATERIAL": "AL"}}, {"type": "Feature", "geometry": {"type": "Point", "coordinates": [-88.20081000837352, 41.798981121483635]}, "properties": {"POLENUMBER": "019045", "SUBTYPE": "SL", "MATERIAL": "AL"}}, {"type": "Feature", "geometry": {"type": "Point", "coordinates": [-88.20168492719654, 41.79894122316761]}, "properties": {"POLENUMBER": "019046", "SUBTYPE": "SL", "MATERIAL": "AL"}}, {"type": "Feature", "geometry": {"type": "Point", "coordinates": [-88.20260346131603, 41.79888938943407]}, "properties": {"POLENUMBER": "019047", "SUBTYPE": "SL", "MATERIAL": "AL"}}, {"type": "Feature", "geometry": {"type": "Point", "coordinates": [-88.20389217313007, 41.798877788989685]}, "properties": {"POLENUMBER": "019050", "SUBTYPE": "SL", "MATERIAL": "AL"}}, {"type": "Feature", "geometry": {"type": "Point", "coordinates": [-88.20341939007022, 41.79888057313705]}, "properties": {"POLENUMBER": "019049", "SUBTYPE": "SL", "MATERIAL": "AL"}}, {"type": "Feature", "geometry": {"type": "Point", "coordinates": [-88.22530458588511, 41.79698602510021]}, "properties": {"POLENUMBER": "031003", "SUBTYPE": "SL", "MATERIAL": "CON"}}, {"type": "Feature", "geometry": {"type": "Point", "coordinates": [-88.22799697968665, 41.79669839758541]}, "properties": {"POLENUMBER": "031004", "SUBTYPE": "SL", "MATERIAL": "AL"}}, {"type": "Feature", "geometry": {"type": "Point", "coordinates": [-88.22531070040519, 41.795834657477535]}, "properties": {"POLENUMBER": "031005", "SUBTYPE": "SL", "MATERIAL": "CON"}}, {"type": "Feature", "geometry": {"type": "Point", "coordinates": [-88.22805802421004, 41.79574461480062]}, "properties": {"POLENUMBER": "031006", "SUBTYPE": "SL", "MATERIAL": "CON"}}, {"type": "Feature", "geometry": {"type": "Point", "coordinates": [-88.22531274745269, 41.795008925704465]}, "properties": {"POLENUMBER": "031007", "SUBTYPE": "SL", "MATERIAL": "CON"}}, {"type": "Feature", "geometry": {"type": "Point", "coordinates": [-88.22811797743006, 41.79478531521238]}, "properties": {"POLENUMBER": "031008", "SUBTYPE": "SL", "MATERIAL": "CON"}}, {"type": "Feature", "geometry": {"type": "Point", "coordinates": [-88.22815213277238, 41.79396918977352]}, "properties": {"POLENUMBER": "031009", "SUBTYPE": "SL", "MATERIAL": "AL"}}, {"type": "Feature", "geometry": {"type": "Point", "coordinates": [-88.22674236137111, 41.79391937173245]}, "properties": {"POLENUMBER": "031011", "SUBTYPE": "SL", "MATERIAL": "CON"}}, {"type": "Feature", "geometry": {"type": "Point", "coordinates": [-88.22532259877387, 41.79383734628591]}, "properties": {"POLENUMBER": "031012", "SUBTYPE": "SL", "MATERIAL": "CON"}}, {"type": "Feature", "geometry": {"type": "Point", "coordinates": [-88.22888427113035, 41.79289620295902]}, "properties": {"POLENUMBER": "031013", "SUBTYPE": "SL", "MATERIAL": "CON"}}, {"type": "Feature", "geometry": {"type": "Point", "coordinates": [-88.2253235218422, 41.792741424609154]}, "properties": {"POLENUMBER": "031014", "SUBTYPE": "SL", "MATERIAL": "CON"}}, {"type": "Feature", "geometry": {"type": "Point", "coordinates": [-88.22896782092894, 41.79180300141334]}, "properties": {"POLENUMBER": "031015", "SUBTYPE": "SL", "MATERIAL": "AL"}}, {"type": "Feature", "geometry": {"type": "Point", "coordinates": [-88.22532625095543, 41.79163961515532]}, "properties": {"POLENUMBER": "031016", "SUBTYPE": "SL", "MATERIAL": "CON"}}, {"type": "Feature", "geometry": {"type": "Point", "coordinates": [-88.22905347433135, 41.79070022435875]}, "properties": {"POLENUMBER": "046001", "SUBTYPE": "SL", "MATERIAL": "CON"}}, {"type": "Feature", "geometry": {"type": "Point", "coordinates": [-88.22533143165603, 41.790541484871675]}, "properties": {"POLENUMBER": "046002", "SUBTYPE": "SL", "MATERIAL": "CON"}}, {"type": "Feature", "geometry": {"type": "Point", "coordinates": [-88.22913243043895, 41.78961036654918]}, "properties": {"POLENUMBER": "046003", "SUBTYPE": "SL", "MATERIAL": "AL"}}, {"type": "Feature", "geometry": {"type": "Point", "coordinates": [-88.22533833008461, 41.78944623805059]}, "properties": {"POLENUMBER": "046004", "SUBTYPE": "SL", "MATERIAL": "CON"}}, {"type": "Feature", "geometry": {"type": "Point", "coordinates": [-88.22921492155564, 41.7885319282727]}, "properties": {"POLENUMBER": "046005", "SUBTYPE": "SL", "MATERIAL": "CON"}}, {"type": "Feature", "geometry": {"type": "Point", "coordinates": [-88.22534176831115, 41.788512270534056]}, "properties": {"POLENUMBER": "046006", "SUBTYPE": "SL", "MATERIAL": "AL"}}, {"type": "Feature", "geometry": {"type": "Point", "coordinates": [-88.22773021230186, 41.787585240531115]}, "properties": {"POLENUMBER": "046008", "SUBTYPE": "SL", "MATERIAL": "AL"}}, {"type": "Feature", "geometry": {"type": "Point", "coordinates": [-88.22662570360302, 41.7875766181927]}, "properties": {"POLENUMBER": "046009", "SUBTYPE": "SL", "MATERIAL": "CON"}}, {"type": "Feature", "geometry": {"type": "Point", "coordinates": [-88.22882009477219, 41.786462854178716]}, "properties": {"POLENUMBER": "046011", "SUBTYPE": "SL", "MATERIAL": "CON"}}, {"type": "Feature", "geometry": {"type": "Point", "coordinates": [-88.22567330455692, 41.78545756131205]}, "properties": {"POLENUMBER": "046012", "SUBTYPE": "SL", "MATERIAL": "CON"}}, {"type": "Feature", "geometry": {"type": "Point", "coordinates": [-88.22865283345816, 41.78539283262077]}, "properties": {"POLENUMBER": "046013", "SUBTYPE": "SL", "MATERIAL": "AL"}}, {"type": "Feature", "geometry": {"type": "Point", "coordinates": [-88.22534973109546, 41.78444452430408]}, "properties": {"POLENUMBER": "046014", "SUBTYPE": "SL", "MATERIAL": "CON"}}, {"type": "Feature", "geometry": {"type": "Point", "coordinates": [-88.228487941464, 41.784312493725125]}, "properties": {"POLENUMBER": "046015", "SUBTYPE": "SL", "MATERIAL": "CON"}}, {"type": "Feature", "geometry": {"type": "Point", "coordinates": [-88.22535284613956, 41.783593132449894]}, "properties": {"POLENUMBER": "046016", "SUBTYPE": "SL", "MATERIAL": "CON"}}, {"type": "Feature", "geometry": {"type": "Point", "coordinates": [-88.22556021820938, 41.78776814536504]}, "properties": {"POLENUMBER": "046017", "SUBTYPE": "SL", "MATERIAL": "CON"}}, {"type": "Feature", "geometry": {"type": "Point", "coordinates": [-88.2286574378766, 41.78747883074334]}, "properties": {"POLENUMBER": "046019", "SUBTYPE": "SL", "MATERIAL": "AL"}}, {"type": "Feature", "geometry": {"type": "Point", "coordinates": [-88.22922481411872, 41.78775269267945]}, "properties": {"POLENUMBER": "046018", "SUBTYPE": "SL", "MATERIAL": "AL"}}, {"type": "Feature", "geometry": {"type": "Point", "coordinates": [-88.22880497654123, 41.79387082872672]}, "properties": {"POLENUMBER": "031010", "SUBTYPE": "SL", "MATERIAL": "AL"}}, {"type": "Feature", "geometry": {"type": "Point", "coordinates": [-88.14264468304732, 41.7813428122662]}, "properties": {"POLENUMBER": "070155", "SUBTYPE": "UPL", "MATERIAL": "WD"}}, {"type": "Feature", "geometry": {"type": "Point", "coordinates": [-88.21215008195169, 41.80024691169473]}, "properties": {"POLENUMBER": "018020", "SUBTYPE": "SL", "MATERIAL": "CON"}}, {"type": "Feature", "geometry": {"type": "Point", "coordinates": [-88.21306602944459, 41.8002408982592]}, "properties": {"POLENUMBER": "018021", "SUBTYPE": "SL", "MATERIAL": "CON"}}, {"type": "Feature", "geometry": {"type": "Point", "coordinates": [-88.21407909450403, 41.800233617032774]}, "properties": {"POLENUMBER": "018022", "SUBTYPE": "SL", "MATERIAL": "CON"}}, {"type": "Feature", "geometry": {"type": "Point", "coordinates": [-88.20823682933761, 41.79890688939341]}, "properties": {"POLENUMBER": "018026", "SUBTYPE": "SL", "MATERIAL": "AL"}}, {"type": "Feature", "geometry": {"type": "Point", "coordinates": [-88.2073745931751, 41.79889475036078]}, "properties": {"POLENUMBER": "018027", "SUBTYPE": "SL", "MATERIAL": "AL"}}, {"type": "Feature", "geometry": {"type": "Point", "coordinates": [-88.21085683640736, 41.79893542051219]}, "properties": {"POLENUMBER": "018028", "SUBTYPE": "SL", "MATERIAL": "AL"}}, {"type": "Feature", "geometry": {"type": "Point", "coordinates": [-88.20950860364005, 41.798930342263695]}, "properties": {"POLENUMBER": "018029", "SUBTYPE": "SL", "MATERIAL": "AL"}}, {"type": "Feature", "geometry": {"type": "Point", "coordinates": [-88.20663664032176, 41.798880510897725]}, "properties": {"POLENUMBER": "018030", "SUBTYPE": "SL", "MATERIAL": "AL"}}, {"type": "Feature", "geometry": {"type": "Point", "coordinates": [-88.21257481437699, 41.7989402689561]}, "properties": {"POLENUMBER": "018031", "SUBTYPE": "SL", "MATERIAL": "AL"}}, {"type": "Feature", "geometry": {"type": "Point", "coordinates": [-88.21327635238984, 41.79894398804359]}, "properties": {"POLENUMBER": "018032", "SUBTYPE": "SL", "MATERIAL": "AL"}}, {"type": "Feature", "geometry": {"type": "Point", "coordinates": [-88.20605742541875, 41.79885933522492]}, "properties": {"POLENUMBER": "018033", "SUBTYPE": "SL", "MATERIAL": "AL"}}, {"type": "Feature", "geometry": {"type": "Point", "coordinates": [-88.21157194842674, 41.79891921069105]}, "properties": {"POLENUMBER": "018034", "SUBTYPE": "SL", "MATERIAL": "AL"}}, {"type": "Feature", "geometry": {"type": "Point", "coordinates": [-88.22504156060889, 41.798769488218085]}, "properties": {"POLENUMBER": "017001", "SUBTYPE": "SL", "MATERIAL": "AL"}}, {"type": "Feature", "geometry": {"type": "Point", "coordinates": [-88.1482658547405, 41.79437745322537]}, "properties": {"POLENUMBER": "039011", "SUBTYPE": "SL", "MATERIAL": "CON"}}, {"type": "Feature", "geometry": {"type": "Point", "coordinates": [-88.16613025806885, 41.79438280541405]}, "properties": {"POLENUMBER": "038021", "SUBTYPE": "SL", "MATERIAL": "CON"}}, {"type": "Feature", "geometry": {"type": "Point", "coordinates": [-88.15865136763045, 41.7942609712757]}, "properties": {"POLENUMBER": "038022", "SUBTYPE": "SL", "MATERIAL": "AL"}}, {"type": "Feature", "geometry": {"type": "Point", "coordinates": [-88.14964308895443, 41.794027211941724]}, "properties": {"POLENUMBER": "039014", "SUBTYPE": "UPL", "MATERIAL": "WD"}}, {"type": "Feature", "geometry": {"type": "Point", "coordinates": [-88.14889994543698, 41.793990081586365]}, "properties": {"POLENUMBER": "039015", "SUBTYPE": "SL", "MATERIAL": "CON"}}, {"type": "Feature", "geometry": {"type": "Point", "coordinates": [-88.14834104699335, 41.793948998055896]}, "properties": {"POLENUMBER": "039017", "SUBTYPE": "SL", "MATERIAL": "CON"}}, {"type": "Feature", "geometry": {"type": "Point", "coordinates": [-88.1477794892409, 41.793900778453526]}, "properties": {"POLENUMBER": "039019", "SUBTYPE": "SL", "MATERIAL": "CON"}}, {"type": "Feature", "geometry": {"type": "Point", "coordinates": [-88.15720515861621, 41.793994483823866]}, "properties": {"POLENUMBER": "038025", "SUBTYPE": "SL", "MATERIAL": "AL"}}, {"type": "Feature", "geometry": {"type": "Point", "coordinates": [-88.14724002148486, 41.79385857658996]}, "properties": {"POLENUMBER": "039021", "SUBTYPE": "SL", "MATERIAL": "CON"}}, {"type": "Feature", "geometry": {"type": "Point", "coordinates": [-88.16331769155072, 41.79383879044037]}, "properties": {"POLENUMBER": "038026", "SUBTYPE": "SL", "MATERIAL": "CON"}}, {"type": "Feature", "geometry": {"type": "Point", "coordinates": [-88.1509800157039, 41.79345344936373]}, "properties": {"POLENUMBER": "039023", "SUBTYPE": "SL", "MATERIAL": "AL"}}, {"type": "Feature", "geometry": {"type": "Point", "coordinates": [-88.15820380858732, 41.793336337636894]}, "properties": {"POLENUMBER": "038030", "SUBTYPE": "SL", "MATERIAL": "AL"}}, {"type": "Feature", "geometry": {"type": "Point", "coordinates": [-88.14943942559907, 41.79323990131027]}, "properties": {"POLENUMBER": "039024", "SUBTYPE": "SL", "MATERIAL": "CON"}}, {"type": "Feature", "geometry": {"type": "Point", "coordinates": [-88.1507021027839, 41.79300648194667]}, "properties": {"POLENUMBER": "039025", "SUBTYPE": "SL", "MATERIAL": "CON"}}, {"type": "Feature", "geometry": {"type": "Point", "coordinates": [-88.15702153498161, 41.793008231212234]}, "properties": {"POLENUMBER": "038029", "SUBTYPE": "SL", "MATERIAL": "AL"}}, {"type": "Feature", "geometry": {"type": "Point", "coordinates": [-88.15897479242105, 41.7929181581744]}, "properties": {"POLENUMBER": "038031", "SUBTYPE": "SL", "MATERIAL": "AL"}}, {"type": "Feature", "geometry": {"type": "Point", "coordinates": [-88.14462563766394, 41.78259518341365]}, "properties": {"POLENUMBER": "070037", "SUBTYPE": "SL", "MATERIAL": "AL"}}, {"type": "Feature", "geometry": {"type": "Point", "coordinates": [-88.14528644158202, 41.782990322328324]}, "properties": {"POLENUMBER": "070179", "SUBTYPE": "UPL", "MATERIAL": "WD"}}, {"type": "Feature", "geometry": {"type": "Point", "coordinates": [-88.14388140163024, 41.78291904979402]}, "properties": {"POLENUMBER": "070159", "SUBTYPE": "UPL", "MATERIAL": "WD"}}, {"type": "Feature", "geometry": {"type": "Point", "coordinates": [-88.14323719936374, 41.782516087208485]}, "properties": {"POLENUMBER": "070034", "SUBTYPE": "SL", "MATERIAL": "AL"}}, {"type": "Feature", "geometry": {"type": "Point", "coordinates": [-88.14326516497215, 41.78196704007585]}, "properties": {"POLENUMBER": "070033", "SUBTYPE": "SL", "MATERIAL": "AL"}}, {"type": "Feature", "geometry": {"type": "Point", "coordinates": [-88.14255112087672, 41.78189711745685]}, "properties": {"POLENUMBER": "070156", "SUBTYPE": "UPL", "MATERIAL": "WD"}}, {"type": "Feature", "geometry": {"type": "Point", "coordinates": [-88.14104860044995, 41.78183108204741]}, "properties": {"POLENUMBER": "070147", "SUBTYPE": "UPL", "MATERIAL": "WD"}}, {"type": "Feature", "geometry": {"type": "Point", "coordinates": [-88.1402369950147, 41.78185145557024]}, "properties": {"POLENUMBER": "070015", "SUBTYPE": "SL", "MATERIAL": "AL"}}, {"type": "Feature", "geometry": {"type": "Point", "coordinates": [-88.14033460398348, 41.781164498703596]}, "properties": {"POLENUMBER": "070018", "SUBTYPE": "SL", "MATERIAL": "AL"}}, {"type": "Feature", "geometry": {"type": "Point", "coordinates": [-88.13885260823454, 41.7815807817127]}, "properties": {"POLENUMBER": "070009", "SUBTYPE": "SL", "MATERIAL": "AL"}}, {"type": "Feature", "geometry": {"type": "Point", "coordinates": [-88.1403046012583, 41.78219526644376]}, "properties": {"POLENUMBER": "070014", "SUBTYPE": "SL", "MATERIAL": "AL"}}, {"type": "Feature", "geometry": {"type": "Point", "coordinates": [-88.14013759619183, 41.782572136845516]}, "properties": {"POLENUMBER": "070013", "SUBTYPE": "SL", "MATERIAL": "AL"}}, {"type": "Feature", "geometry": {"type": "Point", "coordinates": [-88.14020245926304, 41.782901342843275]}, "properties": {"POLENUMBER": "070012", "SUBTYPE": "SL", "MATERIAL": "AL"}}, {"type": "Feature", "geometry": {"type": "Point", "coordinates": [-88.14003430051639, 41.78328342510741]}, "properties": {"POLENUMBER": "070011", "SUBTYPE": "SL", "MATERIAL": "AL"}}, {"type": "Feature", "geometry": {"type": "Point", "coordinates": [-88.13930766973772, 41.783632885130146]}, "properties": {"POLENUMBER": "070146", "SUBTYPE": "SL", "MATERIAL": "AL"}}, {"type": "Feature", "geometry": {"type": "Point", "coordinates": [-88.13990776661265, 41.78390851028164]}, "properties": {"POLENUMBER": "070010", "SUBTYPE": "SL", "MATERIAL": "AL"}}, {"type": "Feature", "geometry": {"type": "Point", "coordinates": [-88.14075617396064, 41.78395880451862]}, "properties": {"POLENUMBER": "070008", "SUBTYPE": "SL", "MATERIAL": "AL"}}, {"type": "Feature", "geometry": {"type": "Point", "coordinates": [-88.14142491589728, 41.78397559345089]}, "properties": {"POLENUMBER": "070007", "SUBTYPE": "SL", "MATERIAL": "CON"}}, {"type": "Feature", "geometry": {"type": "Point", "coordinates": [-88.14156182781622, 41.78318809582722]}, "properties": {"POLENUMBER": "070025", "SUBTYPE": "SL", "MATERIAL": "AL"}}, {"type": "Feature", "geometry": {"type": "Point", "coordinates": [-88.14162234143508, 41.78355211975251]}, "properties": {"POLENUMBER": "070024", "SUBTYPE": "SL", "MATERIAL": "AL"}}, {"type": "Feature", "geometry": {"type": "Point", "coordinates": [-88.1417349927212, 41.78273474966203]}, "properties": {"POLENUMBER": "070026", "SUBTYPE": "SL", "MATERIAL": "AL"}}, {"type": "Feature", "geometry": {"type": "Point", "coordinates": [-88.14168383556013, 41.78230690923963]}, "properties": {"POLENUMBER": "070027", "SUBTYPE": "SL", "MATERIAL": "AL"}}, {"type": "Feature", "geometry": {"type": "Point", "coordinates": [-88.14319771220767, 41.783025799081194]}, "properties": {"POLENUMBER": "070035", "SUBTYPE": "SL", "MATERIAL": "AL"}}, {"type": "Feature", "geometry": {"type": "Point", "coordinates": [-88.1431217264801, 41.78420153591446]}, "properties": {"POLENUMBER": "070006", "SUBTYPE": "SL", "MATERIAL": "AL"}}, {"type": "Feature", "geometry": {"type": "Point", "coordinates": [-88.14315799292783, 41.783737607675924]}, "properties": {"POLENUMBER": "070157", "SUBTYPE": "SL", "MATERIAL": "AL"}}, {"type": "Feature", "geometry": {"type": "Point", "coordinates": [-88.1438088226666, 41.78408314923995]}, "properties": {"POLENUMBER": "070145", "SUBTYPE": "UPL", "MATERIAL": "WD"}}, {"type": "Feature", "geometry": {"type": "Point", "coordinates": [-88.1445977084196, 41.78311558764709]}, "properties": {"POLENUMBER": "070036", "SUBTYPE": "SL", "MATERIAL": "AL"}}, {"type": "Feature", "geometry": {"type": "Point", "coordinates": [-88.14457764261293, 41.78364166442462]}, "properties": {"POLENUMBER": "070158", "SUBTYPE": "SL", "MATERIAL": "AL"}}, {"type": "Feature", "geometry": {"type": "Point", "coordinates": [-88.14519346809294, 41.784283074459594]}, "properties": {"POLENUMBER": "070003", "SUBTYPE": "UPL", "MATERIAL": "WD"}}, {"type": "Feature", "geometry": {"type": "Point", "coordinates": [-88.14203518814587, 41.778449266504204]}, "properties": {"POLENUMBER": "070134", "SUBTYPE": "SL", "MATERIAL": "AL"}}, {"type": "Feature", "geometry": {"type": "Point", "coordinates": [-88.14260633935558, 41.77961663393001]}, "properties": {"POLENUMBER": "070197", "SUBTYPE": "SL", "MATERIAL": "CON"}}, {"type": "Feature", "geometry": {"type": "Point", "coordinates": [-88.14062659819233, 41.77895284818737]}, "properties": {"POLENUMBER": "070198", "SUBTYPE": "SL", "MATERIAL": "AL"}}, {"type": "Feature", "geometry": {"type": "Point", "coordinates": [-88.14086230245985, 41.77843575411822]}, "properties": {"POLENUMBER": "070140", "SUBTYPE": "SL", "MATERIAL": "AL"}}, {"type": "Feature", "geometry": {"type": "Point", "coordinates": [-88.13988148613812, 41.77822992960299]}, "properties": {"POLENUMBER": "070141", "SUBTYPE": "SL", "MATERIAL": "AL"}}, {"type": "Feature", "geometry": {"type": "Point", "coordinates": [-88.14063306607888, 41.778211488214865]}, "properties": {"POLENUMBER": "070064", "SUBTYPE": "SL", "MATERIAL": "AL"}}, {"type": "Feature", "geometry": {"type": "Point", "coordinates": [-88.14061979935107, 41.77838361182646]}, "properties": {"POLENUMBER": "070199", "SUBTYPE": "SL", "MATERIAL": "AL"}}, {"type": "Feature", "geometry": {"type": "Point", "coordinates": [-88.13962263496728, 41.77948339779855]}, "properties": {"POLENUMBER": "070082", "SUBTYPE": "SL", "MATERIAL": "AL"}}, {"type": "Feature", "geometry": {"type": "Point", "coordinates": [-88.14068045305413, 41.7775047095002]}, "properties": {"POLENUMBER": "070092", "SUBTYPE": "SL", "MATERIAL": "AL"}}, {"type": "Feature", "geometry": {"type": "Point", "coordinates": [-88.14011251995039, 41.77744378704738]}, "properties": {"POLENUMBER": "070090", "SUBTYPE": "SL", "MATERIAL": "CON"}}, {"type": "Feature", "geometry": {"type": "Point", "coordinates": [-88.14055056467538, 41.777371340473636]}, "properties": {"POLENUMBER": "070091", "SUBTYPE": "SL", "MATERIAL": "AL"}}, {"type": "Feature", "geometry": {"type": "Point", "coordinates": [-88.13947956241374, 41.77733820120493]}, "properties": {"POLENUMBER": "070181", "SUBTYPE": "SL", "MATERIAL": "CON"}}, {"type": "Feature", "geometry": {"type": "Point", "coordinates": [-88.13940159694388, 41.77778941010565]}, "properties": {"POLENUMBER": "070182", "SUBTYPE": "SL", "MATERIAL": "AL"}}, {"type": "Feature", "geometry": {"type": "Point", "coordinates": [-88.13896690954968, 41.779559432535336]}, "properties": {"POLENUMBER": "070084", "SUBTYPE": "SL", "MATERIAL": "AL"}}, {"type": "Feature", "geometry": {"type": "Point", "coordinates": [-88.13917638562164, 41.779396335712185]}, "properties": {"POLENUMBER": "070083", "SUBTYPE": "SL", "MATERIAL": "AL"}}, {"type": "Feature", "geometry": {"type": "Point", "coordinates": [-88.13911968149083, 41.77889304219965]}, "properties": {"POLENUMBER": "070085", "SUBTYPE": "SL", "MATERIAL": "AL"}}, {"type": "Feature", "geometry": {"type": "Point", "coordinates": [-88.1393220764117, 41.77837786497256]}, "properties": {"POLENUMBER": "070086", "SUBTYPE": "SL", "MATERIAL": "AL"}}, {"type": "Feature", "geometry": {"type": "Point", "coordinates": [-88.13917852360086, 41.7783106615485]}, "properties": {"POLENUMBER": "070087", "SUBTYPE": "SL", "MATERIAL": "AL"}}, {"type": "Feature", "geometry": {"type": "Point", "coordinates": [-88.13926795324848, 41.7774612423722]}, "properties": {"POLENUMBER": "070089", "SUBTYPE": "SL", "MATERIAL": "CON"}}, {"type": "Feature", "geometry": {"type": "Point", "coordinates": [-88.13869595365361, 41.77740357706847]}, "properties": {"POLENUMBER": "070204", "SUBTYPE": "SL", "MATERIAL": "CON"}}, {"type": "Feature", "geometry": {"type": "Point", "coordinates": [-88.13917117241995, 41.77819519553766]}, "properties": {"POLENUMBER": "070088", "SUBTYPE": "SL", "MATERIAL": "AL"}}, {"type": "Feature", "geometry": {"type": "Point", "coordinates": [-88.1386374409637, 41.78350810178326]}, "properties": {"POLENUMBER": "071006", "SUBTYPE": "SL", "MATERIAL": "AL"}}, {"type": "Feature", "geometry": {"type": "Point", "coordinates": [-88.13786525460584, 41.78352575491616]}, "properties": {"POLENUMBER": "071005", "SUBTYPE": "SL", "MATERIAL": "AL"}}, {"type": "Feature", "geometry": {"type": "Point", "coordinates": [-88.13684949462427, 41.784124121871116]}, "properties": {"POLENUMBER": "071127", "SUBTYPE": "SL", "MATERIAL": "AL"}}, {"type": "Feature", "geometry": {"type": "Point", "coordinates": [-88.13696985375383, 41.78445674503298]}, "properties": {"POLENUMBER": "071002", "SUBTYPE": "SL", "MATERIAL": "AL"}}, {"type": "Feature", "geometry": {"type": "Point", "coordinates": [-88.13756605670956, 41.784334515516456]}, "properties": {"POLENUMBER": "071001", "SUBTYPE": "SL", "MATERIAL": "AL"}}, {"type": "Feature", "geometry": {"type": "Point", "coordinates": [-88.13856597537956, 41.78286040750212]}, "properties": {"POLENUMBER": "071007", "SUBTYPE": "SL", "MATERIAL": "AL"}}, {"type": "Feature", "geometry": {"type": "Point", "coordinates": [-88.1387353833503, 41.78246831294382]}, "properties": {"POLENUMBER": "071008", "SUBTYPE": "SL", "MATERIAL": "AL"}}, {"type": "Feature", "geometry": {"type": "Point", "coordinates": [-88.13867660125854, 41.78204660503194]}, "properties": {"POLENUMBER": "071009", "SUBTYPE": "SL", "MATERIAL": "AL"}}, {"type": "Feature", "geometry": {"type": "Point", "coordinates": [-88.13617620912542, 41.78386964605423]}, "properties": {"POLENUMBER": "071076", "SUBTYPE": "SL", "MATERIAL": "CON"}}, {"type": "Feature", "geometry": {"type": "Point", "coordinates": [-88.13554771750725, 41.784107123096284]}, "properties": {"POLENUMBER": "071012", "SUBTYPE": "SL", "MATERIAL": "CON"}}, {"type": "Feature", "geometry": {"type": "Point", "coordinates": [-88.13500311734472, 41.78427899888511]}, "properties": {"POLENUMBER": "071013", "SUBTYPE": "SL", "MATERIAL": "AL"}}, {"type": "Feature", "geometry": {"type": "Point", "coordinates": [-88.13459840921735, 41.78379191926032]}, "properties": {"POLENUMBER": "071014", "SUBTYPE": "SL", "MATERIAL": "CON"}}, {"type": "Feature", "geometry": {"type": "Point", "coordinates": [-88.13450192287878, 41.78339426660446]}, "properties": {"POLENUMBER": "071015", "SUBTYPE": "SL", "MATERIAL": "CON"}}, {"type": "Feature", "geometry": {"type": "Point", "coordinates": [-88.13561913534517, 41.78309514409253]}, "properties": {"POLENUMBER": "071031", "SUBTYPE": "SL", "MATERIAL": "CON"}}, {"type": "Feature", "geometry": {"type": "Point", "coordinates": [-88.21806855609952, 41.798776567251124]}, "properties": {"POLENUMBER": "017002", "SUBTYPE": "SL", "MATERIAL": "CON"}}, {"type": "Feature", "geometry": {"type": "Point", "coordinates": [-88.21719278432407, 41.79874525122556]}, "properties": {"POLENUMBER": "017003", "SUBTYPE": "SL", "MATERIAL": "CON"}}, {"type": "Feature", "geometry": {"type": "Point", "coordinates": [-88.21902408001706, 41.798737038190815]}, "properties": {"POLENUMBER": "017004", "SUBTYPE": "SL", "MATERIAL": "AL"}}, {"type": "Feature", "geometry": {"type": "Point", "coordinates": [-88.21987801810738, 41.79873251135889]}, "properties": {"POLENUMBER": "017005", "SUBTYPE": "SL", "MATERIAL": "CON"}}, {"type": "Feature", "geometry": {"type": "Point", "coordinates": [-88.21589130023926, 41.79844913476149]}, "properties": {"POLENUMBER": "017007", "SUBTYPE": "SL", "MATERIAL": "CON"}}, {"type": "Feature", "geometry": {"type": "Point", "coordinates": [-88.21630157657529, 41.79842984906367]}, "properties": {"POLENUMBER": "017008", "SUBTYPE": "SL", "MATERIAL": "CON"}}, {"type": "Feature", "geometry": {"type": "Point", "coordinates": [-88.21716842485482, 41.798424087815384]}, "properties": {"POLENUMBER": "017009", "SUBTYPE": "SL", "MATERIAL": "CON"}}, {"type": "Feature", "geometry": {"type": "Point", "coordinates": [-88.21986596367168, 41.79828937622055]}, "properties": {"POLENUMBER": "017010", "SUBTYPE": "SL", "MATERIAL": "CON"}}, {"type": "Feature", "geometry": {"type": "Point", "coordinates": [-88.21219696348977, 41.79844260386785]}, "properties": {"POLENUMBER": "018040", "SUBTYPE": "SL", "MATERIAL": "AL"}}, {"type": "Feature", "geometry": {"type": "Point", "coordinates": [-88.21894089552455, 41.79820253469821]}, "properties": {"POLENUMBER": "017011", "SUBTYPE": "SL", "MATERIAL": "AL"}}, {"type": "Feature", "geometry": {"type": "Point", "coordinates": [-88.2094215580883, 41.798289294399346]}, "properties": {"POLENUMBER": "018045", "SUBTYPE": "SL", "MATERIAL": "AL"}}, {"type": "Feature", "geometry": {"type": "Point", "coordinates": [-88.20676009800562, 41.810125333447154]}, "properties": {"POLENUMBER": "003001", "SUBTYPE": "SL", "MATERIAL": "CON"}}, {"type": "Feature", "geometry": {"type": "Point", "coordinates": [-88.20655076063746, 41.809205510425386]}, "properties": {"POLENUMBER": "003003", "SUBTYPE": "SL", "MATERIAL": "CON"}}, {"type": "Feature", "geometry": {"type": "Point", "coordinates": [-88.20673107053568, 41.809645683092484]}, "properties": {"POLENUMBER": "003002", "SUBTYPE": "SL", "MATERIAL": "CON"}}, {"type": "Feature", "geometry": {"type": "Point", "coordinates": [-88.20640889642185, 41.80880502902934]}, "properties": {"POLENUMBER": "003004", "SUBTYPE": "SL", "MATERIAL": "CON"}}, {"type": "Feature", "geometry": {"type": "Point", "coordinates": [-88.20636335594398, 41.80836526503368]}, "properties": {"POLENUMBER": "003005", "SUBTYPE": "SL", "MATERIAL": "CON"}}, {"type": "Feature", "geometry": {"type": "Point", "coordinates": [-88.20634250756885, 41.807924902535596]}, "properties": {"POLENUMBER": "003006", "SUBTYPE": "SL", "MATERIAL": "CON"}}, {"type": "Feature", "geometry": {"type": "Point", "coordinates": [-88.20602412907922, 41.80746186374255]}, "properties": {"POLENUMBER": "003007", "SUBTYPE": "SL", "MATERIAL": "CON"}}, {"type": "Feature", "geometry": {"type": "Point", "coordinates": [-88.20670474474471, 41.80744233901654]}, "properties": {"POLENUMBER": "003008", "SUBTYPE": "SL", "MATERIAL": "CON"}}, {"type": "Feature", "geometry": {"type": "Point", "coordinates": [-88.20729646242518, 41.80741676228456]}, "properties": {"POLENUMBER": "003009", "SUBTYPE": "SL", "MATERIAL": "AL"}}, {"type": "Feature", "geometry": {"type": "Point", "coordinates": [-88.20949571246454, 41.807244992281035]}, "properties": {"POLENUMBER": "003013", "SUBTYPE": "SL", "MATERIAL": "CON"}}, {"type": "Feature", "geometry": {"type": "Point", "coordinates": [-88.21079042461132, 41.807136120913874]}, "properties": {"POLENUMBER": "003015", "SUBTYPE": "SL", "MATERIAL": "CON"}}, {"type": "Feature", "geometry": {"type": "Point", "coordinates": [-88.21020045700284, 41.80718433004045]}, "properties": {"POLENUMBER": "003014", "SUBTYPE": "SL", "MATERIAL": "CON"}}, {"type": "Feature", "geometry": {"type": "Point", "coordinates": [-88.20894581951501, 41.79891624328248]}, "properties": {"POLENUMBER": "018025", "SUBTYPE": "SL", "MATERIAL": "AL"}}, {"type": "Feature", "geometry": {"type": "Point", "coordinates": [-88.2120159455802, 41.80006581662119]}, "properties": {"POLENUMBER": "018044", "SUBTYPE": "SL", "MATERIAL": "AL"}}, {"type": "Feature", "geometry": {"type": "Point", "coordinates": [-88.21210071443859, 41.799687675562346]}, "properties": {"POLENUMBER": "018043", "SUBTYPE": "SL", "MATERIAL": "AL"}}, {"type": "Feature", "geometry": {"type": "Point", "coordinates": [-88.21217401512985, 41.7992317230821]}, "properties": {"POLENUMBER": "018042", "SUBTYPE": "SL", "MATERIAL": "AL"}}, {"type": "Feature", "geometry": {"type": "Point", "coordinates": [-88.13422111600916, 41.798816920997815]}, "properties": {"POLENUMBER": "041002", "SUBTYPE": "SL", "MATERIAL": "CON"}}, {"type": "Feature", "geometry": {"type": "Point", "coordinates": [-88.14384946960809, 41.7987691260305]}, "properties": {"POLENUMBER": "040001", "SUBTYPE": "SL", "MATERIAL": "CON"}}, {"type": "Feature", "geometry": {"type": "Point", "coordinates": [-88.13267067624894, 41.79872783283539]}, "properties": {"POLENUMBER": "041003", "SUBTYPE": "SL", "MATERIAL": "CON"}}, {"type": "Feature", "geometry": {"type": "Point", "coordinates": [-88.14106430333412, 41.79868897529084]}, "properties": {"POLENUMBER": "040002", "SUBTYPE": "SL", "MATERIAL": "CON"}}, {"type": "Feature", "geometry": {"type": "Point", "coordinates": [-88.14236371707082, 41.7986539569326]}, "properties": {"POLENUMBER": "040003", "SUBTYPE": "SL", "MATERIAL": "CON"}}, {"type": "Feature", "geometry": {"type": "Point", "coordinates": [-88.14043473563915, 41.79860699012017]}, "properties": {"POLENUMBER": "040004", "SUBTYPE": "SL", "MATERIAL": "CON"}}, {"type": "Feature", "geometry": {"type": "Point", "coordinates": [-88.13937892224266, 41.79839623343136]}, "properties": {"POLENUMBER": "041004", "SUBTYPE": "SL", "MATERIAL": "CON"}}, {"type": "Feature", "geometry": {"type": "Point", "coordinates": [-88.14637502757219, 41.798393507330566]}, "properties": {"POLENUMBER": "040005", "SUBTYPE": "SL", "MATERIAL": "CON"}}, {"type": "Feature", "geometry": {"type": "Point", "coordinates": [-88.14327426934238, 41.79838251918847]}, "properties": {"POLENUMBER": "040006", "SUBTYPE": "SL", "MATERIAL": "CON"}}, {"type": "Feature", "geometry": {"type": "Point", "coordinates": [-88.14394461521948, 41.79827961665149]}, "properties": {"POLENUMBER": "040007", "SUBTYPE": "SL", "MATERIAL": "CON"}}, {"type": "Feature", "geometry": {"type": "Point", "coordinates": [-88.14082304645241, 41.79825156795527]}, "properties": {"POLENUMBER": "040008", "SUBTYPE": "SL", "MATERIAL": "CON"}}, {"type": "Feature", "geometry": {"type": "Point", "coordinates": [-88.14525583141824, 41.798230534909045]}, "properties": {"POLENUMBER": "040009", "SUBTYPE": "SL", "MATERIAL": "CON"}}, {"type": "Feature", "geometry": {"type": "Point", "coordinates": [-88.14276002494546, 41.79793505889123]}, "properties": {"POLENUMBER": "040011", "SUBTYPE": "SL", "MATERIAL": "CON"}}, {"type": "Feature", "geometry": {"type": "Point", "coordinates": [-88.13163550449276, 41.797895182112356]}, "properties": {"POLENUMBER": "041006", "SUBTYPE": "SL", "MATERIAL": "AL"}}, {"type": "Feature", "geometry": {"type": "Point", "coordinates": [-88.13328758499904, 41.79787757052398]}, "properties": {"POLENUMBER": "041007", "SUBTYPE": "SL", "MATERIAL": "AL"}}, {"type": "Feature", "geometry": {"type": "Point", "coordinates": [-88.14650949974644, 41.797842313073275]}, "properties": {"POLENUMBER": "040012", "SUBTYPE": "SL", "MATERIAL": "CON"}}, {"type": "Feature", "geometry": {"type": "Point", "coordinates": [-88.13083296316286, 41.797784423326924]}, "properties": {"POLENUMBER": "041008", "SUBTYPE": "SL", "MATERIAL": "AL"}}, {"type": "Feature", "geometry": {"type": "Point", "coordinates": [-88.13038749500696, 41.79778631310432]}, "properties": {"POLENUMBER": "041009", "SUBTYPE": "SL", "MATERIAL": "AL"}}, {"type": "Feature", "geometry": {"type": "Point", "coordinates": [-88.14505115518526, 41.79779080943394]}, "properties": {"POLENUMBER": "040013", "SUBTYPE": "SL", "MATERIAL": "AL"}}, {"type": "Feature", "geometry": {"type": "Point", "coordinates": [-88.14433826132587, 41.79778620845912]}, "properties": {"POLENUMBER": "040014", "SUBTYPE": "SL", "MATERIAL": "CON"}}, {"type": "Feature", "geometry": {"type": "Point", "coordinates": [-88.14082736771554, 41.79772672190964]}, "properties": {"POLENUMBER": "040015", "SUBTYPE": "SL", "MATERIAL": "AL"}}, {"type": "Feature", "geometry": {"type": "Point", "coordinates": [-88.1439298159999, 41.79762603695651]}, "properties": {"POLENUMBER": "040016", "SUBTYPE": "SL", "MATERIAL": "CON"}}, {"type": "Feature", "geometry": {"type": "Point", "coordinates": [-88.14108314848788, 41.797598721948425]}, "properties": {"POLENUMBER": "040017", "SUBTYPE": "SL", "MATERIAL": "AL"}}, {"type": "Feature", "geometry": {"type": "Point", "coordinates": [-88.14300200095478, 41.7976007646217]}, "properties": {"POLENUMBER": "040018", "SUBTYPE": "SL", "MATERIAL": "CON"}}, {"type": "Feature", "geometry": {"type": "Point", "coordinates": [-88.13580279884434, 41.79742636305656]}, "properties": {"POLENUMBER": "041012", "SUBTYPE": "SL", "MATERIAL": "AL"}}, {"type": "Feature", "geometry": {"type": "Point", "coordinates": [-88.14460971334219, 41.797439170561155]}, "properties": {"POLENUMBER": "040020", "SUBTYPE": "SL", "MATERIAL": "AL"}}, {"type": "Feature", "geometry": {"type": "Point", "coordinates": [-88.13147911911639, 41.79738309496879]}, "properties": {"POLENUMBER": "041013", "SUBTYPE": "SL", "MATERIAL": "CON"}}, {"type": "Feature", "geometry": {"type": "Point", "coordinates": [-88.1464699780745, 41.79735796118664]}, "properties": {"POLENUMBER": "040021", "SUBTYPE": "SL", "MATERIAL": "AL"}}, {"type": "Feature", "geometry": {"type": "Point", "coordinates": [-88.13426078111935, 41.797317200380405]}, "properties": {"POLENUMBER": "041014", "SUBTYPE": "SL", "MATERIAL": "CON"}}, {"type": "Feature", "geometry": {"type": "Point", "coordinates": [-88.13889362021138, 41.79731161433628]}, "properties": {"POLENUMBER": "041015", "SUBTYPE": "SL", "MATERIAL": "AL"}}, {"type": "Feature", "geometry": {"type": "Point", "coordinates": [-88.14334133063215, 41.7972579594981]}, "properties": {"POLENUMBER": "040022", "SUBTYPE": "SL", "MATERIAL": "CON"}}, {"type": "Feature", "geometry": {"type": "Point", "coordinates": [-88.13034199748101, 41.79720073566184]}, "properties": {"POLENUMBER": "041016", "SUBTYPE": "SL", "MATERIAL": "AL"}}, {"type": "Feature", "geometry": {"type": "Point", "coordinates": [-88.13799894611005, 41.79720931745234]}, "properties": {"POLENUMBER": "041017", "SUBTYPE": "SL", "MATERIAL": "AL"}}, {"type": "Feature", "geometry": {"type": "Point", "coordinates": [-88.14517879630968, 41.79713378522954]}, "properties": {"POLENUMBER": "040023", "SUBTYPE": "SL", "MATERIAL": "CON"}}, {"type": "Feature", "geometry": {"type": "Point", "coordinates": [-88.13685529789193, 41.79712799862363]}, "properties": {"POLENUMBER": "041018", "SUBTYPE": "SL", "MATERIAL": "AL"}}, {"type": "Feature", "geometry": {"type": "Point", "coordinates": [-88.13556383807439, 41.79703173817074]}, "properties": {"POLENUMBER": "041019", "SUBTYPE": "SL", "MATERIAL": "CON"}}, {"type": "Feature", "geometry": {"type": "Point", "coordinates": [-88.13138499340887, 41.79698061435223]}, "properties": {"POLENUMBER": "041020", "SUBTYPE": "SL", "MATERIAL": "CON"}}, {"type": "Feature", "geometry": {"type": "Point", "coordinates": [-88.1321308726795, 41.79696562208479]}, "properties": {"POLENUMBER": "041021", "SUBTYPE": "SL", "MATERIAL": "CON"}}, {"type": "Feature", "geometry": {"type": "Point", "coordinates": [-88.13362095990665, 41.79696594425185]}, "properties": {"POLENUMBER": "041022", "SUBTYPE": "SL", "MATERIAL": "CON"}}, {"type": "Feature", "geometry": {"type": "Point", "coordinates": [-88.13425596247771, 41.796966442263674]}, "properties": {"POLENUMBER": "041023", "SUBTYPE": "SL", "MATERIAL": "CON"}}, {"type": "Feature", "geometry": {"type": "Point", "coordinates": [-88.14265578702731, 41.79693628909128]}, "properties": {"POLENUMBER": "040024", "SUBTYPE": "SL", "MATERIAL": "CON"}}, {"type": "Feature", "geometry": {"type": "Point", "coordinates": [-88.14478139884518, 41.796933649825476]}, "properties": {"POLENUMBER": "040025", "SUBTYPE": "SL", "MATERIAL": "CON"}}, {"type": "Feature", "geometry": {"type": "Point", "coordinates": [-88.14371966011049, 41.79692520092312]}, "properties": {"POLENUMBER": "040026", "SUBTYPE": "SL", "MATERIAL": "AL"}}, {"type": "Feature", "geometry": {"type": "Point", "coordinates": [-88.13290738940987, 41.79686351904681]}, "properties": {"POLENUMBER": "041024", "SUBTYPE": "SL", "MATERIAL": "AL"}}, {"type": "Feature", "geometry": {"type": "Point", "coordinates": [-88.13017315869898, 41.79681483449125]}, "properties": {"POLENUMBER": "041025", "SUBTYPE": "SL", "MATERIAL": "AL"}}, {"type": "Feature", "geometry": {"type": "Point", "coordinates": [-88.14166041894433, 41.7968282902141]}, "properties": {"POLENUMBER": "040027", "SUBTYPE": "SL", "MATERIAL": "CON"}}, {"type": "Feature", "geometry": {"type": "Point", "coordinates": [-88.1454700990386, 41.79676847343846]}, "properties": {"POLENUMBER": "040028", "SUBTYPE": "SL", "MATERIAL": "CON"}}, {"type": "Feature", "geometry": {"type": "Point", "coordinates": [-88.14078453198958, 41.79674671953588]}, "properties": {"POLENUMBER": "040029", "SUBTYPE": "SL", "MATERIAL": "CON"}}, {"type": "Feature", "geometry": {"type": "Point", "coordinates": [-88.13961359145323, 41.79663426505813]}, "properties": {"POLENUMBER": "040030", "SUBTYPE": "SL", "MATERIAL": "CON"}}, {"type": "Feature", "geometry": {"type": "Point", "coordinates": [-88.14414727007397, 41.796601325971494]}, "properties": {"POLENUMBER": "040031", "SUBTYPE": "SL", "MATERIAL": "CON"}}, {"type": "Feature", "geometry": {"type": "Point", "coordinates": [-88.13580108971765, 41.79657469846119]}, "properties": {"POLENUMBER": "041026", "SUBTYPE": "SL", "MATERIAL": "CON"}}, {"type": "Feature", "geometry": {"type": "Point", "coordinates": [-88.13706724996568, 41.79655960687497]}, "properties": {"POLENUMBER": "041027", "SUBTYPE": "SL", "MATERIAL": "CON"}}, {"type": "Feature", "geometry": {"type": "Point", "coordinates": [-88.1383142580017, 41.79652281605453]}, "properties": {"POLENUMBER": "041028", "SUBTYPE": "SL", "MATERIAL": "CON"}}, {"type": "Feature", "geometry": {"type": "Point", "coordinates": [-88.13446176938213, 41.79650548197528]}, "properties": {"POLENUMBER": "041029", "SUBTYPE": "SL", "MATERIAL": "CON"}}, {"type": "Feature", "geometry": {"type": "Point", "coordinates": [-88.13223225110002, 41.79649251706407]}, "properties": {"POLENUMBER": "041030", "SUBTYPE": "SL", "MATERIAL": "CON"}}, {"type": "Feature", "geometry": {"type": "Point", "coordinates": [-88.13906082063048, 41.79647328984121]}, "properties": {"POLENUMBER": "041031", "SUBTYPE": "SL", "MATERIAL": "CON"}}, {"type": "Feature", "geometry": {"type": "Point", "coordinates": [-88.14230971365596, 41.79641245708894]}, "properties": {"POLENUMBER": "040032", "SUBTYPE": "SL", "MATERIAL": "CON"}}, {"type": "Feature", "geometry": {"type": "Point", "coordinates": [-88.14612782033404, 41.79639709049931]}, "properties": {"POLENUMBER": "040033", "SUBTYPE": "SL", "MATERIAL": "CON"}}, {"type": "Feature", "geometry": {"type": "Point", "coordinates": [-88.14458397567935, 41.796274500365776]}, "properties": {"POLENUMBER": "040034", "SUBTYPE": "SL", "MATERIAL": "CON"}}, {"type": "Feature", "geometry": {"type": "Point", "coordinates": [-88.14567884846876, 41.796239493585624]}, "properties": {"POLENUMBER": "040035", "SUBTYPE": "SL", "MATERIAL": "CON"}}, {"type": "Feature", "geometry": {"type": "Point", "coordinates": [-88.1369319026162, 41.796158432448216]}, "properties": {"POLENUMBER": "041032", "SUBTYPE": "SL", "MATERIAL": "CON"}}, {"type": "Feature", "geometry": {"type": "Point", "coordinates": [-88.13200718744804, 41.79610550539456]}, "properties": {"POLENUMBER": "041033", "SUBTYPE": "SL", "MATERIAL": "CON"}}, {"type": "Feature", "geometry": {"type": "Point", "coordinates": [-88.1346315907382, 41.79609443175185]}, "properties": {"POLENUMBER": "041034", "SUBTYPE": "SL", "MATERIAL": "CON"}}, {"type": "Feature", "geometry": {"type": "Point", "coordinates": [-88.13074210201744, 41.79601483178902]}, "properties": {"POLENUMBER": "041035", "SUBTYPE": "SL", "MATERIAL": "CON"}}, {"type": "Feature", "geometry": {"type": "Point", "coordinates": [-88.13571843617652, 41.79596293334798]}, "properties": {"POLENUMBER": "041036", "SUBTYPE": "SL", "MATERIAL": "AL"}}, {"type": "Feature", "geometry": {"type": "Point", "coordinates": [-88.14500340881511, 41.79594847939946]}, "properties": {"POLENUMBER": "040036", "SUBTYPE": "SL", "MATERIAL": "CON"}}, {"type": "Feature", "geometry": {"type": "Point", "coordinates": [-88.14670683972875, 41.79594733550835]}, "properties": {"POLENUMBER": "040037", "SUBTYPE": "SL", "MATERIAL": "AL"}}, {"type": "Feature", "geometry": {"type": "Point", "coordinates": [-88.13821864603564, 41.79579851446941]}, "properties": {"POLENUMBER": "041037", "SUBTYPE": "SL", "MATERIAL": "CON"}}, {"type": "Feature", "geometry": {"type": "Point", "coordinates": [-88.14185654108161, 41.79575927171198]}, "properties": {"POLENUMBER": "040038", "SUBTYPE": "SL", "MATERIAL": "CON"}}, {"type": "Feature", "geometry": {"type": "Point", "coordinates": [-88.1370481242899, 41.795736145912194]}, "properties": {"POLENUMBER": "041038", "SUBTYPE": "SL", "MATERIAL": "CON"}}, {"type": "Feature", "geometry": {"type": "Point", "coordinates": [-88.14076932096728, 41.79573909520655]}, "properties": {"POLENUMBER": "040039", "SUBTYPE": "SL", "MATERIAL": "CON"}}, {"type": "Feature", "geometry": {"type": "Point", "coordinates": [-88.13325248447387, 41.7957209806613]}, "properties": {"POLENUMBER": "041039", "SUBTYPE": "SL", "MATERIAL": "CON"}}, {"type": "Feature", "geometry": {"type": "Point", "coordinates": [-88.1399316541427, 41.79570925737026]}, "properties": {"POLENUMBER": "040040", "SUBTYPE": "SL", "MATERIAL": "CON"}}, {"type": "Feature", "geometry": {"type": "Point", "coordinates": [-88.14542165498861, 41.79562533609393]}, "properties": {"POLENUMBER": "040041", "SUBTYPE": "SL", "MATERIAL": "CON"}}, {"type": "Feature", "geometry": {"type": "Point", "coordinates": [-88.13450094835392, 41.795576465101234]}, "properties": {"POLENUMBER": "041040", "SUBTYPE": "SL", "MATERIAL": "CON"}}, {"type": "Feature", "geometry": {"type": "Point", "coordinates": [-88.13899184280807, 41.79557358426269]}, "properties": {"POLENUMBER": "041041", "SUBTYPE": "SL", "MATERIAL": "CON"}}, {"type": "Feature", "geometry": {"type": "Point", "coordinates": [-88.14652960322344, 41.7955671258843]}, "properties": {"POLENUMBER": "040042", "SUBTYPE": "SL", "MATERIAL": "CON"}}, {"type": "Feature", "geometry": {"type": "Point", "coordinates": [-88.13583266375188, 41.795440586628196]}, "properties": {"POLENUMBER": "041042", "SUBTYPE": "SL", "MATERIAL": "CON"}}, {"type": "Feature", "geometry": {"type": "Point", "coordinates": [-88.13691629799467, 41.795323560853575]}, "properties": {"POLENUMBER": "041043", "SUBTYPE": "SL", "MATERIAL": "CON"}}, {"type": "Feature", "geometry": {"type": "Point", "coordinates": [-88.13198664231099, 41.7952880779828]}, "properties": {"POLENUMBER": "041044", "SUBTYPE": "SL", "MATERIAL": "CON"}}, {"type": "Feature", "geometry": {"type": "Point", "coordinates": [-88.13461934203025, 41.79526329764818]}, "properties": {"POLENUMBER": "041045", "SUBTYPE": "SL", "MATERIAL": "CON"}}, {"type": "Feature", "geometry": {"type": "Point", "coordinates": [-88.14578540586776, 41.79524465117875]}, "properties": {"POLENUMBER": "040043", "SUBTYPE": "SL", "MATERIAL": "AL"}}, {"type": "Feature", "geometry": {"type": "Point", "coordinates": [-88.13040849311642, 41.79519885578394]}, "properties": {"POLENUMBER": "041046", "SUBTYPE": "SL", "MATERIAL": "CON"}}, {"type": "Feature", "geometry": {"type": "Point", "coordinates": [-88.13858562091154, 41.79519670767749]}, "properties": {"POLENUMBER": "041047", "SUBTYPE": "SL", "MATERIAL": "CON"}}, {"type": "Feature", "geometry": {"type": "Point", "coordinates": [-88.14004266783269, 41.794987636792825]}, "properties": {"POLENUMBER": "040044", "SUBTYPE": "SL", "MATERIAL": "CON"}}, {"type": "Feature", "geometry": {"type": "Point", "coordinates": [-88.13801828932256, 41.79495704451623]}, "properties": {"POLENUMBER": "041048", "SUBTYPE": "SL", "MATERIAL": "CON"}}, {"type": "Feature", "geometry": {"type": "Point", "coordinates": [-88.13569878796315, 41.79492162802253]}, "properties": {"POLENUMBER": "041049", "SUBTYPE": "SL", "MATERIAL": "CON"}}, {"type": "Feature", "geometry": {"type": "Point", "coordinates": [-88.14605236701883, 41.794853021016536]}, "properties": {"POLENUMBER": "040045", "SUBTYPE": "SL", "MATERIAL": "AL"}}, {"type": "Feature", "geometry": {"type": "Point", "coordinates": [-88.13448280260371, 41.79474329038883]}, "properties": {"POLENUMBER": "041050", "SUBTYPE": "SL", "MATERIAL": "CON"}}, {"type": "Feature", "geometry": {"type": "Point", "coordinates": [-88.13322206787207, 41.794711517194905]}, "properties": {"POLENUMBER": "041051", "SUBTYPE": "SL", "MATERIAL": "CON"}}, {"type": "Feature", "geometry": {"type": "Point", "coordinates": [-88.1370291893727, 41.79470639541112]}, "properties": {"POLENUMBER": "041052", "SUBTYPE": "SL", "MATERIAL": "CON"}}, {"type": "Feature", "geometry": {"type": "Point", "coordinates": [-88.13868428133499, 41.794579746054666]}, "properties": {"POLENUMBER": "041053", "SUBTYPE": "SL", "MATERIAL": "AL"}}, {"type": "Feature", "geometry": {"type": "Point", "coordinates": [-88.13986743649558, 41.79456395080125]}, "properties": {"POLENUMBER": "040046", "SUBTYPE": "SL", "MATERIAL": "CON"}}, {"type": "Feature", "geometry": {"type": "Point", "coordinates": [-88.13581455457576, 41.79450642139955]}, "properties": {"POLENUMBER": "041054", "SUBTYPE": "SL", "MATERIAL": "CON"}}, {"type": "Feature", "geometry": {"type": "Point", "coordinates": [-88.13197293066905, 41.79446632719188]}, "properties": {"POLENUMBER": "041055", "SUBTYPE": "SL", "MATERIAL": "CON"}}, {"type": "Feature", "geometry": {"type": "Point", "coordinates": [-88.13463591044903, 41.79445823009195]}, "properties": {"POLENUMBER": "041056", "SUBTYPE": "SL", "MATERIAL": "CON"}}, {"type": "Feature", "geometry": {"type": "Point", "coordinates": [-88.14628553379433, 41.7944359098987]}, "properties": {"POLENUMBER": "040047", "SUBTYPE": "SL", "MATERIAL": "AL"}}, {"type": "Feature", "geometry": {"type": "Point", "coordinates": [-88.13039031258796, 41.794382474761164]}, "properties": {"POLENUMBER": "041057", "SUBTYPE": "SL", "MATERIAL": "CON"}}, {"type": "Feature", "geometry": {"type": "Point", "coordinates": [-88.1408517414157, 41.7942997636714]}, "properties": {"POLENUMBER": "040048", "SUBTYPE": "SL", "MATERIAL": "CON"}}, {"type": "Feature", "geometry": {"type": "Point", "coordinates": [-88.13974406408335, 41.79416395216972]}, "properties": {"POLENUMBER": "040050", "SUBTYPE": "SL", "MATERIAL": "CON"}}, {"type": "Feature", "geometry": {"type": "Point", "coordinates": [-88.13522229026907, 41.794151688552084]}, "properties": {"POLENUMBER": "041058", "SUBTYPE": "SL", "MATERIAL": "AL"}}, {"type": "Feature", "geometry": {"type": "Point", "coordinates": [-88.13623598622499, 41.79413729500554]}, "properties": {"POLENUMBER": "041059", "SUBTYPE": "SL", "MATERIAL": "CON"}}, {"type": "Feature", "geometry": {"type": "Point", "coordinates": [-88.13743024538589, 41.79412608351742]}, "properties": {"POLENUMBER": "041060", "SUBTYPE": "SL", "MATERIAL": "CON"}}, {"type": "Feature", "geometry": {"type": "Point", "coordinates": [-88.13459384469337, 41.794079223391776]}, "properties": {"POLENUMBER": "041061", "SUBTYPE": "SL", "MATERIAL": "CON"}}, {"type": "Feature", "geometry": {"type": "Point", "coordinates": [-88.13903304259887, 41.79408665242059]}, "properties": {"POLENUMBER": "041062", "SUBTYPE": "SL", "MATERIAL": "CON"}}, {"type": "Feature", "geometry": {"type": "Point", "coordinates": [-88.1356931842975, 41.79404805147597]}, "properties": {"POLENUMBER": "041063", "SUBTYPE": "SL", "MATERIAL": "CON"}}, {"type": "Feature", "geometry": {"type": "Point", "coordinates": [-88.138210205723, 41.79402293483157]}, "properties": {"POLENUMBER": "041064", "SUBTYPE": "SL", "MATERIAL": "CON"}}, {"type": "Feature", "geometry": {"type": "Point", "coordinates": [-88.13685291337018, 41.794019312376086]}, "properties": {"POLENUMBER": "041065", "SUBTYPE": "SL", "MATERIAL": "CON"}}, {"type": "Feature", "geometry": {"type": "Point", "coordinates": [-88.1465283432619, 41.79401793610414]}, "properties": {"POLENUMBER": "040051", "SUBTYPE": "SL", "MATERIAL": "CON"}}, {"type": "Feature", "geometry": {"type": "Point", "coordinates": [-88.14074390572657, 41.79387761803559]}, "properties": {"POLENUMBER": "040052", "SUBTYPE": "SL", "MATERIAL": "CON"}}, {"type": "Feature", "geometry": {"type": "Point", "coordinates": [-88.14594400995476, 41.793880344789564]}, "properties": {"POLENUMBER": "040053", "SUBTYPE": "SL", "MATERIAL": "CON"}}, {"type": "Feature", "geometry": {"type": "Point", "coordinates": [-88.14557554206533, 41.7938511477125]}, "properties": {"POLENUMBER": "040054", "SUBTYPE": "SL", "MATERIAL": "CON"}}, {"type": "Feature", "geometry": {"type": "Point", "coordinates": [-88.14521790772731, 41.79381697289174]}, "properties": {"POLENUMBER": "040056", "SUBTYPE": "SL", "MATERIAL": "AL"}}, {"type": "Feature", "geometry": {"type": "Point", "coordinates": [-88.14485252225414, 41.79378761377687]}, "properties": {"POLENUMBER": "040057", "SUBTYPE": "SL", "MATERIAL": "CON"}}, {"type": "Feature", "geometry": {"type": "Point", "coordinates": [-88.14448985083509, 41.793758038273225]}, "properties": {"POLENUMBER": "040059", "SUBTYPE": "SL", "MATERIAL": "CON"}}, {"type": "Feature", "geometry": {"type": "Point", "coordinates": [-88.14413260830995, 41.793728058200365]}, "properties": {"POLENUMBER": "040060", "SUBTYPE": "SL", "MATERIAL": "AL"}}, {"type": "Feature", "geometry": {"type": "Point", "coordinates": [-88.14363190422301, 41.79368645244778]}, "properties": {"POLENUMBER": "040061", "SUBTYPE": "SL", "MATERIAL": "CON"}}, {"type": "Feature", "geometry": {"type": "Point", "coordinates": [-88.14649686362928, 41.793682118721584]}, "properties": {"POLENUMBER": "040062", "SUBTYPE": "SL", "MATERIAL": "AL"}}, {"type": "Feature", "geometry": {"type": "Point", "coordinates": [-88.14326842582287, 41.7936575578306]}, "properties": {"POLENUMBER": "040063", "SUBTYPE": "SL", "MATERIAL": "AL"}}, {"type": "Feature", "geometry": {"type": "Point", "coordinates": [-88.14290568858448, 41.79362591899184]}, "properties": {"POLENUMBER": "040094", "SUBTYPE": "SL", "MATERIAL": "CON"}}, {"type": "Feature", "geometry": {"type": "Point", "coordinates": [-88.13700736311658, 41.793590935329]}, "properties": {"POLENUMBER": "041066", "SUBTYPE": "SL", "MATERIAL": "CON"}}, {"type": "Feature", "geometry": {"type": "Point", "coordinates": [-88.14254357368989, 41.793595103871546]}, "properties": {"POLENUMBER": "040065", "SUBTYPE": "SL", "MATERIAL": "CON"}}, {"type": "Feature", "geometry": {"type": "Point", "coordinates": [-88.14098872975885, 41.793422912869275]}, "properties": {"POLENUMBER": "040066", "SUBTYPE": "SL", "MATERIAL": "CON"}}, {"type": "Feature", "geometry": {"type": "Point", "coordinates": [-88.14026504577302, 41.79333926009553]}, "properties": {"POLENUMBER": "040067", "SUBTYPE": "SL", "MATERIAL": "CON"}}, {"type": "Feature", "geometry": {"type": "Point", "coordinates": [-88.13201763160804, 41.7932485918976]}, "properties": {"POLENUMBER": "041068", "SUBTYPE": "SL", "MATERIAL": "CON"}}, {"type": "Feature", "geometry": {"type": "Point", "coordinates": [-88.13948172393015, 41.79324737908909]}, "properties": {"POLENUMBER": "040068", "SUBTYPE": "SL", "MATERIAL": "CON"}}, {"type": "Feature", "geometry": {"type": "Point", "coordinates": [-88.14677326570451, 41.79321208428469]}, "properties": {"POLENUMBER": "040069", "SUBTYPE": "SL", "MATERIAL": "AL"}}, {"type": "Feature", "geometry": {"type": "Point", "coordinates": [-88.13868906658936, 41.79318739291994]}, "properties": {"POLENUMBER": "041069", "SUBTYPE": "SL", "MATERIAL": "CON"}}, {"type": "Feature", "geometry": {"type": "Point", "coordinates": [-88.1338041163223, 41.79314399479793]}, "properties": {"POLENUMBER": "041070", "SUBTYPE": "SL", "MATERIAL": "CON"}}, {"type": "Feature", "geometry": {"type": "Point", "coordinates": [-88.13463048386677, 41.79314010323671]}, "properties": {"POLENUMBER": "041071", "SUBTYPE": "SL", "MATERIAL": "CON"}}, {"type": "Feature", "geometry": {"type": "Point", "coordinates": [-88.13544530442681, 41.79313440222674]}, "properties": {"POLENUMBER": "041072", "SUBTYPE": "SL", "MATERIAL": "CON"}}, {"type": "Feature", "geometry": {"type": "Point", "coordinates": [-88.13788958698989, 41.79312845930428]}, "properties": {"POLENUMBER": "041073", "SUBTYPE": "SL", "MATERIAL": "CON"}}, {"type": "Feature", "geometry": {"type": "Point", "coordinates": [-88.13680623470003, 41.79312372458635]}, "properties": {"POLENUMBER": "041074", "SUBTYPE": "SL", "MATERIAL": "AL"}}, {"type": "Feature", "geometry": {"type": "Point", "coordinates": [-88.14616609319869, 41.79294786262877]}, "properties": {"POLENUMBER": "040070", "SUBTYPE": "SL", "MATERIAL": "AL"}}, {"type": "Feature", "geometry": {"type": "Point", "coordinates": [-88.14689237931226, 41.79284341504308]}, "properties": {"POLENUMBER": "040071", "SUBTYPE": "SL", "MATERIAL": "AL"}}, {"type": "Feature", "geometry": {"type": "Point", "coordinates": [-88.14385677566379, 41.79278984702105]}, "properties": {"POLENUMBER": "040072", "SUBTYPE": "SL", "MATERIAL": "AL"}}, {"type": "Feature", "geometry": {"type": "Point", "coordinates": [-88.14513883702739, 41.79270320398642]}, "properties": {"POLENUMBER": "040074", "SUBTYPE": "SL", "MATERIAL": "CON"}}, {"type": "Feature", "geometry": {"type": "Point", "coordinates": [-88.14105111270315, 41.79255002636331]}, "properties": {"POLENUMBER": "040075", "SUBTYPE": "SL", "MATERIAL": "AL"}}, {"type": "Feature", "geometry": {"type": "Point", "coordinates": [-88.14691056026035, 41.79249195438031]}, "properties": {"POLENUMBER": "040076", "SUBTYPE": "SL", "MATERIAL": "AL"}}, {"type": "Feature", "geometry": {"type": "Point", "coordinates": [-88.1400916728582, 41.79232225751629]}, "properties": {"POLENUMBER": "040077", "SUBTYPE": "SL", "MATERIAL": "AL"}}, {"type": "Feature", "geometry": {"type": "Point", "coordinates": [-88.13873110080677, 41.792117650631376]}, "properties": {"POLENUMBER": "041075", "SUBTYPE": "SL", "MATERIAL": "CON"}}, {"type": "Feature", "geometry": {"type": "Point", "coordinates": [-88.14686578161358, 41.792062644431496]}, "properties": {"POLENUMBER": "040078", "SUBTYPE": "SL", "MATERIAL": "AL"}}, {"type": "Feature", "geometry": {"type": "Point", "coordinates": [-88.14382201799867, 41.79190370829069]}, "properties": {"POLENUMBER": "040080", "SUBTYPE": "SL", "MATERIAL": "AL"}}, {"type": "Feature", "geometry": {"type": "Point", "coordinates": [-88.14268322275593, 41.79183152838681]}, "properties": {"POLENUMBER": "040081", "SUBTYPE": "SL", "MATERIAL": "AL"}}, {"type": "Feature", "geometry": {"type": "Point", "coordinates": [-88.14005960414467, 41.791827926908894]}, "properties": {"POLENUMBER": "040082", "SUBTYPE": "SL", "MATERIAL": "AL"}}, {"type": "Feature", "geometry": {"type": "Point", "coordinates": [-88.14134072316487, 41.79176972744923]}, "properties": {"POLENUMBER": "055001", "SUBTYPE": "SL", "MATERIAL": "CON"}}, {"type": "Feature", "geometry": {"type": "Point", "coordinates": [-88.12978426925712, 41.79126851167041]}, "properties": {"POLENUMBER": "056001", "SUBTYPE": "SL", "MATERIAL": "AL"}}, {"type": "Feature", "geometry": {"type": "Point", "coordinates": [-88.14635005815721, 41.79113638788596]}, "properties": {"POLENUMBER": "055002", "SUBTYPE": "SL", "MATERIAL": "AL"}}, {"type": "Feature", "geometry": {"type": "Point", "coordinates": [-88.13026219439963, 41.79100725690244]}, "properties": {"POLENUMBER": "056002", "SUBTYPE": "SL", "MATERIAL": "AL"}}, {"type": "Feature", "geometry": {"type": "Point", "coordinates": [-88.13933083164166, 41.79087220126783]}, "properties": {"POLENUMBER": "055003", "SUBTYPE": "SL", "MATERIAL": "AL"}}, {"type": "Feature", "geometry": {"type": "Point", "coordinates": [-88.14434079488086, 41.7908442722387]}, "properties": {"POLENUMBER": "055004", "SUBTYPE": "SL", "MATERIAL": "AL"}}, {"type": "Feature", "geometry": {"type": "Point", "coordinates": [-88.14028008717499, 41.79081965531402]}, "properties": {"POLENUMBER": "055005", "SUBTYPE": "SL", "MATERIAL": "AL"}}, {"type": "Feature", "geometry": {"type": "Point", "coordinates": [-88.14124002340067, 41.79077435017694]}, "properties": {"POLENUMBER": "055006", "SUBTYPE": "SL", "MATERIAL": "AL"}}, {"type": "Feature", "geometry": {"type": "Point", "coordinates": [-88.1423590166733, 41.79062861592084]}, "properties": {"POLENUMBER": "055007", "SUBTYPE": "SL", "MATERIAL": "AL"}}, {"type": "Feature", "geometry": {"type": "Point", "coordinates": [-88.13081923188797, 41.79063778383514]}, "properties": {"POLENUMBER": "056004", "SUBTYPE": "SL", "MATERIAL": "AL"}}, {"type": "Feature", "geometry": {"type": "Point", "coordinates": [-88.14637690676938, 41.79038971686231]}, "properties": {"POLENUMBER": "055008", "SUBTYPE": "SL", "MATERIAL": "AL"}}, {"type": "Feature", "geometry": {"type": "Point", "coordinates": [-88.13123550192029, 41.790300840852005]}, "properties": {"POLENUMBER": "056005", "SUBTYPE": "SL", "MATERIAL": "AL"}}, {"type": "Feature", "geometry": {"type": "Point", "coordinates": [-88.1392568166969, 41.790147395182636]}, "properties": {"POLENUMBER": "055009", "SUBTYPE": "SL", "MATERIAL": "AL"}}, {"type": "Feature", "geometry": {"type": "Point", "coordinates": [-88.14499303223934, 41.79012279522208]}, "properties": {"POLENUMBER": "055010", "SUBTYPE": "SL", "MATERIAL": "AL"}}, {"type": "Feature", "geometry": {"type": "Point", "coordinates": [-88.14020526507812, 41.78993254211051]}, "properties": {"POLENUMBER": "055011", "SUBTYPE": "SL", "MATERIAL": "AL"}}, {"type": "Feature", "geometry": {"type": "Point", "coordinates": [-88.1410834792625, 41.78992830680324]}, "properties": {"POLENUMBER": "055012", "SUBTYPE": "SL", "MATERIAL": "AL"}}, {"type": "Feature", "geometry": {"type": "Point", "coordinates": [-88.1419603854163, 41.789804400057655]}, "properties": {"POLENUMBER": "055013", "SUBTYPE": "SL", "MATERIAL": "AL"}}, {"type": "Feature", "geometry": {"type": "Point", "coordinates": [-88.13207678777127, 41.78957407568209]}, "properties": {"POLENUMBER": "056011", "SUBTYPE": "SL", "MATERIAL": "AL"}}, {"type": "Feature", "geometry": {"type": "Point", "coordinates": [-88.14292368934149, 41.78952621063424]}, "properties": {"POLENUMBER": "055014", "SUBTYPE": "SL", "MATERIAL": "AL"}}, {"type": "Feature", "geometry": {"type": "Point", "coordinates": [-88.14342840620921, 41.789538974937145]}, "properties": {"POLENUMBER": "055015", "SUBTYPE": "SL", "MATERIAL": "CON"}}, {"type": "Feature", "geometry": {"type": "Point", "coordinates": [-88.13919751658176, 41.7891770375041]}, "properties": {"POLENUMBER": "055018", "SUBTYPE": "SL", "MATERIAL": "CON"}}, {"type": "Feature", "geometry": {"type": "Point", "coordinates": [-88.13255467345698, 41.78914262848259]}, "properties": {"POLENUMBER": "056013", "SUBTYPE": "SL", "MATERIAL": "AL"}}, {"type": "Feature", "geometry": {"type": "Point", "coordinates": [-88.13988088564422, 41.78911556470355]}, "properties": {"POLENUMBER": "055019", "SUBTYPE": "SL", "MATERIAL": "AL"}}, {"type": "Feature", "geometry": {"type": "Point", "coordinates": [-88.13288051289017, 41.78888803050302]}, "properties": {"POLENUMBER": "056014", "SUBTYPE": "SL", "MATERIAL": "AL"}}, {"type": "Feature", "geometry": {"type": "Point", "coordinates": [-88.14283506027792, 41.78889412329852]}, "properties": {"POLENUMBER": "055021", "SUBTYPE": "SL", "MATERIAL": "AL"}}, {"type": "Feature", "geometry": {"type": "Point", "coordinates": [-88.13438376133384, 41.78878665720617]}, "properties": {"POLENUMBER": "056015", "SUBTYPE": "SL", "MATERIAL": "CON"}}, {"type": "Feature", "geometry": {"type": "Point", "coordinates": [-88.13178908093089, 41.78864041857997]}, "properties": {"POLENUMBER": "056016", "SUBTYPE": "SL", "MATERIAL": "CON"}}, {"type": "Feature", "geometry": {"type": "Point", "coordinates": [-88.13337302049938, 41.788455480803016]}, "properties": {"POLENUMBER": "056017", "SUBTYPE": "SL", "MATERIAL": "AL"}}, {"type": "Feature", "geometry": {"type": "Point", "coordinates": [-88.13434065301531, 41.78836673039768]}, "properties": {"POLENUMBER": "056018", "SUBTYPE": "SL", "MATERIAL": "CON"}}, {"type": "Feature", "geometry": {"type": "Point", "coordinates": [-88.1378439695128, 41.78821541410329]}, "properties": {"POLENUMBER": "056019", "SUBTYPE": "SL", "MATERIAL": "CON"}}, {"type": "Feature", "geometry": {"type": "Point", "coordinates": [-88.1391797508587, 41.788186284608976]}, "properties": {"POLENUMBER": "055024", "SUBTYPE": "SL", "MATERIAL": "CON"}}, {"type": "Feature", "geometry": {"type": "Point", "coordinates": [-88.13377891679075, 41.78809801007085]}, "properties": {"POLENUMBER": "056020", "SUBTYPE": "SL", "MATERIAL": "AL"}}, {"type": "Feature", "geometry": {"type": "Point", "coordinates": [-88.14132644685456, 41.78806995254867]}, "properties": {"POLENUMBER": "055025", "SUBTYPE": "SL", "MATERIAL": "AL"}}, {"type": "Feature", "geometry": {"type": "Point", "coordinates": [-88.14280073868309, 41.78795386633967]}, "properties": {"POLENUMBER": "055029", "SUBTYPE": "SL", "MATERIAL": "AL"}}, {"type": "Feature", "geometry": {"type": "Point", "coordinates": [-88.1401672824728, 41.78793934228688]}, "properties": {"POLENUMBER": "055030", "SUBTYPE": "SL", "MATERIAL": "AL"}}, {"type": "Feature", "geometry": {"type": "Point", "coordinates": [-88.13408935808889, 41.78782321376039]}, "properties": {"POLENUMBER": "056021", "SUBTYPE": "SL", "MATERIAL": "AL"}}, {"type": "Feature", "geometry": {"type": "Point", "coordinates": [-88.14275401167163, 41.787523288922436]}, "properties": {"POLENUMBER": "055031", "SUBTYPE": "UPL", "MATERIAL": "WD"}}, {"type": "Feature", "geometry": {"type": "Point", "coordinates": [-88.13457193159627, 41.7873992598676]}, "properties": {"POLENUMBER": "056022", "SUBTYPE": "SL", "MATERIAL": "AL"}}, {"type": "Feature", "geometry": {"type": "Point", "coordinates": [-88.14271561595199, 41.78736367119153]}, "properties": {"POLENUMBER": "055032", "SUBTYPE": "SL", "MATERIAL": "CON"}}, {"type": "Feature", "geometry": {"type": "Point", "coordinates": [-88.14124916225249, 41.78717376523302]}, "properties": {"POLENUMBER": "055033", "SUBTYPE": "SL", "MATERIAL": "AL"}}, {"type": "Feature", "geometry": {"type": "Point", "coordinates": [-88.13978840248687, 41.787096316155925]}, "properties": {"POLENUMBER": "055034", "SUBTYPE": "SL", "MATERIAL": "AL"}}, {"type": "Feature", "geometry": {"type": "Point", "coordinates": [-88.16297274492776, 41.790768360925945]}, "properties": {"POLENUMBER": "053003", "SUBTYPE": "SL", "MATERIAL": "AL"}}, {"type": "Feature", "geometry": {"type": "Point", "coordinates": [-88.14837808189013, 41.79084537956528]}, "properties": {"POLENUMBER": "054008", "SUBTYPE": "SL", "MATERIAL": "AL"}}, {"type": "Feature", "geometry": {"type": "Point", "coordinates": [-88.14719559429561, 41.790421864711554]}, "properties": {"POLENUMBER": "054009", "SUBTYPE": "SL", "MATERIAL": "AL"}}, {"type": "Feature", "geometry": {"type": "Point", "coordinates": [-88.15872637995395, 41.79029564508817]}, "properties": {"POLENUMBER": "053004", "SUBTYPE": "SL", "MATERIAL": "AL"}}, {"type": "Feature", "geometry": {"type": "Point", "coordinates": [-88.16381653617263, 41.79021821957887]}, "properties": {"POLENUMBER": "053005", "SUBTYPE": "SL", "MATERIAL": "AL"}}, {"type": "Feature", "geometry": {"type": "Point", "coordinates": [-88.14722360585385, 41.79001248961732]}, "properties": {"POLENUMBER": "054010", "SUBTYPE": "SL", "MATERIAL": "AL"}}, {"type": "Feature", "geometry": {"type": "Point", "coordinates": [-88.15748816098609, 41.78996899518711]}, "properties": {"POLENUMBER": "053007", "SUBTYPE": "SL", "MATERIAL": "AL"}}, {"type": "Feature", "geometry": {"type": "Point", "coordinates": [-88.15458195142178, 41.789952655026156]}, "properties": {"POLENUMBER": "054011", "SUBTYPE": "UPL", "MATERIAL": "WD"}}, {"type": "Feature", "geometry": {"type": "Point", "coordinates": [-88.16447000377616, 41.78977943452899]}, "properties": {"POLENUMBER": "053008", "SUBTYPE": "SL", "MATERIAL": "AL"}}, {"type": "Feature", "geometry": {"type": "Point", "coordinates": [-88.15052201044354, 41.78958969520943]}, "properties": {"POLENUMBER": "054012", "SUBTYPE": "SL", "MATERIAL": "AL"}}, {"type": "Feature", "geometry": {"type": "Point", "coordinates": [-88.14723888584703, 41.7895724617627]}, "properties": {"POLENUMBER": "054013", "SUBTYPE": "SL", "MATERIAL": "AL"}}, {"type": "Feature", "geometry": {"type": "Point", "coordinates": [-88.14949496970061, 41.78942658727214]}, "properties": {"POLENUMBER": "054014", "SUBTYPE": "SL", "MATERIAL": "AL"}}, {"type": "Feature", "geometry": {"type": "Point", "coordinates": [-88.1558759284341, 41.78945538895501]}, "properties": {"POLENUMBER": "054015", "SUBTYPE": "SL", "MATERIAL": "AL"}}, {"type": "Feature", "geometry": {"type": "Point", "coordinates": [-88.14828621984518, 41.789426098046576]}, "properties": {"POLENUMBER": "054016", "SUBTYPE": "SL", "MATERIAL": "AL"}}, {"type": "Feature", "geometry": {"type": "Point", "coordinates": [-88.15518369205915, 41.789412686674964]}, "properties": {"POLENUMBER": "054017", "SUBTYPE": "SL", "MATERIAL": "AL"}}, {"type": "Feature", "geometry": {"type": "Point", "coordinates": [-88.15649993350347, 41.78937440562233]}, "properties": {"POLENUMBER": "054018", "SUBTYPE": "SL", "MATERIAL": "AL"}}, {"type": "Feature", "geometry": {"type": "Point", "coordinates": [-88.16354458083387, 41.78905973678845]}, "properties": {"POLENUMBER": "053009", "SUBTYPE": "SL", "MATERIAL": "AL"}}, {"type": "Feature", "geometry": {"type": "Point", "coordinates": [-88.14725884610012, 41.789150117352676]}, "properties": {"POLENUMBER": "054019", "SUBTYPE": "SL", "MATERIAL": "AL"}}, {"type": "Feature", "geometry": {"type": "Point", "coordinates": [-88.16548274729554, 41.78910467138527]}, "properties": {"POLENUMBER": "053010", "SUBTYPE": "SL", "MATERIAL": "AL"}}, {"type": "Feature", "geometry": {"type": "Point", "coordinates": [-88.15459875919268, 41.788852241159404]}, "properties": {"POLENUMBER": "054021", "SUBTYPE": "UPL", "MATERIAL": "WD"}}, {"type": "Feature", "geometry": {"type": "Point", "coordinates": [-88.1472699892937, 41.78875844025454]}, "properties": {"POLENUMBER": "054022", "SUBTYPE": "SL", "MATERIAL": "AL"}}, {"type": "Feature", "geometry": {"type": "Point", "coordinates": [-88.16436050200339, 41.78859919640601]}, "properties": {"POLENUMBER": "053011", "SUBTYPE": "SL", "MATERIAL": "AL"}}, {"type": "Feature", "geometry": {"type": "Point", "coordinates": [-88.1665366366426, 41.78845025943083]}, "properties": {"POLENUMBER": "053012", "SUBTYPE": "SL", "MATERIAL": "AL"}}, {"type": "Feature", "geometry": {"type": "Point", "coordinates": [-88.16125459529923, 41.78844021830188]}, "properties": {"POLENUMBER": "053013", "SUBTYPE": "SL", "MATERIAL": "CON"}}, {"type": "Feature", "geometry": {"type": "Point", "coordinates": [-88.16000093703579, 41.78843583697932]}, "properties": {"POLENUMBER": "053014", "SUBTYPE": "SL", "MATERIAL": "AL"}}, {"type": "Feature", "geometry": {"type": "Point", "coordinates": [-88.14729042839977, 41.78830928558133]}, "properties": {"POLENUMBER": "054023", "SUBTYPE": "SL", "MATERIAL": "AL"}}, {"type": "Feature", "geometry": {"type": "Point", "coordinates": [-88.15870154187607, 41.78831391485888]}, "properties": {"POLENUMBER": "053015", "SUBTYPE": "SL", "MATERIAL": "CON"}}, {"type": "Feature", "geometry": {"type": "Point", "coordinates": [-88.1546055198393, 41.78830580500581]}, "properties": {"POLENUMBER": "054024", "SUBTYPE": "UPL", "MATERIAL": "WD"}}, {"type": "Feature", "geometry": {"type": "Point", "coordinates": [-88.15063843318936, 41.78819865680426]}, "properties": {"POLENUMBER": "054026", "SUBTYPE": "SL", "MATERIAL": "AL"}}, {"type": "Feature", "geometry": {"type": "Point", "coordinates": [-88.14966876148465, 41.78836484809875]}, "properties": {"POLENUMBER": "054027", "SUBTYPE": "SL", "MATERIAL": "AL"}}, {"type": "Feature", "geometry": {"type": "Point", "coordinates": [-88.14833425696334, 41.78816360178543]}, "properties": {"POLENUMBER": "054028", "SUBTYPE": "SL", "MATERIAL": "AL"}}, {"type": "Feature", "geometry": {"type": "Point", "coordinates": [-88.15689301261739, 41.78814995166262]}, "properties": {"POLENUMBER": "054029", "SUBTYPE": "SL", "MATERIAL": "AL"}}, {"type": "Feature", "geometry": {"type": "Point", "coordinates": [-88.15634633381512, 41.78803300370603]}, "properties": {"POLENUMBER": "054031", "SUBTYPE": "SL", "MATERIAL": "CON"}}, {"type": "Feature", "geometry": {"type": "Point", "coordinates": [-88.14829349916201, 41.79695516811751]}, "properties": {"POLENUMBER": "039001", "SUBTYPE": "SL", "MATERIAL": "CON"}}, {"type": "Feature", "geometry": {"type": "Point", "coordinates": [-88.14717905279376, 41.7969448322441]}, "properties": {"POLENUMBER": "039002", "SUBTYPE": "SL", "MATERIAL": "AL"}}, {"type": "Feature", "geometry": {"type": "Point", "coordinates": [-88.14772410100922, 41.796435108928584]}, "properties": {"POLENUMBER": "039003", "SUBTYPE": "SL", "MATERIAL": "AL"}}, {"type": "Feature", "geometry": {"type": "Point", "coordinates": [-88.14825231124945, 41.796089465475156]}, "properties": {"POLENUMBER": "039004", "SUBTYPE": "SL", "MATERIAL": "AL"}}, {"type": "Feature", "geometry": {"type": "Point", "coordinates": [-88.15778906544843, 41.7958179283948]}, "properties": {"POLENUMBER": "038001", "SUBTYPE": "SL", "MATERIAL": "CON"}}, {"type": "Feature", "geometry": {"type": "Point", "coordinates": [-88.15860516605366, 41.79575406385551]}, "properties": {"POLENUMBER": "038002", "SUBTYPE": "SL", "MATERIAL": "CON"}}, {"type": "Feature", "geometry": {"type": "Point", "coordinates": [-88.1582345154879, 41.79571619127354]}, "properties": {"POLENUMBER": "038003", "SUBTYPE": "SL", "MATERIAL": "CON"}}, {"type": "Feature", "geometry": {"type": "Point", "coordinates": [-88.15894184933914, 41.79570788183322]}, "properties": {"POLENUMBER": "038004", "SUBTYPE": "SL", "MATERIAL": "CON"}}, {"type": "Feature", "geometry": {"type": "Point", "coordinates": [-88.1579273602857, 41.79556195910761]}, "properties": {"POLENUMBER": "038005", "SUBTYPE": "SL", "MATERIAL": "CON"}}, {"type": "Feature", "geometry": {"type": "Point", "coordinates": [-88.14834505875585, 41.79552796541016]}, "properties": {"POLENUMBER": "039005", "SUBTYPE": "SL", "MATERIAL": "CON"}}, {"type": "Feature", "geometry": {"type": "Point", "coordinates": [-88.14743466318791, 41.79551258256214]}, "properties": {"POLENUMBER": "039006", "SUBTYPE": "SL", "MATERIAL": "CON"}}, {"type": "Feature", "geometry": {"type": "Point", "coordinates": [-88.15897172701546, 41.79540100412247]}, "properties": {"POLENUMBER": "038006", "SUBTYPE": "SL", "MATERIAL": "AL"}}, {"type": "Feature", "geometry": {"type": "Point", "coordinates": [-88.16025993821272, 41.795398478191075]}, "properties": {"POLENUMBER": "038007", "SUBTYPE": "SL", "MATERIAL": "AL"}}, {"type": "Feature", "geometry": {"type": "Point", "coordinates": [-88.15791475546432, 41.795262042308835]}, "properties": {"POLENUMBER": "038008", "SUBTYPE": "SL", "MATERIAL": "AL"}}, {"type": "Feature", "geometry": {"type": "Point", "coordinates": [-88.16176643970367, 41.79514285568269]}, "properties": {"POLENUMBER": "038009", "SUBTYPE": "SL", "MATERIAL": "AL"}}, {"type": "Feature", "geometry": {"type": "Point", "coordinates": [-88.15885328260937, 41.795099966044674]}, "properties": {"POLENUMBER": "038010", "SUBTYPE": "SL", "MATERIAL": "CON"}}, {"type": "Feature", "geometry": {"type": "Point", "coordinates": [-88.15791877269278, 41.7949686631843]}, "properties": {"POLENUMBER": "038011", "SUBTYPE": "SL", "MATERIAL": "AL"}}, {"type": "Feature", "geometry": {"type": "Point", "coordinates": [-88.14837218157159, 41.7949083178212]}, "properties": {"POLENUMBER": "039007", "SUBTYPE": "SL", "MATERIAL": "CON"}}, {"type": "Feature", "geometry": {"type": "Point", "coordinates": [-88.1609377759683, 41.794804312978556]}, "properties": {"POLENUMBER": "038012", "SUBTYPE": "SL", "MATERIAL": "AL"}}, {"type": "Feature", "geometry": {"type": "Point", "coordinates": [-88.15900751631644, 41.79479324918289]}, "properties": {"POLENUMBER": "038013", "SUBTYPE": "SL", "MATERIAL": "CON"}}, {"type": "Feature", "geometry": {"type": "Point", "coordinates": [-88.16228117865691, 41.79470085731077]}, "properties": {"POLENUMBER": "038015", "SUBTYPE": "SL", "MATERIAL": "AL"}}, {"type": "Feature", "geometry": {"type": "Point", "coordinates": [-88.16321527049533, 41.79468322599673]}, "properties": {"POLENUMBER": "038016", "SUBTYPE": "SL", "MATERIAL": "CON"}}, {"type": "Feature", "geometry": {"type": "Point", "coordinates": [-88.14722731309675, 41.79465116616582]}, "properties": {"POLENUMBER": "039010", "SUBTYPE": "SL", "MATERIAL": "CON"}}, {"type": "Feature", "geometry": {"type": "Point", "coordinates": [-88.16429630276151, 41.794667752670534]}, "properties": {"POLENUMBER": "038017", "SUBTYPE": "SL", "MATERIAL": "AL"}}, {"type": "Feature", "geometry": {"type": "Point", "coordinates": [-88.15951494438782, 41.794660233434364]}, "properties": {"POLENUMBER": "038018", "SUBTYPE": "SL", "MATERIAL": "AL"}}, {"type": "Feature", "geometry": {"type": "Point", "coordinates": [-88.15779729674756, 41.794642667668306]}, "properties": {"POLENUMBER": "038019", "SUBTYPE": "SL", "MATERIAL": "AL"}}, {"type": "Feature", "geometry": {"type": "Point", "coordinates": [-88.16523428822182, 41.79452118349023]}, "properties": {"POLENUMBER": "038020", "SUBTYPE": "SL", "MATERIAL": "CON"}}, {"type": "Feature", "geometry": {"type": "Point", "coordinates": [-88.15456272384066, 41.79270228274747]}, "properties": {"POLENUMBER": "039026", "SUBTYPE": "UPL", "MATERIAL": "WD"}}, {"type": "Feature", "geometry": {"type": "Point", "coordinates": [-88.15568383757011, 41.79255585752655]}, "properties": {"POLENUMBER": "039027", "SUBTYPE": "SL", "MATERIAL": "CON"}}, {"type": "Feature", "geometry": {"type": "Point", "coordinates": [-88.14937579209587, 41.79253755921271]}, "properties": {"POLENUMBER": "039028", "SUBTYPE": "SL", "MATERIAL": "CON"}}, {"type": "Feature", "geometry": {"type": "Point", "coordinates": [-88.16003516008193, 41.79236754769532]}, "properties": {"POLENUMBER": "038032", "SUBTYPE": "SL", "MATERIAL": "AL"}}, {"type": "Feature", "geometry": {"type": "Point", "coordinates": [-88.14885419659515, 41.79211044952711]}, "properties": {"POLENUMBER": "039043", "SUBTYPE": "UPL", "MATERIAL": "WD"}}, {"type": "Feature", "geometry": {"type": "Point", "coordinates": [-88.14713635495093, 41.79209552149565]}, "properties": {"POLENUMBER": "039029", "SUBTYPE": "SL", "MATERIAL": "AL"}}, {"type": "Feature", "geometry": {"type": "Point", "coordinates": [-88.14809783204178, 41.792062382171885]}, "properties": {"POLENUMBER": "039030", "SUBTYPE": "SL", "MATERIAL": "AL"}}, {"type": "Feature", "geometry": {"type": "Point", "coordinates": [-88.14766938802259, 41.7920622721899]}, "properties": {"POLENUMBER": "039044", "SUBTYPE": "UPL", "MATERIAL": "WD"}}, {"type": "Feature", "geometry": {"type": "Point", "coordinates": [-88.16078495378636, 41.79197820042521]}, "properties": {"POLENUMBER": "038034", "SUBTYPE": "SL", "MATERIAL": "AL"}}, {"type": "Feature", "geometry": {"type": "Point", "coordinates": [-88.15744259862166, 41.79177328036905]}, "properties": {"POLENUMBER": "038033", "SUBTYPE": "SL", "MATERIAL": "AL"}}, {"type": "Feature", "geometry": {"type": "Point", "coordinates": [-88.14715582433244, 41.791640025193104]}, "properties": {"POLENUMBER": "054001", "SUBTYPE": "SL", "MATERIAL": "AL"}}, {"type": "Feature", "geometry": {"type": "Point", "coordinates": [-88.15456777575741, 41.79159680189355]}, "properties": {"POLENUMBER": "054002", "SUBTYPE": "UPL", "MATERIAL": "WD"}}, {"type": "Feature", "geometry": {"type": "Point", "coordinates": [-88.16204926584774, 41.79131110141479]}, "properties": {"POLENUMBER": "053001", "SUBTYPE": "SL", "MATERIAL": "AL"}}, {"type": "Feature", "geometry": {"type": "Point", "coordinates": [-88.14717045178836, 41.79123622425402]}, "properties": {"POLENUMBER": "054003", "SUBTYPE": "SL", "MATERIAL": "AL"}}, {"type": "Feature", "geometry": {"type": "Point", "coordinates": [-88.15765930096073, 41.790832399379205]}, "properties": {"POLENUMBER": "053002", "SUBTYPE": "SL", "MATERIAL": "AL"}}, {"type": "Feature", "geometry": {"type": "Point", "coordinates": [-88.15457082584484, 41.7910398494111]}, "properties": {"POLENUMBER": "054004", "SUBTYPE": "UPL", "MATERIAL": "WD"}}, {"type": "Feature", "geometry": {"type": "Point", "coordinates": [-88.15052251083573, 41.79086810669201]}, "properties": {"POLENUMBER": "054005", "SUBTYPE": "SL", "MATERIAL": "CON"}}, {"type": "Feature", "geometry": {"type": "Point", "coordinates": [-88.14958509062771, 41.79084981673657]}, "properties": {"POLENUMBER": "054006", "SUBTYPE": "SL", "MATERIAL": "AL"}}, {"type": "Feature", "geometry": {"type": "Point", "coordinates": [-88.14718694799173, 41.7908322345355]}, "properties": {"POLENUMBER": "054007", "SUBTYPE": "SL", "MATERIAL": "AL"}}, {"type": "Feature", "geometry": {"type": "Point", "coordinates": [-88.14803214308613, 41.78581649422873]}, "properties": {"POLENUMBER": "054099", "SUBTYPE": "SL", "MATERIAL": "AL"}}, {"type": "Feature", "geometry": {"type": "Point", "coordinates": [-88.14802553471611, 41.785632786273304]}, "properties": {"POLENUMBER": "054098", "SUBTYPE": "SL", "MATERIAL": "AL"}}, {"type": "Feature", "geometry": {"type": "Point", "coordinates": [-88.14745025434523, 41.78594924359203]}, "properties": {"POLENUMBER": "054095", "SUBTYPE": "SL", "MATERIAL": "AL"}}, {"type": "Feature", "geometry": {"type": "Point", "coordinates": [-88.1471863272945, 41.7858991306741]}, "properties": {"POLENUMBER": "054094", "SUBTYPE": "SL", "MATERIAL": "AL"}}, {"type": "Feature", "geometry": {"type": "Point", "coordinates": [-88.14714689140646, 41.78554005275014]}, "properties": {"POLENUMBER": "054TED", "SUBTYPE": "SL", "MATERIAL": "AL"}}, {"type": "Feature", "geometry": {"type": "Point", "coordinates": [-88.1474706471957, 41.785546575192605]}, "properties": {"POLENUMBER": "054097", "SUBTYPE": "SL", "MATERIAL": "AL"}}, {"type": "Feature", "geometry": {"type": "Point", "coordinates": [-88.14724208024916, 41.79067180922422]}, "properties": {"POLENUMBER": "054130", "SUBTYPE": "SL", "MATERIAL": "AL"}}, {"type": "Feature", "geometry": {"type": "Point", "coordinates": [-88.14728904034575, 41.78940852682352]}, "properties": {"POLENUMBER": "054131", "SUBTYPE": "SL", "MATERIAL": "AL"}}, {"type": "Feature", "geometry": {"type": "Point", "coordinates": [-88.14743474195558, 41.786889073153056]}, "properties": {"POLENUMBER": "054133", "SUBTYPE": "SL", "MATERIAL": "AL"}}, {"type": "Feature", "geometry": {"type": "Point", "coordinates": [-88.14864759037171, 41.78587241003983]}, "properties": {"POLENUMBER": "054135", "SUBTYPE": "SL", "MATERIAL": "AL"}}, {"type": "Feature", "geometry": {"type": "Point", "coordinates": [-88.14972291797706, 41.78591716106979]}, "properties": {"POLENUMBER": "054129", "SUBTYPE": "SL", "MATERIAL": "AL"}}, {"type": "Feature", "geometry": {"type": "Point", "coordinates": [-88.14975555244814, 41.78560522691645]}, "properties": {"POLENUMBER": "054161", "SUBTYPE": "SL", "MATERIAL": "AL"}}, {"type": "Feature", "geometry": {"type": "Point", "coordinates": [-88.15106637764325, 41.78590089512966]}, "properties": {"POLENUMBER": "054162", "SUBTYPE": "SL", "MATERIAL": "AL"}}, {"type": "Feature", "geometry": {"type": "Point", "coordinates": [-88.15005838651636, 41.79083879964002]}, "properties": {"POLENUMBER": "054141", "SUBTYPE": "UPL", "MATERIAL": "WD"}}, {"type": "Feature", "geometry": {"type": "Point", "coordinates": [-88.14940871632342, 41.79154190336951]}, "properties": {"POLENUMBER": "054158", "SUBTYPE": "SL", "MATERIAL": "AL"}}, {"type": "Feature", "geometry": {"type": "Point", "coordinates": [-88.1505162298446, 41.79141336003541]}, "properties": {"POLENUMBER": "054053", "SUBTYPE": "SL", "MATERIAL": "AL"}}, {"type": "Feature", "geometry": {"type": "Point", "coordinates": [-88.14891133346924, 41.79068882574459]}, "properties": {"POLENUMBER": "054140", "SUBTYPE": "UPL", "MATERIAL": "WD"}}, {"type": "Feature", "geometry": {"type": "Point", "coordinates": [-88.1477826001665, 41.78942706936465]}, "properties": {"POLENUMBER": "054144", "SUBTYPE": "UPL", "MATERIAL": "WD"}}, {"type": "Feature", "geometry": {"type": "Point", "coordinates": [-88.1507548848242, 41.788941933902024]}, "properties": {"POLENUMBER": "054159", "SUBTYPE": "SL", "MATERIAL": "AL"}}, {"type": "Feature", "geometry": {"type": "Point", "coordinates": [-88.14965129299188, 41.788885036582116]}, "properties": {"POLENUMBER": "054155", "SUBTYPE": "SL", "MATERIAL": "AL"}}, {"type": "Feature", "geometry": {"type": "Point", "coordinates": [-88.15015442596405, 41.788223956970846]}, "properties": {"POLENUMBER": "054153", "SUBTYPE": "UPL", "MATERIAL": "WD"}}, {"type": "Feature", "geometry": {"type": "Point", "coordinates": [-88.14970949365078, 41.78761287067191]}, "properties": {"POLENUMBER": "054052", "SUBTYPE": "SL", "MATERIAL": "AL"}}, {"type": "Feature", "geometry": {"type": "Point", "coordinates": [-88.14901061512468, 41.788305194896694]}, "properties": {"POLENUMBER": "054154", "SUBTYPE": "UPL", "MATERIAL": "WD"}}, {"type": "Feature", "geometry": {"type": "Point", "coordinates": [-88.14736918428217, 41.788260553157734]}, "properties": {"POLENUMBER": "054132", "SUBTYPE": "SL", "MATERIAL": "AL"}}, {"type": "Feature", "geometry": {"type": "Point", "coordinates": [-88.14905350441947, 41.78705215982976]}, "properties": {"POLENUMBER": "054150", "SUBTYPE": "UPL", "MATERIAL": "WD"}}, {"type": "Feature", "geometry": {"type": "Point", "coordinates": [-88.14787927171162, 41.78690386155447]}, "properties": {"POLENUMBER": "054146", "SUBTYPE": "UPL", "MATERIAL": "WD"}}, {"type": "Feature", "geometry": {"type": "Point", "coordinates": [-88.14975927971285, 41.78642237905606]}, "properties": {"POLENUMBER": "054149", "SUBTYPE": "SL", "MATERIAL": "AL"}}, {"type": "Feature", "geometry": {"type": "Point", "coordinates": [-88.15071245497748, 41.78658523044939]}, "properties": {"POLENUMBER": "054160", "SUBTYPE": "SL", "MATERIAL": "AL"}}, {"type": "Feature", "geometry": {"type": "Point", "coordinates": [-88.15096850837817, 41.78564732207194]}, "properties": {"POLENUMBER": "054134", "SUBTYPE": "SL", "MATERIAL": "AL"}}, {"type": "Feature", "geometry": {"type": "Point", "coordinates": [-88.1504169082682, 41.79212213918914]}, "properties": {"POLENUMBER": "039031", "SUBTYPE": "SL", "MATERIAL": "AL"}}, {"type": "Feature", "geometry": {"type": "Point", "coordinates": [-88.14939276068961, 41.79195478079345]}, "properties": {"POLENUMBER": "039032", "SUBTYPE": "SL", "MATERIAL": "AL"}}, {"type": "Feature", "geometry": {"type": "Point", "coordinates": [-88.14720277450913, 41.7919277045597]}, "properties": {"POLENUMBER": "039008", "SUBTYPE": "SL", "MATERIAL": "AL"}}, {"type": "Feature", "geometry": {"type": "Point", "coordinates": [-88.15755769986808, 41.78805273208466]}, "properties": {"POLENUMBER": "053006", "SUBTYPE": "SL", "MATERIAL": "AL"}}, {"type": "Feature", "geometry": {"type": "Point", "coordinates": [-88.15673643829997, 41.79197243198414]}, "properties": {"POLENUMBER": "039042", "SUBTYPE": "SL", "MATERIAL": "CON"}}, {"type": "Feature", "geometry": {"type": "Point", "coordinates": [-88.15931237467484, 41.79874191741064]}, "properties": {"POLENUMBER": "038046", "SUBTYPE": "SL", "MATERIAL": "CON"}}, {"type": "Feature", "geometry": {"type": "Point", "coordinates": [-88.158586888639, 41.798746886378474]}, "properties": {"POLENUMBER": "038047", "SUBTYPE": "SL", "MATERIAL": "CON"}}, {"type": "Feature", "geometry": {"type": "Point", "coordinates": [-88.16278661934481, 41.79858367718118]}, "properties": {"POLENUMBER": "038054", "SUBTYPE": "SL", "MATERIAL": "CON"}}, {"type": "Feature", "geometry": {"type": "Point", "coordinates": [-88.15788368069407, 41.79844824190677]}, "properties": {"POLENUMBER": "038048", "SUBTYPE": "SL", "MATERIAL": "CON"}}, {"type": "Feature", "geometry": {"type": "Point", "coordinates": [-88.16059339720286, 41.79810899143788]}, "properties": {"POLENUMBER": "038044", "SUBTYPE": "SL", "MATERIAL": "CON"}}, {"type": "Feature", "geometry": {"type": "Point", "coordinates": [-88.16238036310254, 41.7980682086203]}, "properties": {"POLENUMBER": "038053", "SUBTYPE": "SL", "MATERIAL": "CON"}}, {"type": "Feature", "geometry": {"type": "Point", "coordinates": [-88.159966285608, 41.79799561877631]}, "properties": {"POLENUMBER": "038043", "SUBTYPE": "SL", "MATERIAL": "CON"}}, {"type": "Feature", "geometry": {"type": "Point", "coordinates": [-88.15951006627375, 41.797757842898]}, "properties": {"POLENUMBER": "038042", "SUBTYPE": "SL", "MATERIAL": "CON"}}, {"type": "Feature", "geometry": {"type": "Point", "coordinates": [-88.16179721222633, 41.797760284963296]}, "properties": {"POLENUMBER": "038052", "SUBTYPE": "SL", "MATERIAL": "CON"}}, {"type": "Feature", "geometry": {"type": "Point", "coordinates": [-88.15820908435248, 41.79770845136592]}, "properties": {"POLENUMBER": "038037", "SUBTYPE": "SL", "MATERIAL": "CON"}}, {"type": "Feature", "geometry": {"type": "Point", "coordinates": [-88.15933669240289, 41.79745045490536]}, "properties": {"POLENUMBER": "038041", "SUBTYPE": "SL", "MATERIAL": "CON"}}, {"type": "Feature", "geometry": {"type": "Point", "coordinates": [-88.16122241034502, 41.79726290349159]}, "properties": {"POLENUMBER": "038051", "SUBTYPE": "SL", "MATERIAL": "CON"}}, {"type": "Feature", "geometry": {"type": "Point", "coordinates": [-88.15731325010954, 41.7972411853707]}, "properties": {"POLENUMBER": "038035", "SUBTYPE": "SL", "MATERIAL": "AL"}}, {"type": "Feature", "geometry": {"type": "Point", "coordinates": [-88.16613083982533, 41.79716288334569]}, "properties": {"POLENUMBER": "038060", "SUBTYPE": "SL", "MATERIAL": "CON"}}, {"type": "Feature", "geometry": {"type": "Point", "coordinates": [-88.1654827644917, 41.79713980021718]}, "properties": {"POLENUMBER": "038059", "SUBTYPE": "SL", "MATERIAL": "CON"}}, {"type": "Feature", "geometry": {"type": "Point", "coordinates": [-88.15797198737819, 41.797110725766885]}, "properties": {"POLENUMBER": "038036", "SUBTYPE": "SL", "MATERIAL": "CON"}}, {"type": "Feature", "geometry": {"type": "Point", "coordinates": [-88.16049626935616, 41.79702664006032]}, "properties": {"POLENUMBER": "038050", "SUBTYPE": "SL", "MATERIAL": "AL"}}, {"type": "Feature", "geometry": {"type": "Point", "coordinates": [-88.16476489454186, 41.797040337902615]}, "properties": {"POLENUMBER": "038058", "SUBTYPE": "SL", "MATERIAL": "CON"}}, {"type": "Feature", "geometry": {"type": "Point", "coordinates": [-88.15883797725404, 41.79698422022829]}, "properties": {"POLENUMBER": "038039", "SUBTYPE": "SL", "MATERIAL": "CON"}}, {"type": "Feature", "geometry": {"type": "Point", "coordinates": [-88.15957824904682, 41.796937284618494]}, "properties": {"POLENUMBER": "038040", "SUBTYPE": "SL", "MATERIAL": "CON"}}, {"type": "Feature", "geometry": {"type": "Point", "coordinates": [-88.16400175807382, 41.79677018606787]}, "properties": {"POLENUMBER": "038057", "SUBTYPE": "SL", "MATERIAL": "CON"}}, {"type": "Feature", "geometry": {"type": "Point", "coordinates": [-88.16325650816574, 41.79669910014639]}, "properties": {"POLENUMBER": "038056", "SUBTYPE": "SL", "MATERIAL": "CON"}}, {"type": "Feature", "geometry": {"type": "Point", "coordinates": [-88.15826628133335, 41.79658690820436]}, "properties": {"POLENUMBER": "038038", "SUBTYPE": "SL", "MATERIAL": "CON"}}, {"type": "Feature", "geometry": {"type": "Point", "coordinates": [-88.16163525242152, 41.79650558877322]}, "properties": {"POLENUMBER": "038064", "SUBTYPE": "SL", "MATERIAL": "CON"}}, {"type": "Feature", "geometry": {"type": "Point", "coordinates": [-88.16634071069714, 41.79635712011096]}, "properties": {"POLENUMBER": "038072", "SUBTYPE": "SL", "MATERIAL": "CON"}}, {"type": "Feature", "geometry": {"type": "Point", "coordinates": [-88.16569937280612, 41.79621446479963]}, "properties": {"POLENUMBER": "038071", "SUBTYPE": "SL", "MATERIAL": "CON"}}, {"type": "Feature", "geometry": {"type": "Point", "coordinates": [-88.16043842557322, 41.79615001690696]}, "properties": {"POLENUMBER": "038062", "SUBTYPE": "SL", "MATERIAL": "CON"}}, {"type": "Feature", "geometry": {"type": "Point", "coordinates": [-88.16509420607024, 41.79614980580521]}, "properties": {"POLENUMBER": "038070", "SUBTYPE": "SL", "MATERIAL": "CON"}}, {"type": "Feature", "geometry": {"type": "Point", "coordinates": [-88.16128462001718, 41.79604544810964]}, "properties": {"POLENUMBER": "038063", "SUBTYPE": "SL", "MATERIAL": "CON"}}, {"type": "Feature", "geometry": {"type": "Point", "coordinates": [-88.16206028287664, 41.79588554612376]}, "properties": {"POLENUMBER": "038065", "SUBTYPE": "SL", "MATERIAL": "CON"}}, {"type": "Feature", "geometry": {"type": "Point", "coordinates": [-88.1646287269996, 41.79585932950016]}, "properties": {"POLENUMBER": "038069", "SUBTYPE": "SL", "MATERIAL": "AL"}}, {"type": "Feature", "geometry": {"type": "Point", "coordinates": [-88.16280928035077, 41.79586828217696]}, "properties": {"POLENUMBER": "038066", "SUBTYPE": "SL", "MATERIAL": "CON"}}, {"type": "Feature", "geometry": {"type": "Point", "coordinates": [-88.16402591819437, 41.79580606510423]}, "properties": {"POLENUMBER": "038068", "SUBTYPE": "SL", "MATERIAL": "CON"}}, {"type": "Feature", "geometry": {"type": "Point", "coordinates": [-88.16564761538899, 41.7958063773197]}, "properties": {"POLENUMBER": "038073", "SUBTYPE": "SL", "MATERIAL": "CON"}}, {"type": "Feature", "geometry": {"type": "Point", "coordinates": [-88.16341216115782, 41.79570235214898]}, "properties": {"POLENUMBER": "038067", "SUBTYPE": "SL", "MATERIAL": "CON"}}, {"type": "Feature", "geometry": {"type": "Point", "coordinates": [-88.16588877779222, 41.795429881290794]}, "properties": {"POLENUMBER": "038074", "SUBTYPE": "SL", "MATERIAL": "CON"}}, {"type": "Feature", "geometry": {"type": "Point", "coordinates": [-88.16635204008033, 41.79532801439193]}, "properties": {"POLENUMBER": "038075", "SUBTYPE": "SL", "MATERIAL": "CON"}}, {"type": "Feature", "geometry": {"type": "Point", "coordinates": [-88.1543701993709, 41.78535729586527]}, "properties": {"POLENUMBER": "054164", "SUBTYPE": "SL", "MATERIAL": "AL"}}, {"type": "Feature", "geometry": {"type": "Point", "coordinates": [-88.15728758293082, 41.79854532608457]}, "properties": {"POLENUMBER": "038049", "SUBTYPE": "SL", "MATERIAL": "CON"}}, {"type": "Feature", "geometry": {"type": "Point", "coordinates": [-88.15472588224792, 41.794615008594924]}, "properties": {"POLENUMBER": "039045", "SUBTYPE": "SL", "MATERIAL": "AL"}}, {"type": "Feature", "geometry": {"type": "Point", "coordinates": [-88.16256551167336, 41.7886239934333]}, "properties": {"POLENUMBER": "053068", "SUBTYPE": "SL", "MATERIAL": "AL"}}, {"type": "Feature", "geometry": {"type": "Point", "coordinates": [-88.14855185330572, 41.78560523838247]}, "properties": {"POLENUMBER": "054142", "SUBTYPE": "SL", "MATERIAL": "AL"}}, {"type": "Feature", "geometry": {"type": "Point", "coordinates": [-88.15467734129015, 41.789246955910464]}, "properties": {"POLENUMBER": "054137", "SUBTYPE": "SL", "MATERIAL": "AL"}}, {"type": "Feature", "geometry": {"type": "Point", "coordinates": [-88.15470635620962, 41.78781825922282]}, "properties": {"POLENUMBER": "054138", "SUBTYPE": "SL", "MATERIAL": "AL"}}, {"type": "Feature", "geometry": {"type": "Point", "coordinates": [-88.17351451504122, 41.7983171771693]}, "properties": {"POLENUMBER": "037001", "SUBTYPE": "SL", "MATERIAL": "CON"}}, {"type": "Feature", "geometry": {"type": "Point", "coordinates": [-88.17453509175873, 41.79830231842465]}, "properties": {"POLENUMBER": "037002", "SUBTYPE": "SL", "MATERIAL": "CON"}}, {"type": "Feature", "geometry": {"type": "Point", "coordinates": [-88.17252118997898, 41.79827226666492]}, "properties": {"POLENUMBER": "037003", "SUBTYPE": "SL", "MATERIAL": "CON"}}, {"type": "Feature", "geometry": {"type": "Point", "coordinates": [-88.17567581663396, 41.798118408135736]}, "properties": {"POLENUMBER": "037004", "SUBTYPE": "SL", "MATERIAL": "CON"}}, {"type": "Feature", "geometry": {"type": "Point", "coordinates": [-88.17506594964921, 41.79781223303299]}, "properties": {"POLENUMBER": "037005", "SUBTYPE": "SL", "MATERIAL": "CON"}}, {"type": "Feature", "geometry": {"type": "Point", "coordinates": [-88.1457990390968, 41.77938757748095]}, "properties": {"POLENUMBER": "070110", "SUBTYPE": "SL", "MATERIAL": "AL"}}, {"type": "Feature", "geometry": {"type": "Point", "coordinates": [-88.1452680677074, 41.7794029286834]}, "properties": {"POLENUMBER": "070111", "SUBTYPE": "SL", "MATERIAL": "AL"}}, {"type": "Feature", "geometry": {"type": "Point", "coordinates": [-88.14583962373153, 41.77923736500167]}, "properties": {"POLENUMBER": "070112", "SUBTYPE": "SL", "MATERIAL": "CON"}}, {"type": "Feature", "geometry": {"type": "Point", "coordinates": [-88.14611215429827, 41.77903187656227]}, "properties": {"POLENUMBER": "070108", "SUBTYPE": "SL", "MATERIAL": "AL"}}, {"type": "Feature", "geometry": {"type": "Point", "coordinates": [-88.14544161268063, 41.77859509791727]}, "properties": {"POLENUMBER": "070113", "SUBTYPE": "SL", "MATERIAL": "AL"}}, {"type": "Feature", "geometry": {"type": "Point", "coordinates": [-88.1450053166864, 41.77898363400926]}, "properties": {"POLENUMBER": "070120", "SUBTYPE": "SL", "MATERIAL": "AL"}}, {"type": "Feature", "geometry": {"type": "Point", "coordinates": [-88.14556350975363, 41.7790286843613]}, "properties": {"POLENUMBER": "070121", "SUBTYPE": "SL", "MATERIAL": "AL"}}, {"type": "Feature", "geometry": {"type": "Point", "coordinates": [-88.14586408678, 41.778847797944735]}, "properties": {"POLENUMBER": "070136", "SUBTYPE": "SL", "MATERIAL": "CON"}}, {"type": "Feature", "geometry": {"type": "Point", "coordinates": [-88.14532659621976, 41.77880607916209]}, "properties": {"POLENUMBER": "070119", "SUBTYPE": "SL", "MATERIAL": "CON"}}, {"type": "Feature", "geometry": {"type": "Point", "coordinates": [-88.14675128125323, 41.778497555791304]}, "properties": {"POLENUMBER": "070106", "SUBTYPE": "SL", "MATERIAL": "AL"}}, {"type": "Feature", "geometry": {"type": "Point", "coordinates": [-88.14639468226277, 41.777618274569704]}, "properties": {"POLENUMBER": "070102", "SUBTYPE": "SL", "MATERIAL": "AL"}}, {"type": "Feature", "geometry": {"type": "Point", "coordinates": [-88.14681410551, 41.777629850653774]}, "properties": {"POLENUMBER": "070104", "SUBTYPE": "SL", "MATERIAL": "AL"}}, {"type": "Feature", "geometry": {"type": "Point", "coordinates": [-88.14613318407432, 41.77845735030748]}, "properties": {"POLENUMBER": "070123", "SUBTYPE": "SL", "MATERIAL": "AL"}}, {"type": "Feature", "geometry": {"type": "Point", "coordinates": [-88.1461635118953, 41.77803862901839]}, "properties": {"POLENUMBER": "070115", "SUBTYPE": "SL", "MATERIAL": "AL"}}, {"type": "Feature", "geometry": {"type": "Point", "coordinates": [-88.14613050226498, 41.777614633717434]}, "properties": {"POLENUMBER": "070103", "SUBTYPE": "SL", "MATERIAL": "AL"}}, {"type": "Feature", "geometry": {"type": "Point", "coordinates": [-88.14574995278893, 41.77751590310743]}, "properties": {"POLENUMBER": "070201", "SUBTYPE": "SL", "MATERIAL": "AL"}}, {"type": "Feature", "geometry": {"type": "Point", "coordinates": [-88.14509386866638, 41.77758859770386]}, "properties": {"POLENUMBER": "070101", "SUBTYPE": "SL", "MATERIAL": "AL"}}, {"type": "Feature", "geometry": {"type": "Point", "coordinates": [-88.14489627194236, 41.77762115055452]}, "properties": {"POLENUMBER": "070100", "SUBTYPE": "SL", "MATERIAL": "CON"}}, {"type": "Feature", "geometry": {"type": "Point", "coordinates": [-88.14502569253061, 41.778417680144116]}, "properties": {"POLENUMBER": "070118", "SUBTYPE": "SL", "MATERIAL": "AL"}}, {"type": "Feature", "geometry": {"type": "Point", "coordinates": [-88.1448845921028, 41.77801650438213]}, "properties": {"POLENUMBER": "070117", "SUBTYPE": "SL", "MATERIAL": "AL"}}, {"type": "Feature", "geometry": {"type": "Point", "coordinates": [-88.1441693528402, 41.77756163944933]}, "properties": {"POLENUMBER": "070099", "SUBTYPE": "SL", "MATERIAL": "AL"}}, {"type": "Feature", "geometry": {"type": "Point", "coordinates": [-88.1445725359916, 41.77747756667207]}, "properties": {"POLENUMBER": "070202", "SUBTYPE": "SL", "MATERIAL": "CON"}}, {"type": "Feature", "geometry": {"type": "Point", "coordinates": [-88.14369172693888, 41.77745473251268]}, "properties": {"POLENUMBER": "070098", "SUBTYPE": "SL", "MATERIAL": "AL"}}, {"type": "Feature", "geometry": {"type": "Point", "coordinates": [-88.14350660723788, 41.77721226503411]}, "properties": {"POLENUMBER": "070208", "SUBTYPE": "SL", "MATERIAL": "AL"}}, {"type": "Feature", "geometry": {"type": "Point", "coordinates": [-88.14361241571763, 41.77759749465288]}, "properties": {"POLENUMBER": "070129", "SUBTYPE": "SL", "MATERIAL": "CON"}}, {"type": "Feature", "geometry": {"type": "Point", "coordinates": [-88.14327235492323, 41.77754045459659]}, "properties": {"POLENUMBER": "070097", "SUBTYPE": "SL", "MATERIAL": "AL"}}, {"type": "Feature", "geometry": {"type": "Point", "coordinates": [-88.1434645042894, 41.777987574051274]}, "properties": {"POLENUMBER": "070128", "SUBTYPE": "SL", "MATERIAL": "AL"}}, {"type": "Feature", "geometry": {"type": "Point", "coordinates": [-88.14358217862316, 41.77837773563775]}, "properties": {"POLENUMBER": "070127", "SUBTYPE": "SL", "MATERIAL": "AL"}}, {"type": "Feature", "geometry": {"type": "Point", "coordinates": [-88.14406676855451, 41.778435534267366]}, "properties": {"POLENUMBER": "070125", "SUBTYPE": "SL", "MATERIAL": "AL"}}, {"type": "Feature", "geometry": {"type": "Point", "coordinates": [-88.14477809088554, 41.77857822749493]}, "properties": {"POLENUMBER": "070124", "SUBTYPE": "SL", "MATERIAL": "AL"}}, {"type": "Feature", "geometry": {"type": "Point", "coordinates": [-88.1433837850289, 41.77851783386226]}, "properties": {"POLENUMBER": "070126", "SUBTYPE": "SL", "MATERIAL": "AL"}}, {"type": "Feature", "geometry": {"type": "Point", "coordinates": [-88.14234568705176, 41.778511365235545]}, "properties": {"POLENUMBER": "070135", "SUBTYPE": "SL", "MATERIAL": "CON"}}, {"type": "Feature", "geometry": {"type": "Point", "coordinates": [-88.14220662840872, 41.7782751784734]}, "properties": {"POLENUMBER": "070131", "SUBTYPE": "SL", "MATERIAL": "AL"}}, {"type": "Feature", "geometry": {"type": "Point", "coordinates": [-88.14221526895227, 41.777615865748196]}, "properties": {"POLENUMBER": "070116", "SUBTYPE": "SL", "MATERIAL": "AL"}}, {"type": "Feature", "geometry": {"type": "Point", "coordinates": [-88.14230434068806, 41.77750756420758]}, "properties": {"POLENUMBER": "070094", "SUBTYPE": "SL", "MATERIAL": "AL"}}, {"type": "Feature", "geometry": {"type": "Point", "coordinates": [-88.14277069665032, 41.77743034559705]}, "properties": {"POLENUMBER": "070096", "SUBTYPE": "SL", "MATERIAL": "AL"}}, {"type": "Feature", "geometry": {"type": "Point", "coordinates": [-88.14209100271346, 41.77737362686336]}, "properties": {"POLENUMBER": "070095", "SUBTYPE": "SL", "MATERIAL": "AL"}}, {"type": "Feature", "geometry": {"type": "Point", "coordinates": [-88.14178600142482, 41.777406204416366]}, "properties": {"POLENUMBER": "070203", "SUBTYPE": "SL", "MATERIAL": "AL"}}, {"type": "Feature", "geometry": {"type": "Point", "coordinates": [-88.14132246851845, 41.77748671727728]}, "properties": {"POLENUMBER": "070093", "SUBTYPE": "SL", "MATERIAL": "AL"}}, {"type": "Feature", "geometry": {"type": "Point", "coordinates": [-88.14131108827766, 41.778306550244984]}, "properties": {"POLENUMBER": "070133", "SUBTYPE": "SL", "MATERIAL": "AL"}}, {"type": "Feature", "geometry": {"type": "Point", "coordinates": [-88.14080562977878, 41.77789609392331]}, "properties": {"POLENUMBER": "070200", "SUBTYPE": "SL", "MATERIAL": "AL"}}, {"type": "Feature", "geometry": {"type": "Point", "coordinates": [-88.14387501340087, 41.77959603490471]}, "properties": {"POLENUMBER": "070076", "SUBTYPE": "SL", "MATERIAL": "CON"}}, {"type": "Feature", "geometry": {"type": "Point", "coordinates": [-88.14325453053347, 41.77969068169814]}, "properties": {"POLENUMBER": "070195", "SUBTYPE": "SL", "MATERIAL": "CON"}}, {"type": "Feature", "geometry": {"type": "Point", "coordinates": [-88.14224216291397, 41.77971242795822]}, "properties": {"POLENUMBER": "070186", "SUBTYPE": "UPL", "MATERIAL": "WD"}}, {"type": "Feature", "geometry": {"type": "Point", "coordinates": [-88.14202835797066, 41.77972470153567]}, "properties": {"POLENUMBER": "070138", "SUBTYPE": "SL", "MATERIAL": "CON"}}, {"type": "Feature", "geometry": {"type": "Point", "coordinates": [-88.1422148732517, 41.77954833370412]}, "properties": {"POLENUMBER": "070078", "SUBTYPE": "SL", "MATERIAL": "CON"}}, {"type": "Feature", "geometry": {"type": "Point", "coordinates": [-88.1416484359753, 41.779723813482185]}, "properties": {"POLENUMBER": "070139", "SUBTYPE": "UPL", "MATERIAL": "WD"}}, {"type": "Feature", "geometry": {"type": "Point", "coordinates": [-88.1411905923957, 41.779550549015696]}, "properties": {"POLENUMBER": "070079", "SUBTYPE": "SL", "MATERIAL": "CON"}}, {"type": "Feature", "geometry": {"type": "Point", "coordinates": [-88.14070050269252, 41.77951580895034]}, "properties": {"POLENUMBER": "070080", "SUBTYPE": "SL", "MATERIAL": "AL"}}, {"type": "Feature", "geometry": {"type": "Point", "coordinates": [-88.14039033142414, 41.779514272859565]}, "properties": {"POLENUMBER": "070081", "SUBTYPE": "SL", "MATERIAL": "AL"}}, {"type": "Feature", "geometry": {"type": "Point", "coordinates": [-88.14213128460462, 41.77900394219361]}, "properties": {"POLENUMBER": "070137", "SUBTYPE": "SL", "MATERIAL": "AL"}}, {"type": "Feature", "geometry": {"type": "Point", "coordinates": [-88.16998707278537, 41.78944300320981]}, "properties": {"POLENUMBER": "052015", "SUBTYPE": "SL", "MATERIAL": "CON"}}, {"type": "Feature", "geometry": {"type": "Point", "coordinates": [-88.16995076766763, 41.78888072517816]}, "properties": {"POLENUMBER": "052016", "SUBTYPE": "SL", "MATERIAL": "AL"}}, {"type": "Feature", "geometry": {"type": "Point", "coordinates": [-88.17571579199202, 41.78866105701782]}, "properties": {"POLENUMBER": "052017", "SUBTYPE": "SL", "MATERIAL": "AL"}}, {"type": "Feature", "geometry": {"type": "Point", "coordinates": [-88.17036400440729, 41.78855690724453]}, "properties": {"POLENUMBER": "052018", "SUBTYPE": "SL", "MATERIAL": "CON"}}, {"type": "Feature", "geometry": {"type": "Point", "coordinates": [-88.1857590169176, 41.78846599379506]}, "properties": {"POLENUMBER": "051002", "SUBTYPE": "SL", "MATERIAL": "AL"}}, {"type": "Feature", "geometry": {"type": "Point", "coordinates": [-88.16955990028829, 41.78842403722649]}, "properties": {"POLENUMBER": "052019", "SUBTYPE": "SL", "MATERIAL": "CON"}}, {"type": "Feature", "geometry": {"type": "Point", "coordinates": [-88.17072185003332, 41.78832697478644]}, "properties": {"POLENUMBER": "052020", "SUBTYPE": "SL", "MATERIAL": "CON"}}, {"type": "Feature", "geometry": {"type": "Point", "coordinates": [-88.17287416081918, 41.788237984986274]}, "properties": {"POLENUMBER": "052021", "SUBTYPE": "SL", "MATERIAL": "AL"}}, {"type": "Feature", "geometry": {"type": "Point", "coordinates": [-88.17138008562834, 41.78822688668243]}, "properties": {"POLENUMBER": "052022", "SUBTYPE": "SL", "MATERIAL": "CON"}}, {"type": "Feature", "geometry": {"type": "Point", "coordinates": [-88.18601350338585, 41.788095728716875]}, "properties": {"POLENUMBER": "051003", "SUBTYPE": "SL", "MATERIAL": "CON"}}, {"type": "Feature", "geometry": {"type": "Point", "coordinates": [-88.17201679394401, 41.78796671623735]}, "properties": {"POLENUMBER": "052023", "SUBTYPE": "SL", "MATERIAL": "CON"}}, {"type": "Feature", "geometry": {"type": "Point", "coordinates": [-88.17254628620739, 41.7878791465034]}, "properties": {"POLENUMBER": "052024", "SUBTYPE": "SL", "MATERIAL": "CON"}}, {"type": "Feature", "geometry": {"type": "Point", "coordinates": [-88.16781487091924, 41.78786740590815]}, "properties": {"POLENUMBER": "052025", "SUBTYPE": "SL", "MATERIAL": "AL"}}, {"type": "Feature", "geometry": {"type": "Point", "coordinates": [-88.17293675780179, 41.787589125695185]}, "properties": {"POLENUMBER": "052026", "SUBTYPE": "SL", "MATERIAL": "CON"}}, {"type": "Feature", "geometry": {"type": "Point", "coordinates": [-88.18351546168692, 41.7875726715263]}, "properties": {"POLENUMBER": "051004", "SUBTYPE": "SL", "MATERIAL": "CON"}}, {"type": "Feature", "geometry": {"type": "Point", "coordinates": [-88.18436700797984, 41.78751043206803]}, "properties": {"POLENUMBER": "051005", "SUBTYPE": "SL", "MATERIAL": "AL"}}, {"type": "Feature", "geometry": {"type": "Point", "coordinates": [-88.17572276048153, 41.787507605656415]}, "properties": {"POLENUMBER": "052027", "SUBTYPE": "SL", "MATERIAL": "AL"}}, {"type": "Feature", "geometry": {"type": "Point", "coordinates": [-88.1830795305519, 41.78721926651023]}, "properties": {"POLENUMBER": "051006", "SUBTYPE": "SL", "MATERIAL": "CON"}}, {"type": "Feature", "geometry": {"type": "Point", "coordinates": [-88.16777676059314, 41.78696005437212]}, "properties": {"POLENUMBER": "052028", "SUBTYPE": "SL", "MATERIAL": "AL"}}, {"type": "Feature", "geometry": {"type": "Point", "coordinates": [-88.18290745532738, 41.78677671320265]}, "properties": {"POLENUMBER": "051007", "SUBTYPE": "SL", "MATERIAL": "CON"}}, {"type": "Feature", "geometry": {"type": "Point", "coordinates": [-88.18374652087986, 41.786463118666184]}, "properties": {"POLENUMBER": "051008", "SUBTYPE": "SL", "MATERIAL": "AL"}}, {"type": "Feature", "geometry": {"type": "Point", "coordinates": [-88.17573004113022, 41.78637638443421]}, "properties": {"POLENUMBER": "052029", "SUBTYPE": "SL", "MATERIAL": "AL"}}, {"type": "Feature", "geometry": {"type": "Point", "coordinates": [-88.16789458109466, 41.786315369415064]}, "properties": {"POLENUMBER": "052030", "SUBTYPE": "SL", "MATERIAL": "AL"}}, {"type": "Feature", "geometry": {"type": "Point", "coordinates": [-88.1823881607977, 41.78632494970401]}, "properties": {"POLENUMBER": "051009", "SUBTYPE": "SL", "MATERIAL": "CON"}}, {"type": "Feature", "geometry": {"type": "Point", "coordinates": [-88.1833623033962, 41.78621755084521]}, "properties": {"POLENUMBER": "051010", "SUBTYPE": "SL", "MATERIAL": "AL"}}, {"type": "Feature", "geometry": {"type": "Point", "coordinates": [-88.1697876684584, 41.78610846659006]}, "properties": {"POLENUMBER": "052031", "SUBTYPE": "SL", "MATERIAL": "AL"}}, {"type": "Feature", "geometry": {"type": "Point", "coordinates": [-88.18341969639067, 41.7858518373489]}, "properties": {"POLENUMBER": "051011", "SUBTYPE": "SL", "MATERIAL": "AL"}}, {"type": "Feature", "geometry": {"type": "Point", "coordinates": [-88.1678635137827, 41.78563500734711]}, "properties": {"POLENUMBER": "052032", "SUBTYPE": "SL", "MATERIAL": "AL"}}, {"type": "Feature", "geometry": {"type": "Point", "coordinates": [-88.18303047252786, 41.785537599323774]}, "properties": {"POLENUMBER": "051012", "SUBTYPE": "SL", "MATERIAL": "AL"}}, {"type": "Feature", "geometry": {"type": "Point", "coordinates": [-88.17158763270878, 41.785498210237904]}, "properties": {"POLENUMBER": "052033", "SUBTYPE": "SL", "MATERIAL": "CON"}}, {"type": "Feature", "geometry": {"type": "Point", "coordinates": [-88.16874882435594, 41.78542751923468]}, "properties": {"POLENUMBER": "052034", "SUBTYPE": "SL", "MATERIAL": "AL"}}, {"type": "Feature", "geometry": {"type": "Point", "coordinates": [-88.17581412929384, 41.78514449615992]}, "properties": {"POLENUMBER": "052039", "SUBTYPE": "SL", "MATERIAL": "AL"}}, {"type": "Feature", "geometry": {"type": "Point", "coordinates": [-88.16749959086034, 41.785108562955315]}, "properties": {"POLENUMBER": "052041", "SUBTYPE": "SL", "MATERIAL": "AL"}}, {"type": "Feature", "geometry": {"type": "Point", "coordinates": [-88.18297300609588, 41.78486656772171]}, "properties": {"POLENUMBER": "051013", "SUBTYPE": "SL", "MATERIAL": "AL"}}, {"type": "Feature", "geometry": {"type": "Point", "coordinates": [-88.18347207743057, 41.784822143160696]}, "properties": {"POLENUMBER": "051014", "SUBTYPE": "SL", "MATERIAL": "AL"}}, {"type": "Feature", "geometry": {"type": "Point", "coordinates": [-88.17312463501975, 41.78478088876503]}, "properties": {"POLENUMBER": "052047", "SUBTYPE": "SL", "MATERIAL": "AL"}}, {"type": "Feature", "geometry": {"type": "Point", "coordinates": [-88.1841447853931, 41.784779261974]}, "properties": {"POLENUMBER": "051015", "SUBTYPE": "SL", "MATERIAL": "AL"}}, {"type": "Feature", "geometry": {"type": "Point", "coordinates": [-88.18327690916286, 41.78454870671206]}, "properties": {"POLENUMBER": "051016", "SUBTYPE": "SL", "MATERIAL": "AL"}}, {"type": "Feature", "geometry": {"type": "Point", "coordinates": [-88.18486582058405, 41.78454819150834]}, "properties": {"POLENUMBER": "051017", "SUBTYPE": "SL", "MATERIAL": "AL"}}, {"type": "Feature", "geometry": {"type": "Point", "coordinates": [-88.16692537715385, 41.78441023808323]}, "properties": {"POLENUMBER": "052062", "SUBTYPE": "SL", "MATERIAL": "AL"}}, {"type": "Feature", "geometry": {"type": "Point", "coordinates": [-88.17538308757047, 41.784286911418455]}, "properties": {"POLENUMBER": "052066", "SUBTYPE": "SL", "MATERIAL": "AL"}}, {"type": "Feature", "geometry": {"type": "Point", "coordinates": [-88.18546494995883, 41.78426185477527]}, "properties": {"POLENUMBER": "051018", "SUBTYPE": "SL", "MATERIAL": "AL"}}, {"type": "Feature", "geometry": {"type": "Point", "coordinates": [-88.18300924633634, 41.78421739341553]}, "properties": {"POLENUMBER": "051019", "SUBTYPE": "SL", "MATERIAL": "AL"}}, {"type": "Feature", "geometry": {"type": "Point", "coordinates": [-88.17419753332035, 41.784086422179264]}, "properties": {"POLENUMBER": "052073", "SUBTYPE": "SL", "MATERIAL": "AL"}}, {"type": "Feature", "geometry": {"type": "Point", "coordinates": [-88.18614786534299, 41.7840842141131]}, "properties": {"POLENUMBER": "051020", "SUBTYPE": "SL", "MATERIAL": "AL"}}, {"type": "Feature", "geometry": {"type": "Point", "coordinates": [-88.17141683297672, 41.798206196530245]}, "properties": {"POLENUMBER": "037066", "SUBTYPE": "SL", "MATERIAL": "CON"}}, {"type": "Feature", "geometry": {"type": "Point", "coordinates": [-88.17146999306327, 41.79757198014185]}, "properties": {"POLENUMBER": "037067", "SUBTYPE": "SL", "MATERIAL": "AL"}}, {"type": "Feature", "geometry": {"type": "Point", "coordinates": [-88.17222244122813, 41.79733486009428]}, "properties": {"POLENUMBER": "037068", "SUBTYPE": "SL", "MATERIAL": "CON"}}, {"type": "Feature", "geometry": {"type": "Point", "coordinates": [-88.1739524209089, 41.797557284412235]}, "properties": {"POLENUMBER": "037069", "SUBTYPE": "SL", "MATERIAL": "CON"}}, {"type": "Feature", "geometry": {"type": "Point", "coordinates": [-88.18325962892396, 41.785195943944835]}, "properties": {"POLENUMBER": "051023", "SUBTYPE": "SL", "MATERIAL": "AL"}}, {"type": "Feature", "geometry": {"type": "Point", "coordinates": [-88.18483186468995, 41.7843551513009]}, "properties": {"POLENUMBER": "051021", "SUBTYPE": "SL", "MATERIAL": "AL"}}, {"type": "Feature", "geometry": {"type": "Point", "coordinates": [-88.16738721067425, 41.784266079188555]}, "properties": {"POLENUMBER": "052075", "SUBTYPE": "SL", "MATERIAL": "AL"}}, {"type": "Feature", "geometry": {"type": "Point", "coordinates": [-88.16771553592798, 41.784183273931426]}, "properties": {"POLENUMBER": "052077", "SUBTYPE": "SL", "MATERIAL": "AL"}}, {"type": "Feature", "geometry": {"type": "Point", "coordinates": [-88.1672137052111, 41.78412793341572]}, "properties": {"POLENUMBER": "052076", "SUBTYPE": "SL", "MATERIAL": "AL"}}, {"type": "Feature", "geometry": {"type": "Point", "coordinates": [-88.16683076558473, 41.78423564316113]}, "properties": {"POLENUMBER": "052074", "SUBTYPE": "SL", "MATERIAL": "AL"}}, {"type": "Feature", "geometry": {"type": "Point", "coordinates": [-88.18472418750697, 41.784030972459696]}, "properties": {"POLENUMBER": "051024", "SUBTYPE": "SL", "MATERIAL": "CON"}}, {"type": "Feature", "geometry": {"type": "Point", "coordinates": [-88.18411616747862, 41.784269921215326]}, "properties": {"POLENUMBER": "051025", "SUBTYPE": "SL", "MATERIAL": "CON"}}, {"type": "Feature", "geometry": {"type": "Point", "coordinates": [-88.16727369947684, 41.78441646208787]}, "properties": {"POLENUMBER": "052055", "SUBTYPE": "SL", "MATERIAL": "AL"}}, {"type": "Feature", "geometry": {"type": "Point", "coordinates": [-88.16979030471435, 41.79802498012045]}, "properties": {"POLENUMBER": "037074", "SUBTYPE": "SL", "MATERIAL": "CON"}}, {"type": "Feature", "geometry": {"type": "Point", "coordinates": [-88.16930621221132, 41.79770989220143]}, "properties": {"POLENUMBER": "037075", "SUBTYPE": "SL", "MATERIAL": "CON"}}, {"type": "Feature", "geometry": {"type": "Point", "coordinates": [-88.16863416827547, 41.79747294801735]}, "properties": {"POLENUMBER": "037076", "SUBTYPE": "SL", "MATERIAL": "CON"}}, {"type": "Feature", "geometry": {"type": "Point", "coordinates": [-88.17034895604718, 41.79743315592112]}, "properties": {"POLENUMBER": "037073", "SUBTYPE": "SL", "MATERIAL": "CON"}}, {"type": "Feature", "geometry": {"type": "Point", "coordinates": [-88.1668295865441, 41.79725046426642]}, "properties": {"POLENUMBER": "037088", "SUBTYPE": "SL", "MATERIAL": "CON"}}, {"type": "Feature", "geometry": {"type": "Point", "coordinates": [-88.1680757627465, 41.797134766621575]}, "properties": {"POLENUMBER": "037077", "SUBTYPE": "SL", "MATERIAL": "CON"}}, {"type": "Feature", "geometry": {"type": "Point", "coordinates": [-88.1675544747983, 41.79708782616496]}, "properties": {"POLENUMBER": "037078", "SUBTYPE": "SL", "MATERIAL": "CON"}}, {"type": "Feature", "geometry": {"type": "Point", "coordinates": [-88.16806567368552, 41.79670116278039]}, "properties": {"POLENUMBER": "037079", "SUBTYPE": "SL", "MATERIAL": "CON"}}, {"type": "Feature", "geometry": {"type": "Point", "coordinates": [-88.16714833750127, 41.796224998257834]}, "properties": {"POLENUMBER": "037081", "SUBTYPE": "SL", "MATERIAL": "CON"}}, {"type": "Feature", "geometry": {"type": "Point", "coordinates": [-88.16791495574672, 41.79621199062163]}, "properties": {"POLENUMBER": "037080", "SUBTYPE": "SL", "MATERIAL": "CON"}}, {"type": "Feature", "geometry": {"type": "Point", "coordinates": [-88.16823742958341, 41.795853707588385]}, "properties": {"POLENUMBER": "037082", "SUBTYPE": "SL", "MATERIAL": "CON"}}, {"type": "Feature", "geometry": {"type": "Point", "coordinates": [-88.16939733985325, 41.79559577392951]}, "properties": {"POLENUMBER": "037083", "SUBTYPE": "SL", "MATERIAL": "CON"}}, {"type": "Feature", "geometry": {"type": "Point", "coordinates": [-88.16895658446309, 41.795318669441784]}, "properties": {"POLENUMBER": "037084", "SUBTYPE": "SL", "MATERIAL": "CON"}}, {"type": "Feature", "geometry": {"type": "Point", "coordinates": [-88.16816366127887, 41.79531434848685]}, "properties": {"POLENUMBER": "037085", "SUBTYPE": "SL", "MATERIAL": "AL"}}, {"type": "Feature", "geometry": {"type": "Point", "coordinates": [-88.1669490433503, 41.79514778111757]}, "properties": {"POLENUMBER": "037087", "SUBTYPE": "SL", "MATERIAL": "CON"}}, {"type": "Feature", "geometry": {"type": "Point", "coordinates": [-88.1675537901547, 41.79513901702392]}, "properties": {"POLENUMBER": "037086", "SUBTYPE": "SL", "MATERIAL": "CON"}}, {"type": "Feature", "geometry": {"type": "Point", "coordinates": [-88.16711058818127, 41.79469458154153]}, "properties": {"POLENUMBER": "037070", "SUBTYPE": "SL", "MATERIAL": "CON"}}, {"type": "Feature", "geometry": {"type": "Point", "coordinates": [-88.1755117017299, 41.794617698469864]}, "properties": {"POLENUMBER": "037025", "SUBTYPE": "SL", "MATERIAL": "CON"}}, {"type": "Feature", "geometry": {"type": "Point", "coordinates": [-88.17593522119728, 41.794791041663935]}, "properties": {"POLENUMBER": "037021", "SUBTYPE": "SL", "MATERIAL": "CON"}}, {"type": "Feature", "geometry": {"type": "Point", "coordinates": [-88.17593840330213, 41.79527407162769]}, "properties": {"POLENUMBER": "037016", "SUBTYPE": "SL", "MATERIAL": "CON"}}, {"type": "Feature", "geometry": {"type": "Point", "coordinates": [-88.17593125325652, 41.795768118614795]}, "properties": {"POLENUMBER": "037009", "SUBTYPE": "SL", "MATERIAL": "CON"}}, {"type": "Feature", "geometry": {"type": "Point", "coordinates": [-88.17226222428643, 41.794628372159]}, "properties": {"POLENUMBER": "037020", "SUBTYPE": "SL", "MATERIAL": "AL"}}, {"type": "Feature", "geometry": {"type": "Point", "coordinates": [-88.173639568875, 41.79532087271085]}, "properties": {"POLENUMBER": "037026", "SUBTYPE": "SL", "MATERIAL": "AL"}}, {"type": "Feature", "geometry": {"type": "Point", "coordinates": [-88.17273523873727, 41.79137013026182]}, "properties": {"POLENUMBER": "037072", "SUBTYPE": "SL", "MATERIAL": "AL"}}, {"type": "Feature", "geometry": {"type": "Point", "coordinates": [-88.17141579095154, 41.792484574104144]}, "properties": {"POLENUMBER": "037071", "SUBTYPE": "SL", "MATERIAL": "CON"}}, {"type": "Feature", "geometry": {"type": "Point", "coordinates": [-88.18404180686754, 41.78756459438622]}, "properties": {"POLENUMBER": "051026", "SUBTYPE": "SL", "MATERIAL": "AL"}}, {"type": "Feature", "geometry": {"type": "Point", "coordinates": [-88.16730546332097, 41.78483539713311]}, "properties": {"POLENUMBER": "052060", "SUBTYPE": "SL", "MATERIAL": "AL"}}, {"type": "Feature", "geometry": {"type": "Point", "coordinates": [-88.16806733164267, 41.786884299399055]}, "properties": {"POLENUMBER": "052080", "SUBTYPE": "SL", "MATERIAL": "AL"}}, {"type": "Feature", "geometry": {"type": "Point", "coordinates": [-88.16986778228751, 41.788617949074364]}, "properties": {"POLENUMBER": "052081", "SUBTYPE": "SL", "MATERIAL": "AL"}}, {"type": "Feature", "geometry": {"type": "Point", "coordinates": [-88.16976447466376, 41.78990179802913]}, "properties": {"POLENUMBER": "052078", "SUBTYPE": "SL", "MATERIAL": "AL"}}, {"type": "Feature", "geometry": {"type": "Point", "coordinates": [-88.17569982638615, 41.78930928662469]}, "properties": {"POLENUMBER": "052079", "SUBTYPE": "SL", "MATERIAL": "AL"}}, {"type": "Feature", "geometry": {"type": "Point", "coordinates": [-88.20071597737497, 41.79812564084595]}, "properties": {"POLENUMBER": "034002", "SUBTYPE": "SL", "MATERIAL": "CON"}}, {"type": "Feature", "geometry": {"type": "Point", "coordinates": [-88.20183185570642, 41.798077306522266]}, "properties": {"POLENUMBER": "034001", "SUBTYPE": "SL", "MATERIAL": "CON"}}, {"type": "Feature", "geometry": {"type": "Point", "coordinates": [-88.20070002706132, 41.797305926067054]}, "properties": {"POLENUMBER": "034003", "SUBTYPE": "SL", "MATERIAL": "CON"}}, {"type": "Feature", "geometry": {"type": "Point", "coordinates": [-88.20181911058404, 41.79724365437226]}, "properties": {"POLENUMBER": "034004", "SUBTYPE": "SL", "MATERIAL": "CON"}}, {"type": "Feature", "geometry": {"type": "Point", "coordinates": [-88.20075322520246, 41.79643981616915]}, "properties": {"POLENUMBER": "034006", "SUBTYPE": "SL", "MATERIAL": "CON"}}, {"type": "Feature", "geometry": {"type": "Point", "coordinates": [-88.20174580727316, 41.796433259297885]}, "properties": {"POLENUMBER": "034007", "SUBTYPE": "SL", "MATERIAL": "CON"}}, {"type": "Feature", "geometry": {"type": "Point", "coordinates": [-88.20501471414195, 41.79642009601113]}, "properties": {"POLENUMBER": "034010", "SUBTYPE": "SL", "MATERIAL": "AL"}}, {"type": "Feature", "geometry": {"type": "Point", "coordinates": [-88.20409594552225, 41.79642091094207]}, "properties": {"POLENUMBER": "034011", "SUBTYPE": "SL", "MATERIAL": "CON"}}, {"type": "Feature", "geometry": {"type": "Point", "coordinates": [-88.18940567592225, 41.79637589821917]}, "properties": {"POLENUMBER": "035010", "SUBTYPE": "SL", "MATERIAL": "CON"}}, {"type": "Feature", "geometry": {"type": "Point", "coordinates": [-88.19130163057714, 41.79636884462755]}, "properties": {"POLENUMBER": "035011", "SUBTYPE": "SL", "MATERIAL": "CON"}}, {"type": "Feature", "geometry": {"type": "Point", "coordinates": [-88.190400104434, 41.79636201821497]}, "properties": {"POLENUMBER": "035012", "SUBTYPE": "SL", "MATERIAL": "CON"}}, {"type": "Feature", "geometry": {"type": "Point", "coordinates": [-88.18855071941778, 41.79635569575171]}, "properties": {"POLENUMBER": "035013", "SUBTYPE": "SL", "MATERIAL": "CON"}}, {"type": "Feature", "geometry": {"type": "Point", "coordinates": [-88.19224163225152, 41.79635606175282]}, "properties": {"POLENUMBER": "035014", "SUBTYPE": "SL", "MATERIAL": "AL"}}, {"type": "Feature", "geometry": {"type": "Point", "coordinates": [-88.19314131091322, 41.796352168871294]}, "properties": {"POLENUMBER": "035015", "SUBTYPE": "SL", "MATERIAL": "CON"}}, {"type": "Feature", "geometry": {"type": "Point", "coordinates": [-88.1940015626986, 41.79634967521517]}, "properties": {"POLENUMBER": "035016", "SUBTYPE": "SL", "MATERIAL": "AL"}}, {"type": "Feature", "geometry": {"type": "Point", "coordinates": [-88.19477848242008, 41.79635846060537]}, "properties": {"POLENUMBER": "035017", "SUBTYPE": "SL", "MATERIAL": "AL"}}, {"type": "Feature", "geometry": {"type": "Point", "coordinates": [-88.19550046309612, 41.79633765201015]}, "properties": {"POLENUMBER": "035018", "SUBTYPE": "SL", "MATERIAL": "CON"}}, {"type": "Feature", "geometry": {"type": "Point", "coordinates": [-88.19626921448379, 41.7963351143892]}, "properties": {"POLENUMBER": "034012", "SUBTYPE": "SL", "MATERIAL": "CON"}}, {"type": "Feature", "geometry": {"type": "Point", "coordinates": [-88.19708572343615, 41.79632831914705]}, "properties": {"POLENUMBER": "034013", "SUBTYPE": "SL", "MATERIAL": "AL"}}, {"type": "Feature", "geometry": {"type": "Point", "coordinates": [-88.19799845470396, 41.79632563810109]}, "properties": {"POLENUMBER": "034014", "SUBTYPE": "SL", "MATERIAL": "CON"}}, {"type": "Feature", "geometry": {"type": "Point", "coordinates": [-88.19878441429309, 41.79631887762619]}, "properties": {"POLENUMBER": "034015", "SUBTYPE": "SL", "MATERIAL": "AL"}}, {"type": "Feature", "geometry": {"type": "Point", "coordinates": [-88.19983024843577, 41.79630857132729]}, "properties": {"POLENUMBER": "034016", "SUBTYPE": "SL", "MATERIAL": "CON"}}, {"type": "Feature", "geometry": {"type": "Point", "coordinates": [-88.20180392445084, 41.795720328309294]}, "properties": {"POLENUMBER": "034020", "SUBTYPE": "SL", "MATERIAL": "AL"}}, {"type": "Feature", "geometry": {"type": "Point", "coordinates": [-88.19373461125548, 41.795473423406605]}, "properties": {"POLENUMBER": "035019", "SUBTYPE": "SL", "MATERIAL": "CON"}}, {"type": "Feature", "geometry": {"type": "Point", "coordinates": [-88.1948583898314, 41.79545019461622]}, "properties": {"POLENUMBER": "035020", "SUBTYPE": "SL", "MATERIAL": "CON"}}, {"type": "Feature", "geometry": {"type": "Point", "coordinates": [-88.19151206747169, 41.79540118791543]}, "properties": {"POLENUMBER": "035021", "SUBTYPE": "SL", "MATERIAL": "CON"}}, {"type": "Feature", "geometry": {"type": "Point", "coordinates": [-88.19603481594088, 41.79522745186598]}, "properties": {"POLENUMBER": "034024", "SUBTYPE": "SL", "MATERIAL": "AL"}}, {"type": "Feature", "geometry": {"type": "Point", "coordinates": [-88.19282244522786, 41.794920898817786]}, "properties": {"POLENUMBER": "035022", "SUBTYPE": "SL", "MATERIAL": "CON"}}, {"type": "Feature", "geometry": {"type": "Point", "coordinates": [-88.2018772047996, 41.79489091864383]}, "properties": {"POLENUMBER": "034027", "SUBTYPE": "SL", "MATERIAL": "AL"}}, {"type": "Feature", "geometry": {"type": "Point", "coordinates": [-88.19129060959872, 41.79459990638815]}, "properties": {"POLENUMBER": "035023", "SUBTYPE": "SL", "MATERIAL": "CON"}}, {"type": "Feature", "geometry": {"type": "Point", "coordinates": [-88.19483649916536, 41.79449512292863]}, "properties": {"POLENUMBER": "035024", "SUBTYPE": "SL", "MATERIAL": "CON"}}, {"type": "Feature", "geometry": {"type": "Point", "coordinates": [-88.19373206522766, 41.79443275248759]}, "properties": {"POLENUMBER": "035025", "SUBTYPE": "SL", "MATERIAL": "AL"}}, {"type": "Feature", "geometry": {"type": "Point", "coordinates": [-88.19654580132112, 41.79430147379193]}, "properties": {"POLENUMBER": "034032", "SUBTYPE": "SL", "MATERIAL": "CON"}}, {"type": "Feature", "geometry": {"type": "Point", "coordinates": [-88.20220384258843, 41.79426314693934]}, "properties": {"POLENUMBER": "034033", "SUBTYPE": "SL", "MATERIAL": "CON"}}, {"type": "Feature", "geometry": {"type": "Point", "coordinates": [-88.20330538976523, 41.79425037586779]}, "properties": {"POLENUMBER": "034034", "SUBTYPE": "SL", "MATERIAL": "CON"}}, {"type": "Feature", "geometry": {"type": "Point", "coordinates": [-88.20449311533224, 41.794261277675574]}, "properties": {"POLENUMBER": "034035", "SUBTYPE": "SL", "MATERIAL": "CON"}}, {"type": "Feature", "geometry": {"type": "Point", "coordinates": [-88.20520528108788, 41.794263141989134]}, "properties": {"POLENUMBER": "034037", "SUBTYPE": "SL", "MATERIAL": "CON"}}, {"type": "Feature", "geometry": {"type": "Point", "coordinates": [-88.19215856464086, 41.79410123806442]}, "properties": {"POLENUMBER": "035026", "SUBTYPE": "SL", "MATERIAL": "CON"}}, {"type": "Feature", "geometry": {"type": "Point", "coordinates": [-88.19402931231745, 41.79386575526279]}, "properties": {"POLENUMBER": "035027", "SUBTYPE": "SL", "MATERIAL": "AL"}}, {"type": "Feature", "geometry": {"type": "Point", "coordinates": [-88.19575017339679, 41.79385766397783]}, "properties": {"POLENUMBER": "035028", "SUBTYPE": "SL", "MATERIAL": "UNK"}}, {"type": "Feature", "geometry": {"type": "Point", "coordinates": [-88.1905749707322, 41.79359871995295]}, "properties": {"POLENUMBER": "035029", "SUBTYPE": "SL", "MATERIAL": "CON"}}, {"type": "Feature", "geometry": {"type": "Point", "coordinates": [-88.19748281131258, 41.79355514633579]}, "properties": {"POLENUMBER": "034044", "SUBTYPE": "SL", "MATERIAL": "AL"}}, {"type": "Feature", "geometry": {"type": "Point", "coordinates": [-88.20248934708282, 41.79351822911457]}, "properties": {"POLENUMBER": "034045", "SUBTYPE": "SL", "MATERIAL": "CON"}}, {"type": "Feature", "geometry": {"type": "Point", "coordinates": [-88.1914443236511, 41.79326071102957]}, "properties": {"POLENUMBER": "035030", "SUBTYPE": "SL", "MATERIAL": "CON"}}, {"type": "Feature", "geometry": {"type": "Point", "coordinates": [-88.19646510712279, 41.793033508867126]}, "properties": {"POLENUMBER": "034049", "SUBTYPE": "SL", "MATERIAL": "AL"}}, {"type": "Feature", "geometry": {"type": "Point", "coordinates": [-88.19473251213846, 41.79295571575238]}, "properties": {"POLENUMBER": "035031", "SUBTYPE": "SL", "MATERIAL": "AL"}}, {"type": "Feature", "geometry": {"type": "Point", "coordinates": [-88.1928764303344, 41.792937352216406]}, "properties": {"POLENUMBER": "035032", "SUBTYPE": "SL", "MATERIAL": "AL"}}, {"type": "Feature", "geometry": {"type": "Point", "coordinates": [-88.19808556006127, 41.79281659698719]}, "properties": {"POLENUMBER": "034051", "SUBTYPE": "SL", "MATERIAL": "CON"}}, {"type": "Feature", "geometry": {"type": "Point", "coordinates": [-88.18981581629802, 41.792585344870474]}, "properties": {"POLENUMBER": "035033", "SUBTYPE": "SL", "MATERIAL": "CON"}}, {"type": "Feature", "geometry": {"type": "Point", "coordinates": [-88.1958472292459, 41.792587781005736]}, "properties": {"POLENUMBER": "034053", "SUBTYPE": "SL", "MATERIAL": "CON"}}, {"type": "Feature", "geometry": {"type": "Point", "coordinates": [-88.19720229783468, 41.79248585223422]}, "properties": {"POLENUMBER": "034055", "SUBTYPE": "SL", "MATERIAL": "CON"}}, {"type": "Feature", "geometry": {"type": "Point", "coordinates": [-88.19962147607127, 41.79244028364678]}, "properties": {"POLENUMBER": "034057", "SUBTYPE": "SL", "MATERIAL": "CON"}}, {"type": "Feature", "geometry": {"type": "Point", "coordinates": [-88.20171542314642, 41.792408864317835]}, "properties": {"POLENUMBER": "034058", "SUBTYPE": "SL", "MATERIAL": "CON"}}, {"type": "Feature", "geometry": {"type": "Point", "coordinates": [-88.19115859827497, 41.792339230547675]}, "properties": {"POLENUMBER": "035034", "SUBTYPE": "SL", "MATERIAL": "CON"}}, {"type": "Feature", "geometry": {"type": "Point", "coordinates": [-88.20083745044303, 41.79231682675758]}, "properties": {"POLENUMBER": "034059", "SUBTYPE": "SL", "MATERIAL": "CON"}}, {"type": "Feature", "geometry": {"type": "Point", "coordinates": [-88.19387923922854, 41.792263886311]}, "properties": {"POLENUMBER": "035035", "SUBTYPE": "SL", "MATERIAL": "CON"}}, {"type": "Feature", "geometry": {"type": "Point", "coordinates": [-88.19862007028054, 41.79217911818663]}, "properties": {"POLENUMBER": "034061", "SUBTYPE": "SL", "MATERIAL": "UNK"}}, {"type": "Feature", "geometry": {"type": "Point", "coordinates": [-88.1886879138942, 41.79209895605607]}, "properties": {"POLENUMBER": "035036", "SUBTYPE": "SL", "MATERIAL": "CON"}}, {"type": "Feature", "geometry": {"type": "Point", "coordinates": [-88.18669270488301, 41.79209093802764]}, "properties": {"POLENUMBER": "035037", "SUBTYPE": "SL", "MATERIAL": "CON"}}, {"type": "Feature", "geometry": {"type": "Point", "coordinates": [-88.19274420853964, 41.7919905973692]}, "properties": {"POLENUMBER": "035038", "SUBTYPE": "SL", "MATERIAL": "CON"}}, {"type": "Feature", "geometry": {"type": "Point", "coordinates": [-88.18746903928275, 41.79189164725027]}, "properties": {"POLENUMBER": "035039", "SUBTYPE": "SL", "MATERIAL": "CON"}}, {"type": "Feature", "geometry": {"type": "Point", "coordinates": [-88.20298507975001, 41.791850583301255]}, "properties": {"POLENUMBER": "034063", "SUBTYPE": "SL", "MATERIAL": "CON"}}, {"type": "Feature", "geometry": {"type": "Point", "coordinates": [-88.19568383589474, 41.791826918610035]}, "properties": {"POLENUMBER": "035040", "SUBTYPE": "SL", "MATERIAL": "CON"}}, {"type": "Feature", "geometry": {"type": "Point", "coordinates": [-88.19838517521805, 41.79165912055192]}, "properties": {"POLENUMBER": "034065", "SUBTYPE": "SL", "MATERIAL": "AL"}}, {"type": "Feature", "geometry": {"type": "Point", "coordinates": [-88.20396867822788, 41.791779382561266]}, "properties": {"POLENUMBER": "034066", "SUBTYPE": "SL", "MATERIAL": "CON"}}, {"type": "Feature", "geometry": {"type": "Point", "coordinates": [-88.18823395550226, 41.79158278351488]}, "properties": {"POLENUMBER": "035042", "SUBTYPE": "SL", "MATERIAL": "CON"}}, {"type": "Feature", "geometry": {"type": "Point", "coordinates": [-88.18637806935648, 41.79143267069146]}, "properties": {"POLENUMBER": "035043", "SUBTYPE": "SL", "MATERIAL": "CON"}}, {"type": "Feature", "geometry": {"type": "Point", "coordinates": [-88.19657253267722, 41.791301237880724]}, "properties": {"POLENUMBER": "034067", "SUBTYPE": "SL", "MATERIAL": "CON"}}, {"type": "Feature", "geometry": {"type": "Point", "coordinates": [-88.19280832916846, 41.79122613835776]}, "properties": {"POLENUMBER": "035044", "SUBTYPE": "SL", "MATERIAL": "CON"}}, {"type": "Feature", "geometry": {"type": "Point", "coordinates": [-88.19787582098854, 41.791221467607556]}, "properties": {"POLENUMBER": "034068", "SUBTYPE": "SL", "MATERIAL": "CON"}}, {"type": "Feature", "geometry": {"type": "Point", "coordinates": [-88.19721299789616, 41.791207127426105]}, "properties": {"POLENUMBER": "034069", "SUBTYPE": "SL", "MATERIAL": "CON"}}, {"type": "Feature", "geometry": {"type": "Point", "coordinates": [-88.19446888788727, 41.79116907311755]}, "properties": {"POLENUMBER": "035045", "SUBTYPE": "SL", "MATERIAL": "CON"}}, {"type": "Feature", "geometry": {"type": "Point", "coordinates": [-88.18730655825432, 41.79112945590836]}, "properties": {"POLENUMBER": "050001", "SUBTYPE": "SL", "MATERIAL": "CON"}}, {"type": "Feature", "geometry": {"type": "Point", "coordinates": [-88.19388070544984, 41.791130571576154]}, "properties": {"POLENUMBER": "050002", "SUBTYPE": "SL", "MATERIAL": "CON"}}, {"type": "Feature", "geometry": {"type": "Point", "coordinates": [-88.18800676264978, 41.79112008057269]}, "properties": {"POLENUMBER": "050003", "SUBTYPE": "SL", "MATERIAL": "AL"}}, {"type": "Feature", "geometry": {"type": "Point", "coordinates": [-88.19601707928946, 41.79099491425722]}, "properties": {"POLENUMBER": "049001", "SUBTYPE": "SL", "MATERIAL": "CON"}}, {"type": "Feature", "geometry": {"type": "Point", "coordinates": [-88.19674695924097, 41.79085895278114]}, "properties": {"POLENUMBER": "049002", "SUBTYPE": "SL", "MATERIAL": "CON"}}, {"type": "Feature", "geometry": {"type": "Point", "coordinates": [-88.19800650745388, 41.79077514760591]}, "properties": {"POLENUMBER": "049003", "SUBTYPE": "SL", "MATERIAL": "AL"}}, {"type": "Feature", "geometry": {"type": "Point", "coordinates": [-88.19566925541947, 41.79070626342115]}, "properties": {"POLENUMBER": "050005", "SUBTYPE": "SL", "MATERIAL": "CON"}}, {"type": "Feature", "geometry": {"type": "Point", "coordinates": [-88.1892039999004, 41.79050351579674]}, "properties": {"POLENUMBER": "050006", "SUBTYPE": "SL", "MATERIAL": "CON"}}, {"type": "Feature", "geometry": {"type": "Point", "coordinates": [-88.19657310797604, 41.79042662727989]}, "properties": {"POLENUMBER": "049004", "SUBTYPE": "SL", "MATERIAL": "AL"}}, {"type": "Feature", "geometry": {"type": "Point", "coordinates": [-88.19272525042453, 41.79036245845738]}, "properties": {"POLENUMBER": "050007", "SUBTYPE": "SL", "MATERIAL": "CON"}}, {"type": "Feature", "geometry": {"type": "Point", "coordinates": [-88.1978857985955, 41.79032460392375]}, "properties": {"POLENUMBER": "049005", "SUBTYPE": "SL", "MATERIAL": "AL"}}, {"type": "Feature", "geometry": {"type": "Point", "coordinates": [-88.1888281825855, 41.790252817879995]}, "properties": {"POLENUMBER": "050008", "SUBTYPE": "SL", "MATERIAL": "CON"}}, {"type": "Feature", "geometry": {"type": "Point", "coordinates": [-88.19398803036488, 41.790169233507875]}, "properties": {"POLENUMBER": "050009", "SUBTYPE": "SL", "MATERIAL": "CON"}}, {"type": "Feature", "geometry": {"type": "Point", "coordinates": [-88.18726242052402, 41.79008963697993]}, "properties": {"POLENUMBER": "050010", "SUBTYPE": "SL", "MATERIAL": "AL"}}, {"type": "Feature", "geometry": {"type": "Point", "coordinates": [-88.19531709856798, 41.79008005620257]}, "properties": {"POLENUMBER": "050011", "SUBTYPE": "SL", "MATERIAL": "CON"}}, {"type": "Feature", "geometry": {"type": "Point", "coordinates": [-88.18840340496432, 41.79007129568606]}, "properties": {"POLENUMBER": "050012", "SUBTYPE": "SL", "MATERIAL": "CON"}}, {"type": "Feature", "geometry": {"type": "Point", "coordinates": [-88.1866967427937, 41.790062104476824]}, "properties": {"POLENUMBER": "050013", "SUBTYPE": "SL", "MATERIAL": "CON"}}, {"type": "Feature", "geometry": {"type": "Point", "coordinates": [-88.1878953460406, 41.78995736831694]}, "properties": {"POLENUMBER": "050014", "SUBTYPE": "SL", "MATERIAL": "CON"}}, {"type": "Feature", "geometry": {"type": "Point", "coordinates": [-88.19625816364989, 41.78980019349568]}, "properties": {"POLENUMBER": "049006", "SUBTYPE": "SL", "MATERIAL": "CON"}}, {"type": "Feature", "geometry": {"type": "Point", "coordinates": [-88.19279217453095, 41.789791065447524]}, "properties": {"POLENUMBER": "050015", "SUBTYPE": "SL", "MATERIAL": "CON"}}, {"type": "Feature", "geometry": {"type": "Point", "coordinates": [-88.19778665848412, 41.78975886893168]}, "properties": {"POLENUMBER": "049007", "SUBTYPE": "SL", "MATERIAL": "AL"}}, {"type": "Feature", "geometry": {"type": "Point", "coordinates": [-88.1941836074721, 41.789636086345226]}, "properties": {"POLENUMBER": "050016", "SUBTYPE": "SL", "MATERIAL": "CON"}}, {"type": "Feature", "geometry": {"type": "Point", "coordinates": [-88.18994567795986, 41.789504143800535]}, "properties": {"POLENUMBER": "050017", "SUBTYPE": "SL", "MATERIAL": "CON"}}, {"type": "Feature", "geometry": {"type": "Point", "coordinates": [-88.19492261800542, 41.78951855177879]}, "properties": {"POLENUMBER": "050018", "SUBTYPE": "SL", "MATERIAL": "UNK"}}, {"type": "Feature", "geometry": {"type": "Point", "coordinates": [-88.1895429630117, 41.7893778959321]}, "properties": {"POLENUMBER": "050019", "SUBTYPE": "SL", "MATERIAL": "CON"}}, {"type": "Feature", "geometry": {"type": "Point", "coordinates": [-88.19763849925879, 41.789200498494054]}, "properties": {"POLENUMBER": "049008", "SUBTYPE": "SL", "MATERIAL": "CON"}}, {"type": "Feature", "geometry": {"type": "Point", "coordinates": [-88.18815982680736, 41.78912016737963]}, "properties": {"POLENUMBER": "050021", "SUBTYPE": "SL", "MATERIAL": "CON"}}, {"type": "Feature", "geometry": {"type": "Point", "coordinates": [-88.19258806084733, 41.78912554091137]}, "properties": {"POLENUMBER": "050022", "SUBTYPE": "SL", "MATERIAL": "CON"}}, {"type": "Feature", "geometry": {"type": "Point", "coordinates": [-88.19705309937684, 41.78898105723411]}, "properties": {"POLENUMBER": "049009", "SUBTYPE": "SL", "MATERIAL": "CON"}}, {"type": "Feature", "geometry": {"type": "Point", "coordinates": [-88.19655810022562, 41.78896496384881]}, "properties": {"POLENUMBER": "049010", "SUBTYPE": "SL", "MATERIAL": "CON"}}, {"type": "Feature", "geometry": {"type": "Point", "coordinates": [-88.18921953902722, 41.7889360414533]}, "properties": {"POLENUMBER": "050023", "SUBTYPE": "SL", "MATERIAL": "CON"}}, {"type": "Feature", "geometry": {"type": "Point", "coordinates": [-88.19352428312136, 41.788879832741564]}, "properties": {"POLENUMBER": "050024", "SUBTYPE": "SL", "MATERIAL": "AL"}}, {"type": "Feature", "geometry": {"type": "Point", "coordinates": [-88.19520369663371, 41.78882481009782]}, "properties": {"POLENUMBER": "050025", "SUBTYPE": "SL", "MATERIAL": "CON"}}, {"type": "Feature", "geometry": {"type": "Point", "coordinates": [-88.18690413765695, 41.78880885108037]}, "properties": {"POLENUMBER": "050026", "SUBTYPE": "SL", "MATERIAL": "CON"}}, {"type": "Feature", "geometry": {"type": "Point", "coordinates": [-88.19391740281115, 41.788579451829555]}, "properties": {"POLENUMBER": "050027", "SUBTYPE": "SL", "MATERIAL": "CON"}}, {"type": "Feature", "geometry": {"type": "Point", "coordinates": [-88.18890970263224, 41.788568875532974]}, "properties": {"POLENUMBER": "050028", "SUBTYPE": "SL", "MATERIAL": "CON"}}, {"type": "Feature", "geometry": {"type": "Point", "coordinates": [-88.19637186692874, 41.78851258920523]}, "properties": {"POLENUMBER": "049011", "SUBTYPE": "SL", "MATERIAL": "CON"}}, {"type": "Feature", "geometry": {"type": "Point", "coordinates": [-88.1464329925844, 41.779883156606516]}, "properties": {"POLENUMBER": "070031", "SUBTYPE": "SL", "MATERIAL": "CON"}}, {"type": "Feature", "geometry": {"type": "Point", "coordinates": [-88.14588816815817, 41.780070859945674]}, "properties": {"POLENUMBER": "070172", "SUBTYPE": "SL", "MATERIAL": "CON"}}, {"type": "Feature", "geometry": {"type": "Point", "coordinates": [-88.14547742623337, 41.78005056205354]}, "properties": {"POLENUMBER": "070171", "SUBTYPE": "SL", "MATERIAL": "CON"}}, {"type": "Feature", "geometry": {"type": "Point", "coordinates": [-88.14477271895532, 41.78064979038022]}, "properties": {"POLENUMBER": "070052", "SUBTYPE": "SL", "MATERIAL": "CON"}}, {"type": "Feature", "geometry": {"type": "Point", "coordinates": [-88.14491618912248, 41.78017370671983]}, "properties": {"POLENUMBER": "070205", "SUBTYPE": "SL", "MATERIAL": "CON"}}, {"type": "Feature", "geometry": {"type": "Point", "coordinates": [-88.14459886433167, 41.78087212415018]}, "properties": {"POLENUMBER": "070046", "SUBTYPE": "SL", "MATERIAL": "AL"}}, {"type": "Feature", "geometry": {"type": "Point", "coordinates": [-88.14211810595157, 41.780162028532125]}, "properties": {"POLENUMBER": "070243", "SUBTYPE": "SL", "MATERIAL": "AL"}}, {"type": "Feature", "geometry": {"type": "Point", "coordinates": [-88.14182174337135, 41.78129319837421]}, "properties": {"POLENUMBER": "070030", "SUBTYPE": "SL", "MATERIAL": "AL"}}, {"type": "Feature", "geometry": {"type": "Point", "coordinates": [-88.14178334773062, 41.78107533478581]}, "properties": {"POLENUMBER": "070152", "SUBTYPE": "SL", "MATERIAL": "CON"}}, {"type": "Feature", "geometry": {"type": "Point", "coordinates": [-88.14171810481167, 41.78151649382195]}, "properties": {"POLENUMBER": "070151", "SUBTYPE": "SL", "MATERIAL": "CON"}}, {"type": "Feature", "geometry": {"type": "Point", "coordinates": [-88.14125269875268, 41.781476681421914]}, "properties": {"POLENUMBER": "070149", "SUBTYPE": "SL", "MATERIAL": "CON"}}, {"type": "Feature", "geometry": {"type": "Point", "coordinates": [-88.14081127824178, 41.78168696869533]}, "properties": {"POLENUMBER": "070148", "SUBTYPE": "SL", "MATERIAL": "CON"}}, {"type": "Feature", "geometry": {"type": "Point", "coordinates": [-88.14175549345232, 41.781730785797784]}, "properties": {"POLENUMBER": "070029", "SUBTYPE": "SL", "MATERIAL": "AL"}}, {"type": "Feature", "geometry": {"type": "Point", "coordinates": [-88.14039164585448, 41.78169336859475]}, "properties": {"POLENUMBER": "070017", "SUBTYPE": "SL", "MATERIAL": "AL"}}, {"type": "Feature", "geometry": {"type": "Point", "coordinates": [-88.14092046343657, 41.78080691366743]}, "properties": {"POLENUMBER": "070153", "SUBTYPE": "SL", "MATERIAL": "CON"}}, {"type": "Feature", "geometry": {"type": "Point", "coordinates": [-88.14131822493597, 41.781058559806624]}, "properties": {"POLENUMBER": "070207", "SUBTYPE": "SL", "MATERIAL": "CON"}}, {"type": "Feature", "geometry": {"type": "Point", "coordinates": [-88.14082671850774, 41.78123664028923]}, "properties": {"POLENUMBER": "070150", "SUBTYPE": "SL", "MATERIAL": "CON"}}, {"type": "Feature", "geometry": {"type": "Point", "coordinates": [-88.14247813682047, 41.7811695174856]}, "properties": {"POLENUMBER": "070176", "SUBTYPE": "UPL", "MATERIAL": "WD"}}, {"type": "Feature", "geometry": {"type": "Point", "coordinates": [-88.14320562850878, 41.78109079850162]}, "properties": {"POLENUMBER": "070154", "SUBTYPE": "SL", "MATERIAL": "AL"}}, {"type": "Feature", "geometry": {"type": "Point", "coordinates": [-88.14402111989382, 41.78114027226128]}, "properties": {"POLENUMBER": "070247", "SUBTYPE": "UPL", "MATERIAL": "WD"}}, {"type": "Feature", "geometry": {"type": "Point", "coordinates": [-88.14394895715874, 41.78195395977262]}, "properties": {"POLENUMBER": "070032", "SUBTYPE": "UPL", "MATERIAL": "WD"}}, {"type": "Feature", "geometry": {"type": "Point", "coordinates": [-88.14470231777436, 41.781977756857074]}, "properties": {"POLENUMBER": "070160", "SUBTYPE": "UPL", "MATERIAL": "WD"}}, {"type": "Feature", "geometry": {"type": "Point", "coordinates": [-88.1453618404394, 41.782006418632]}, "properties": {"POLENUMBER": "070178", "SUBTYPE": "UPL", "MATERIAL": "WD"}}, {"type": "Feature", "geometry": {"type": "Point", "coordinates": [-88.13526136576053, 41.78257804835081]}, "properties": {"POLENUMBER": "071030", "SUBTYPE": "SL", "MATERIAL": "CON"}}, {"type": "Feature", "geometry": {"type": "Point", "coordinates": [-88.1346525526155, 41.78250144678152]}, "properties": {"POLENUMBER": "071029", "SUBTYPE": "SL", "MATERIAL": "CON"}}, {"type": "Feature", "geometry": {"type": "Point", "coordinates": [-88.1338208290559, 41.782373025482855]}, "properties": {"POLENUMBER": "071026", "SUBTYPE": "SL", "MATERIAL": "CON"}}, {"type": "Feature", "geometry": {"type": "Point", "coordinates": [-88.13524581831777, 41.78168480324358]}, "properties": {"POLENUMBER": "071033", "SUBTYPE": "SL", "MATERIAL": "CON"}}, {"type": "Feature", "geometry": {"type": "Point", "coordinates": [-88.13589180390856, 41.781845030932615]}, "properties": {"POLENUMBER": "071032", "SUBTYPE": "SL", "MATERIAL": "CON"}}, {"type": "Feature", "geometry": {"type": "Point", "coordinates": [-88.13491283368124, 41.78156405541525]}, "properties": {"POLENUMBER": "071034", "SUBTYPE": "SL", "MATERIAL": "AL"}}, {"type": "Feature", "geometry": {"type": "Point", "coordinates": [-88.13368068331768, 41.78425559843839]}, "properties": {"POLENUMBER": "071016", "SUBTYPE": "SL", "MATERIAL": "CON"}}, {"type": "Feature", "geometry": {"type": "Point", "coordinates": [-88.13349855277816, 41.78213269519237]}, "properties": {"POLENUMBER": "071027", "SUBTYPE": "SL", "MATERIAL": "CON"}}, {"type": "Feature", "geometry": {"type": "Point", "coordinates": [-88.13756582405237, 41.780240250036066]}, "properties": {"POLENUMBER": "071048", "SUBTYPE": "SL", "MATERIAL": "AL"}}, {"type": "Feature", "geometry": {"type": "Point", "coordinates": [-88.13677549464123, 41.7805754904971]}, "properties": {"POLENUMBER": "071047", "SUBTYPE": "SL", "MATERIAL": "AL"}}, {"type": "Feature", "geometry": {"type": "Point", "coordinates": [-88.13608373464578, 41.78054454881175]}, "properties": {"POLENUMBER": "071046", "SUBTYPE": "SL", "MATERIAL": "AL"}}, {"type": "Feature", "geometry": {"type": "Point", "coordinates": [-88.13532379616791, 41.78051253739367]}, "properties": {"POLENUMBER": "071045", "SUBTYPE": "SL", "MATERIAL": "AL"}}, {"type": "Feature", "geometry": {"type": "Point", "coordinates": [-88.13454216958442, 41.78076273459191]}, "properties": {"POLENUMBER": "071036", "SUBTYPE": "SL", "MATERIAL": "CON"}}, {"type": "Feature", "geometry": {"type": "Point", "coordinates": [-88.1346622958569, 41.781138418907595]}, "properties": {"POLENUMBER": "071035", "SUBTYPE": "SL", "MATERIAL": "CON"}}, {"type": "Feature", "geometry": {"type": "Point", "coordinates": [-88.13385399456794, 41.780994149624]}, "properties": {"POLENUMBER": "071037", "SUBTYPE": "SL", "MATERIAL": "AL"}}, {"type": "Feature", "geometry": {"type": "Point", "coordinates": [-88.17536544381599, 41.79744866732462]}, "properties": {"POLENUMBER": "037006", "SUBTYPE": "SL", "MATERIAL": "AL"}}, {"type": "Feature", "geometry": {"type": "Point", "coordinates": [-88.17538155449931, 41.797070497539664]}, "properties": {"POLENUMBER": "037007", "SUBTYPE": "SL", "MATERIAL": "CON"}}, {"type": "Feature", "geometry": {"type": "Point", "coordinates": [-88.17348789364914, 41.79697251391543]}, "properties": {"POLENUMBER": "037008", "SUBTYPE": "SL", "MATERIAL": "CON"}}, {"type": "Feature", "geometry": {"type": "Point", "coordinates": [-88.17527279677284, 41.7964819415942]}, "properties": {"POLENUMBER": "037010", "SUBTYPE": "SL", "MATERIAL": "CON"}}, {"type": "Feature", "geometry": {"type": "Point", "coordinates": [-88.17130867332318, 41.7964049926068]}, "properties": {"POLENUMBER": "037011", "SUBTYPE": "SL", "MATERIAL": "AL"}}, {"type": "Feature", "geometry": {"type": "Point", "coordinates": [-88.1558938413965, 41.78795525725494]}, "properties": {"POLENUMBER": "054032", "SUBTYPE": "SL", "MATERIAL": "CON"}}, {"type": "Feature", "geometry": {"type": "Point", "coordinates": [-88.15550506990533, 41.78795019394639]}, "properties": {"POLENUMBER": "054033", "SUBTYPE": "SL", "MATERIAL": "CON"}}, {"type": "Feature", "geometry": {"type": "Point", "coordinates": [-88.15496095871539, 41.78794531591574]}, "properties": {"POLENUMBER": "054034", "SUBTYPE": "SL", "MATERIAL": "CON"}}, {"type": "Feature", "geometry": {"type": "Point", "coordinates": [-88.16390746440328, 41.78780262457747]}, "properties": {"POLENUMBER": "053016", "SUBTYPE": "SL", "MATERIAL": "CON"}}, {"type": "Feature", "geometry": {"type": "Point", "coordinates": [-88.16507132587566, 41.787786826641494]}, "properties": {"POLENUMBER": "053017", "SUBTYPE": "SL", "MATERIAL": "CON"}}, {"type": "Feature", "geometry": {"type": "Point", "coordinates": [-88.15461373802017, 41.78774998569449]}, "properties": {"POLENUMBER": "054042", "SUBTYPE": "UPL", "MATERIAL": "WD"}}, {"type": "Feature", "geometry": {"type": "Point", "coordinates": [-88.16441822425695, 41.78775908337568]}, "properties": {"POLENUMBER": "053018", "SUBTYPE": "SL", "MATERIAL": "AL"}}, {"type": "Feature", "geometry": {"type": "Point", "coordinates": [-88.16298502198802, 41.787731999263805]}, "properties": {"POLENUMBER": "053019", "SUBTYPE": "SL", "MATERIAL": "AL"}}, {"type": "Feature", "geometry": {"type": "Point", "coordinates": [-88.14733059374386, 41.78767061232559]}, "properties": {"POLENUMBER": "054043", "SUBTYPE": "SL", "MATERIAL": "CON"}}, {"type": "Feature", "geometry": {"type": "Point", "coordinates": [-88.16337024350884, 41.78766066420634]}, "properties": {"POLENUMBER": "053020", "SUBTYPE": "SL", "MATERIAL": "AL"}}, {"type": "Feature", "geometry": {"type": "Point", "coordinates": [-88.16164848325161, 41.787591225211294]}, "properties": {"POLENUMBER": "053035", "SUBTYPE": "SL", "MATERIAL": "CON"}}, {"type": "Feature", "geometry": {"type": "Point", "coordinates": [-88.1622630184114, 41.787559429081014]}, "properties": {"POLENUMBER": "053032", "SUBTYPE": "SL", "MATERIAL": "CON"}}, {"type": "Feature", "geometry": {"type": "Point", "coordinates": [-88.16061362696828, 41.787496504597435]}, "properties": {"POLENUMBER": "053023", "SUBTYPE": "SL", "MATERIAL": "CON"}}, {"type": "Feature", "geometry": {"type": "Point", "coordinates": [-88.14712189311577, 41.787474989348524]}, "properties": {"POLENUMBER": "054047", "SUBTYPE": "SL", "MATERIAL": "CON"}}, {"type": "Feature", "geometry": {"type": "Point", "coordinates": [-88.1666231466512, 41.78748469009384]}, "properties": {"POLENUMBER": "053024", "SUBTYPE": "SL", "MATERIAL": "AL"}}, {"type": "Feature", "geometry": {"type": "Point", "coordinates": [-88.16120155079433, 41.78743369177697]}, "properties": {"POLENUMBER": "053025", "SUBTYPE": "SL", "MATERIAL": "AL"}}, {"type": "Feature", "geometry": {"type": "Point", "coordinates": [-88.15767602165924, 41.787389139230676]}, "properties": {"POLENUMBER": "053026", "SUBTYPE": "SL", "MATERIAL": "CON"}}, {"type": "Feature", "geometry": {"type": "Point", "coordinates": [-88.15930684572334, 41.78737342574229]}, "properties": {"POLENUMBER": "053027", "SUBTYPE": "SL", "MATERIAL": "CON"}}, {"type": "Feature", "geometry": {"type": "Point", "coordinates": [-88.16019737486559, 41.787315681395256]}, "properties": {"POLENUMBER": "053028", "SUBTYPE": "SL", "MATERIAL": "AL"}}, {"type": "Feature", "geometry": {"type": "Point", "coordinates": [-88.1651426413964, 41.787297593325356]}, "properties": {"POLENUMBER": "053029", "SUBTYPE": "SL", "MATERIAL": "CON"}}, {"type": "Feature", "geometry": {"type": "Point", "coordinates": [-88.15826228634539, 41.78727622746679]}, "properties": {"POLENUMBER": "053030", "SUBTYPE": "SL", "MATERIAL": "CON"}}, {"type": "Feature", "geometry": {"type": "Point", "coordinates": [-88.15868223639025, 41.78722628881642]}, "properties": {"POLENUMBER": "053031", "SUBTYPE": "SL", "MATERIAL": "AL"}}, {"type": "Feature", "geometry": {"type": "Point", "coordinates": [-88.16305250488149, 41.78717864948357]}, "properties": {"POLENUMBER": "053022", "SUBTYPE": "SL", "MATERIAL": "CON"}}, {"type": "Feature", "geometry": {"type": "Point", "coordinates": [-88.15463282368744, 41.78710941144935]}, "properties": {"POLENUMBER": "054049", "SUBTYPE": "UPL", "MATERIAL": "WD"}}, {"type": "Feature", "geometry": {"type": "Point", "coordinates": [-88.1471383314951, 41.78709114217592]}, "properties": {"POLENUMBER": "054050", "SUBTYPE": "SL", "MATERIAL": "CON"}}, {"type": "Feature", "geometry": {"type": "Point", "coordinates": [-88.15067061753572, 41.7870850674467]}, "properties": {"POLENUMBER": "054051", "SUBTYPE": "SL", "MATERIAL": "AL"}}, {"type": "Feature", "geometry": {"type": "Point", "coordinates": [-88.15790598941928, 41.787156454421606]}, "properties": {"POLENUMBER": "053033", "SUBTYPE": "SL", "MATERIAL": "AL"}}, {"type": "Feature", "geometry": {"type": "Point", "coordinates": [-88.1497285775822, 41.78710468557054]}, "properties": {"POLENUMBER": "054152", "SUBTYPE": "SL", "MATERIAL": "AL"}}, {"type": "Feature", "geometry": {"type": "Point", "coordinates": [-88.16141115671125, 41.787072744378015]}, "properties": {"POLENUMBER": "053034", "SUBTYPE": "SL", "MATERIAL": "CON"}}, {"type": "Feature", "geometry": {"type": "Point", "coordinates": [-88.14834016254393, 41.78701201150929]}, "properties": {"POLENUMBER": "054054", "SUBTYPE": "SL", "MATERIAL": "AL"}}, {"type": "Feature", "geometry": {"type": "Point", "coordinates": [-88.16325992267048, 41.78689214909099]}, "properties": {"POLENUMBER": "053021", "SUBTYPE": "SL", "MATERIAL": "AL"}}, {"type": "Feature", "geometry": {"type": "Point", "coordinates": [-88.16390452209389, 41.786845267994636]}, "properties": {"POLENUMBER": "053036", "SUBTYPE": "SL", "MATERIAL": "CON"}}, {"type": "Feature", "geometry": {"type": "Point", "coordinates": [-88.16527524182261, 41.78681720380955]}, "properties": {"POLENUMBER": "053037", "SUBTYPE": "SL", "MATERIAL": "CON"}}, {"type": "Feature", "geometry": {"type": "Point", "coordinates": [-88.14713914549823, 41.78676906600159]}, "properties": {"POLENUMBER": "054056", "SUBTYPE": "SL", "MATERIAL": "AL"}}, {"type": "Feature", "geometry": {"type": "Point", "coordinates": [-88.16176465186177, 41.78679228332949]}, "properties": {"POLENUMBER": "053038", "SUBTYPE": "SL", "MATERIAL": "CON"}}, {"type": "Feature", "geometry": {"type": "Point", "coordinates": [-88.16064368253741, 41.78661277239527]}, "properties": {"POLENUMBER": "053039", "SUBTYPE": "SL", "MATERIAL": "CON"}}, {"type": "Feature", "geometry": {"type": "Point", "coordinates": [-88.15771361683196, 41.78659277065366]}, "properties": {"POLENUMBER": "053040", "SUBTYPE": "SL", "MATERIAL": "CON"}}, {"type": "Feature", "geometry": {"type": "Point", "coordinates": [-88.15469410092736, 41.786552850704176]}, "properties": {"POLENUMBER": "054057", "SUBTYPE": "UPL", "MATERIAL": "WD"}}, {"type": "Feature", "geometry": {"type": "Point", "coordinates": [-88.14743017828576, 41.78654282434594]}, "properties": {"POLENUMBER": "054058", "SUBTYPE": "SL", "MATERIAL": "CON"}}, {"type": "Feature", "geometry": {"type": "Point", "coordinates": [-88.15964129194597, 41.78647846417071]}, "properties": {"POLENUMBER": "053041", "SUBTYPE": "SL", "MATERIAL": "CON"}}, {"type": "Feature", "geometry": {"type": "Point", "coordinates": [-88.14744659113387, 41.786343673705495]}, "properties": {"POLENUMBER": "054059", "SUBTYPE": "SL", "MATERIAL": "CON"}}, {"type": "Feature", "geometry": {"type": "Point", "coordinates": [-88.16516256105906, 41.78635388182631]}, "properties": {"POLENUMBER": "053042", "SUBTYPE": "SL", "MATERIAL": "CON"}}, {"type": "Feature", "geometry": {"type": "Point", "coordinates": [-88.16204283059214, 41.78633116018509]}, "properties": {"POLENUMBER": "053043", "SUBTYPE": "SL", "MATERIAL": "AL"}}, {"type": "Feature", "geometry": {"type": "Point", "coordinates": [-88.16267210691854, 41.786225508214585]}, "properties": {"POLENUMBER": "053044", "SUBTYPE": "SL", "MATERIAL": "CON"}}, {"type": "Feature", "geometry": {"type": "Point", "coordinates": [-88.16657460567262, 41.78619416303419]}, "properties": {"POLENUMBER": "053045", "SUBTYPE": "SL", "MATERIAL": "AL"}}, {"type": "Feature", "geometry": {"type": "Point", "coordinates": [-88.15469826571353, 41.786109514363346]}, "properties": {"POLENUMBER": "054060", "SUBTYPE": "UPL", "MATERIAL": "WD"}}, {"type": "Feature", "geometry": {"type": "Point", "coordinates": [-88.16528948753562, 41.786051671900154]}, "properties": {"POLENUMBER": "053046", "SUBTYPE": "SL", "MATERIAL": "CON"}}, {"type": "Feature", "geometry": {"type": "Point", "coordinates": [-88.1632283393898, 41.785995344318216]}, "properties": {"POLENUMBER": "053049", "SUBTYPE": "SL", "MATERIAL": "CON"}}, {"type": "Feature", "geometry": {"type": "Point", "coordinates": [-88.1638578783343, 41.78591314967362]}, "properties": {"POLENUMBER": "053051", "SUBTYPE": "SL", "MATERIAL": "CON"}}, {"type": "Feature", "geometry": {"type": "Point", "coordinates": [-88.16499187046826, 41.78573857729117]}, "properties": {"POLENUMBER": "053052", "SUBTYPE": "SL", "MATERIAL": "CON"}}, {"type": "Feature", "geometry": {"type": "Point", "coordinates": [-88.17582695136096, 41.791680578539186]}, "properties": {"POLENUMBER": "037058", "SUBTYPE": "SL", "MATERIAL": "AL"}}, {"type": "Feature", "geometry": {"type": "Point", "coordinates": [-88.16792447047847, 41.7916344275782]}, "properties": {"POLENUMBER": "037059", "SUBTYPE": "SL", "MATERIAL": "CON"}}, {"type": "Feature", "geometry": {"type": "Point", "coordinates": [-88.17500984152107, 41.79164174913028]}, "properties": {"POLENUMBER": "037060", "SUBTYPE": "SL", "MATERIAL": "AL"}}, {"type": "Feature", "geometry": {"type": "Point", "coordinates": [-88.17024751815256, 41.791359420993395]}, "properties": {"POLENUMBER": "037061", "SUBTYPE": "SL", "MATERIAL": "CON"}}, {"type": "Feature", "geometry": {"type": "Point", "coordinates": [-88.16751855226101, 41.791353840831576]}, "properties": {"POLENUMBER": "037062", "SUBTYPE": "SL", "MATERIAL": "AL"}}, {"type": "Feature", "geometry": {"type": "Point", "coordinates": [-88.17148383322197, 41.79134201419615]}, "properties": {"POLENUMBER": "037063", "SUBTYPE": "SL", "MATERIAL": "CON"}}, {"type": "Feature", "geometry": {"type": "Point", "coordinates": [-88.17218035585677, 41.791311516720576]}, "properties": {"POLENUMBER": "037064", "SUBTYPE": "SL", "MATERIAL": "AL"}}, {"type": "Feature", "geometry": {"type": "Point", "coordinates": [-88.16957615930914, 41.79130009465431]}, "properties": {"POLENUMBER": "037065", "SUBTYPE": "SL", "MATERIAL": "AL"}}, {"type": "Feature", "geometry": {"type": "Point", "coordinates": [-88.17570018397656, 41.79121505285901]}, "properties": {"POLENUMBER": "052001", "SUBTYPE": "SL", "MATERIAL": "CON"}}, {"type": "Feature", "geometry": {"type": "Point", "coordinates": [-88.17031533381028, 41.79076131347787]}, "properties": {"POLENUMBER": "052002", "SUBTYPE": "SL", "MATERIAL": "CON"}}, {"type": "Feature", "geometry": {"type": "Point", "coordinates": [-88.16845642552104, 41.790742935864294]}, "properties": {"POLENUMBER": "052003", "SUBTYPE": "SL", "MATERIAL": "CON"}}, {"type": "Feature", "geometry": {"type": "Point", "coordinates": [-88.17450235311931, 41.79073693624581]}, "properties": {"POLENUMBER": "052004", "SUBTYPE": "SL", "MATERIAL": "CON"}}, {"type": "Feature", "geometry": {"type": "Point", "coordinates": [-88.17583369025294, 41.79071025560509]}, "properties": {"POLENUMBER": "052005", "SUBTYPE": "SL", "MATERIAL": "CON"}}, {"type": "Feature", "geometry": {"type": "Point", "coordinates": [-88.17368571752121, 41.79058582838879]}, "properties": {"POLENUMBER": "052006", "SUBTYPE": "SL", "MATERIAL": "CON"}}, {"type": "Feature", "geometry": {"type": "Point", "coordinates": [-88.17051508082196, 41.79052745232107]}, "properties": {"POLENUMBER": "052007", "SUBTYPE": "SL", "MATERIAL": "AL"}}, {"type": "Feature", "geometry": {"type": "Point", "coordinates": [-88.17261738097395, 41.79049446201988]}, "properties": {"POLENUMBER": "052008", "SUBTYPE": "SL", "MATERIAL": "CON"}}, {"type": "Feature", "geometry": {"type": "Point", "coordinates": [-88.1858888789899, 41.790442885964545]}, "properties": {"POLENUMBER": "051001", "SUBTYPE": "SL", "MATERIAL": "CON"}}, {"type": "Feature", "geometry": {"type": "Point", "coordinates": [-88.16879387928925, 41.79026341261601]}, "properties": {"POLENUMBER": "052009", "SUBTYPE": "SL", "MATERIAL": "CON"}}, {"type": "Feature", "geometry": {"type": "Point", "coordinates": [-88.17181489221517, 41.79024720023046]}, "properties": {"POLENUMBER": "052010", "SUBTYPE": "SL", "MATERIAL": "CON"}}, {"type": "Feature", "geometry": {"type": "Point", "coordinates": [-88.17539697892427, 41.79023527535115]}, "properties": {"POLENUMBER": "052011", "SUBTYPE": "SL", "MATERIAL": "AL"}}, {"type": "Feature", "geometry": {"type": "Point", "coordinates": [-88.17006881254557, 41.790033722450055]}, "properties": {"POLENUMBER": "052012", "SUBTYPE": "SL", "MATERIAL": "CON"}}, {"type": "Feature", "geometry": {"type": "Point", "coordinates": [-88.16920706107518, 41.78993861115198]}, "properties": {"POLENUMBER": "052013", "SUBTYPE": "SL", "MATERIAL": "CON"}}, {"type": "Feature", "geometry": {"type": "Point", "coordinates": [-88.17581148607229, 41.78980408231193]}, "properties": {"POLENUMBER": "052014", "SUBTYPE": "SL", "MATERIAL": "AL"}}, {"type": "Feature", "geometry": {"type": "Point", "coordinates": [-88.21730281386066, 41.789980366324706]}, "properties": {"POLENUMBER": "047002", "SUBTYPE": "SL", "MATERIAL": "AL"}}, {"type": "Feature", "geometry": {"type": "Point", "coordinates": [-88.2175567152653, 41.78954020506117]}, "properties": {"POLENUMBER": "047003", "SUBTYPE": "SL", "MATERIAL": "AL"}}, {"type": "Feature", "geometry": {"type": "Point", "coordinates": [-88.21796066281644, 41.78866000338827]}, "properties": {"POLENUMBER": "047004", "SUBTYPE": "SL", "MATERIAL": "AL"}}, {"type": "Feature", "geometry": {"type": "Point", "coordinates": [-88.21582928616031, 41.78810717812928]}, "properties": {"POLENUMBER": "047006", "SUBTYPE": "SL", "MATERIAL": "CON"}}, {"type": "Feature", "geometry": {"type": "Point", "coordinates": [-88.21671468885638, 41.787680846748486]}, "properties": {"POLENUMBER": "047007", "SUBTYPE": "SL", "MATERIAL": "CON"}}, {"type": "Feature", "geometry": {"type": "Point", "coordinates": [-88.21316645302367, 41.786827524614736]}, "properties": {"POLENUMBER": "048017", "SUBTYPE": "SL", "MATERIAL": "CON"}}, {"type": "Feature", "geometry": {"type": "Point", "coordinates": [-88.21140631024167, 41.7868037210406]}, "properties": {"POLENUMBER": "048018", "SUBTYPE": "SL", "MATERIAL": "CON"}}, {"type": "Feature", "geometry": {"type": "Point", "coordinates": [-88.2146511912028, 41.786777694238644]}, "properties": {"POLENUMBER": "048019", "SUBTYPE": "SL", "MATERIAL": "CON"}}, {"type": "Feature", "geometry": {"type": "Point", "coordinates": [-88.20939737068211, 41.78676473668239]}, "properties": {"POLENUMBER": "048020", "SUBTYPE": "SL", "MATERIAL": "AL"}}, {"type": "Feature", "geometry": {"type": "Point", "coordinates": [-88.2094307776208, 41.786097164817676]}, "properties": {"POLENUMBER": "048022", "SUBTYPE": "SL", "MATERIAL": "AL"}}, {"type": "Feature", "geometry": {"type": "Point", "coordinates": [-88.21144125461699, 41.78607815697686]}, "properties": {"POLENUMBER": "048023", "SUBTYPE": "SL", "MATERIAL": "AL"}}, {"type": "Feature", "geometry": {"type": "Point", "coordinates": [-88.2124059210604, 41.78545144549321]}, "properties": {"POLENUMBER": "048025", "SUBTYPE": "SL", "MATERIAL": "AL"}}, {"type": "Feature", "geometry": {"type": "Point", "coordinates": [-88.2105571986194, 41.78521492582944]}, "properties": {"POLENUMBER": "048026", "SUBTYPE": "SL", "MATERIAL": "CON"}}, {"type": "Feature", "geometry": {"type": "Point", "coordinates": [-88.21177962923052, 41.78487824129139]}, "properties": {"POLENUMBER": "048027", "SUBTYPE": "SL", "MATERIAL": "AL"}}, {"type": "Feature", "geometry": {"type": "Point", "coordinates": [-88.16439450712366, 41.78566099676152]}, "properties": {"POLENUMBER": "053053", "SUBTYPE": "SL", "MATERIAL": "CON"}}, {"type": "Feature", "geometry": {"type": "Point", "coordinates": [-88.16649860052762, 41.78547010379267]}, "properties": {"POLENUMBER": "053055", "SUBTYPE": "SL", "MATERIAL": "AL"}}, {"type": "Feature", "geometry": {"type": "Point", "coordinates": [-88.16522329217946, 41.78546604965738]}, "properties": {"POLENUMBER": "053056", "SUBTYPE": "SL", "MATERIAL": "CON"}}, {"type": "Feature", "geometry": {"type": "Point", "coordinates": [-88.14980834563576, 41.78524160272992]}, "properties": {"POLENUMBER": "054079", "SUBTYPE": "SL", "MATERIAL": "CON"}}, {"type": "Feature", "geometry": {"type": "Point", "coordinates": [-88.15101716858705, 41.785239934963066]}, "properties": {"POLENUMBER": "054080", "SUBTYPE": "SL", "MATERIAL": "AL"}}, {"type": "Feature", "geometry": {"type": "Point", "coordinates": [-88.15362901221152, 41.78514813359347]}, "properties": {"POLENUMBER": "054081", "SUBTYPE": "SL", "MATERIAL": "CON"}}, {"type": "Feature", "geometry": {"type": "Point", "coordinates": [-88.14721060724975, 41.78509221946934]}, "properties": {"POLENUMBER": "054082", "SUBTYPE": "SL", "MATERIAL": "AL"}}, {"type": "Feature", "geometry": {"type": "Point", "coordinates": [-88.15305132474852, 41.78512209130895]}, "properties": {"POLENUMBER": "054083", "SUBTYPE": "SL", "MATERIAL": "CON"}}, {"type": "Feature", "geometry": {"type": "Point", "coordinates": [-88.15248764889988, 41.78512043648268]}, "properties": {"POLENUMBER": "054084", "SUBTYPE": "SL", "MATERIAL": "CON"}}, {"type": "Feature", "geometry": {"type": "Point", "coordinates": [-88.15459053571358, 41.785066646285465]}, "properties": {"POLENUMBER": "054085", "SUBTYPE": "SL", "MATERIAL": "AL"}}, {"type": "Feature", "geometry": {"type": "Point", "coordinates": [-88.14858371878948, 41.78503258180271]}, "properties": {"POLENUMBER": "054086", "SUBTYPE": "SL", "MATERIAL": "CON"}}, {"type": "Feature", "geometry": {"type": "Point", "coordinates": [-88.16119414510375, 41.78485622461776]}, "properties": {"POLENUMBER": "053057", "SUBTYPE": "SL", "MATERIAL": "AL"}}, {"type": "Feature", "geometry": {"type": "Point", "coordinates": [-88.14726407005254, 41.78475895232598]}, "properties": {"POLENUMBER": "054087", "SUBTYPE": "SL", "MATERIAL": "AL"}}, {"type": "Feature", "geometry": {"type": "Point", "coordinates": [-88.14985058307701, 41.78477974831279]}, "properties": {"POLENUMBER": "054088", "SUBTYPE": "SL", "MATERIAL": "AL"}}, {"type": "Feature", "geometry": {"type": "Point", "coordinates": [-88.15110876135711, 41.784781064762186]}, "properties": {"POLENUMBER": "054089", "SUBTYPE": "SL", "MATERIAL": "AL"}}, {"type": "Feature", "geometry": {"type": "Point", "coordinates": [-88.15255989860084, 41.78471019384538]}, "properties": {"POLENUMBER": "054090", "SUBTYPE": "SL", "MATERIAL": "CON"}}, {"type": "Feature", "geometry": {"type": "Point", "coordinates": [-88.15358720511928, 41.784691113590505]}, "properties": {"POLENUMBER": "054091", "SUBTYPE": "SL", "MATERIAL": "CON"}}, {"type": "Feature", "geometry": {"type": "Point", "coordinates": [-88.14860117893862, 41.78459585311275]}, "properties": {"POLENUMBER": "054092", "SUBTYPE": "SL", "MATERIAL": "CON"}}, {"type": "Feature", "geometry": {"type": "Point", "coordinates": [-88.15438117084581, 41.78459103257036]}, "properties": {"POLENUMBER": "054093", "SUBTYPE": "SL", "MATERIAL": "AL"}}, {"type": "Feature", "geometry": {"type": "Point", "coordinates": [-88.16166624935796, 41.78427124074738]}, "properties": {"POLENUMBER": "053065", "SUBTYPE": "SL", "MATERIAL": "CON"}}, {"type": "Feature", "geometry": {"type": "Point", "coordinates": [-88.1576440928103, 41.789170823664215]}, "properties": {"POLENUMBER": "053067", "SUBTYPE": "SL", "MATERIAL": "AL"}}, {"type": "Feature", "geometry": {"type": "Point", "coordinates": [-88.16383340141611, 41.79414776495906]}, "properties": {"POLENUMBER": "038023", "SUBTYPE": "SL", "MATERIAL": "AL"}}, {"type": "Feature", "geometry": {"type": "Point", "coordinates": [-88.15580086564412, 41.79402453540459]}, "properties": {"POLENUMBER": "039039", "SUBTYPE": "SL", "MATERIAL": "CON"}}, {"type": "Feature", "geometry": {"type": "Point", "coordinates": [-88.1556567881898, 41.79445082442637]}, "properties": {"POLENUMBER": "039040", "SUBTYPE": "SL", "MATERIAL": "CON"}}, {"type": "Feature", "geometry": {"type": "Point", "coordinates": [-88.1553072708138, 41.79363113225901]}, "properties": {"POLENUMBER": "039038", "SUBTYPE": "SL", "MATERIAL": "CON"}}, {"type": "Feature", "geometry": {"type": "Point", "coordinates": [-88.15465566762417, 41.79255924921077]}, "properties": {"POLENUMBER": "039041", "SUBTYPE": "SL", "MATERIAL": "AL"}}, {"type": "Feature", "geometry": {"type": "Point", "coordinates": [-88.1508947962184, 41.79413022972769]}, "properties": {"POLENUMBER": "039033", "SUBTYPE": "SL", "MATERIAL": "CON"}}, {"type": "Feature", "geometry": {"type": "Point", "coordinates": [-88.14840694743268, 41.79416059982729]}, "properties": {"POLENUMBER": "039036", "SUBTYPE": "SL", "MATERIAL": "AL"}}, {"type": "Feature", "geometry": {"type": "Point", "coordinates": [-88.14724412175973, 41.79406615153163]}, "properties": {"POLENUMBER": "039035", "SUBTYPE": "SL", "MATERIAL": "AL"}}, {"type": "Feature", "geometry": {"type": "Point", "coordinates": [-88.15686644829704, 41.785774430750976]}, "properties": {"POLENUMBER": "054128", "SUBTYPE": "SL", "MATERIAL": "AL"}}, {"type": "Feature", "geometry": {"type": "Point", "coordinates": [-88.15686507696388, 41.78596699271372]}, "properties": {"POLENUMBER": "054127", "SUBTYPE": "SL", "MATERIAL": "AL"}}, {"type": "Feature", "geometry": {"type": "Point", "coordinates": [-88.15618872673149, 41.785765713970584]}, "properties": {"POLENUMBER": "054126", "SUBTYPE": "SL", "MATERIAL": "AL"}}, {"type": "Feature", "geometry": {"type": "Point", "coordinates": [-88.15618124548017, 41.78595794057236]}, "properties": {"POLENUMBER": "054125", "SUBTYPE": "SL", "MATERIAL": "AL"}}, {"type": "Feature", "geometry": {"type": "Point", "coordinates": [-88.1554341399585, 41.785949418453214]}, "properties": {"POLENUMBER": "054123", "SUBTYPE": "SL", "MATERIAL": "AL"}}, {"type": "Feature", "geometry": {"type": "Point", "coordinates": [-88.15487356013692, 41.785946167575986]}, "properties": {"POLENUMBER": "054121", "SUBTYPE": "SL", "MATERIAL": "AL"}}, {"type": "Feature", "geometry": {"type": "Point", "coordinates": [-88.15543153638461, 41.7857510871349]}, "properties": {"POLENUMBER": "054122", "SUBTYPE": "SL", "MATERIAL": "AL"}}, {"type": "Feature", "geometry": {"type": "Point", "coordinates": [-88.15488204802239, 41.78574026252046]}, "properties": {"POLENUMBER": "054075", "SUBTYPE": "SL", "MATERIAL": "AL"}}, {"type": "Feature", "geometry": {"type": "Point", "coordinates": [-88.15467934154773, 41.785647503687024]}, "properties": {"POLENUMBER": "054120", "SUBTYPE": "SL", "MATERIAL": "AL"}}, {"type": "Feature", "geometry": {"type": "Point", "coordinates": [-88.15437037810433, 41.78562395553518]}, "properties": {"POLENUMBER": "054118", "SUBTYPE": "SL", "MATERIAL": "AL"}}, {"type": "Feature", "geometry": {"type": "Point", "coordinates": [-88.15421044065738, 41.785724212817804]}, "properties": {"POLENUMBER": "054116", "SUBTYPE": "SL", "MATERIAL": "AL"}}, {"type": "Feature", "geometry": {"type": "Point", "coordinates": [-88.15360511288398, 41.78571834065091]}, "properties": {"POLENUMBER": "054114", "SUBTYPE": "SL", "MATERIAL": "AL"}}, {"type": "Feature", "geometry": {"type": "Point", "coordinates": [-88.15292726472268, 41.78570408971436]}, "properties": {"POLENUMBER": "054112", "SUBTYPE": "SL", "MATERIAL": "AL"}}, {"type": "Feature", "geometry": {"type": "Point", "coordinates": [-88.15213190002524, 41.78568694119824]}, "properties": {"POLENUMBER": "054110", "SUBTYPE": "SL", "MATERIAL": "AL"}}, {"type": "Feature", "geometry": {"type": "Point", "coordinates": [-88.16631017993048, 41.78458399406315]}, "properties": {"POLENUMBER": "053097", "SUBTYPE": "SL", "MATERIAL": "AL"}}, {"type": "Feature", "geometry": {"type": "Point", "coordinates": [-88.16614356055155, 41.784433792736145]}, "properties": {"POLENUMBER": "053098", "SUBTYPE": "SL", "MATERIAL": "AL"}}, {"type": "Feature", "geometry": {"type": "Point", "coordinates": [-88.16562083421925, 41.784792789573174]}, "properties": {"POLENUMBER": "053095", "SUBTYPE": "SL", "MATERIAL": "AL"}}, {"type": "Feature", "geometry": {"type": "Point", "coordinates": [-88.16551962357978, 41.78460625594857]}, "properties": {"POLENUMBER": "053096", "SUBTYPE": "SL", "MATERIAL": "AL"}}, {"type": "Feature", "geometry": {"type": "Point", "coordinates": [-88.16496964907853, 41.78497975896168]}, "properties": {"POLENUMBER": "053093", "SUBTYPE": "SL", "MATERIAL": "AL"}}, {"type": "Feature", "geometry": {"type": "Point", "coordinates": [-88.16487338498979, 41.784798920513275]}, "properties": {"POLENUMBER": "053094", "SUBTYPE": "SL", "MATERIAL": "AL"}}, {"type": "Feature", "geometry": {"type": "Point", "coordinates": [-88.16425489600897, 41.78497755321461]}, "properties": {"POLENUMBER": "053092", "SUBTYPE": "SL", "MATERIAL": "AL"}}, {"type": "Feature", "geometry": {"type": "Point", "coordinates": [-88.1643691955163, 41.78515358285507]}, "properties": {"POLENUMBER": "053091", "SUBTYPE": "SL", "MATERIAL": "AL"}}, {"type": "Feature", "geometry": {"type": "Point", "coordinates": [-88.16362360685446, 41.78514365223626]}, "properties": {"POLENUMBER": "053090", "SUBTYPE": "SL", "MATERIAL": "AL"}}, {"type": "Feature", "geometry": {"type": "Point", "coordinates": [-88.16372118233029, 41.78534064615635]}, "properties": {"POLENUMBER": "053089", "SUBTYPE": "SL", "MATERIAL": "AL"}}, {"type": "Feature", "geometry": {"type": "Point", "coordinates": [-88.1631336246702, 41.785492865817915]}, "properties": {"POLENUMBER": "053087", "SUBTYPE": "SL", "MATERIAL": "AL"}}, {"type": "Feature", "geometry": {"type": "Point", "coordinates": [-88.16303811647686, 41.78531534840607]}, "properties": {"POLENUMBER": "053088", "SUBTYPE": "SL", "MATERIAL": "AL"}}, {"type": "Feature", "geometry": {"type": "Point", "coordinates": [-88.16253637455898, 41.785646742734286]}, "properties": {"POLENUMBER": "053085", "SUBTYPE": "SL", "MATERIAL": "AL"}}, {"type": "Feature", "geometry": {"type": "Point", "coordinates": [-88.16245440223615, 41.78546211049402]}, "properties": {"POLENUMBER": "053086", "SUBTYPE": "SL", "MATERIAL": "AL"}}, {"type": "Feature", "geometry": {"type": "Point", "coordinates": [-88.16182101687833, 41.785791917449984]}, "properties": {"POLENUMBER": "053083", "SUBTYPE": "SL", "MATERIAL": "AL"}}, {"type": "Feature", "geometry": {"type": "Point", "coordinates": [-88.16162524502244, 41.78563832033297]}, "properties": {"POLENUMBER": "053084", "SUBTYPE": "SL", "MATERIAL": "AL"}}, {"type": "Feature", "geometry": {"type": "Point", "coordinates": [-88.16114631783414, 41.78569767120051]}, "properties": {"POLENUMBER": "053082", "SUBTYPE": "SL", "MATERIAL": "AL"}}, {"type": "Feature", "geometry": {"type": "Point", "coordinates": [-88.16082147572462, 41.78593492182951]}, "properties": {"POLENUMBER": "053079", "SUBTYPE": "SL", "MATERIAL": "AL"}}, {"type": "Feature", "geometry": {"type": "Point", "coordinates": [-88.16028253709861, 41.78596855195347]}, "properties": {"POLENUMBER": "053077", "SUBTYPE": "SL", "MATERIAL": "AL"}}, {"type": "Feature", "geometry": {"type": "Point", "coordinates": [-88.16026795273865, 41.78578709889048]}, "properties": {"POLENUMBER": "053078", "SUBTYPE": "SL", "MATERIAL": "AL"}}, {"type": "Feature", "geometry": {"type": "Point", "coordinates": [-88.15962350690027, 41.78599885666656]}, "properties": {"POLENUMBER": "053075", "SUBTYPE": "SL", "MATERIAL": "AL"}}, {"type": "Feature", "geometry": {"type": "Point", "coordinates": [-88.15962713613837, 41.78580862731982]}, "properties": {"POLENUMBER": "053076", "SUBTYPE": "SL", "MATERIAL": "AL"}}, {"type": "Feature", "geometry": {"type": "Point", "coordinates": [-88.15895022854588, 41.78599602785349]}, "properties": {"POLENUMBER": "053073", "SUBTYPE": "SL", "MATERIAL": "AL"}}, {"type": "Feature", "geometry": {"type": "Point", "coordinates": [-88.15894742656724, 41.78580831428297]}, "properties": {"POLENUMBER": "053074", "SUBTYPE": "SL", "MATERIAL": "AL"}}, {"type": "Feature", "geometry": {"type": "Point", "coordinates": [-88.15826969501046, 41.78597815249238]}, "properties": {"POLENUMBER": "053071", "SUBTYPE": "SL", "MATERIAL": "AL"}}, {"type": "Feature", "geometry": {"type": "Point", "coordinates": [-88.15823305230477, 41.78579711393921]}, "properties": {"POLENUMBER": "053072", "SUBTYPE": "SL", "MATERIAL": "AL"}}, {"type": "Feature", "geometry": {"type": "Point", "coordinates": [-88.15757116755806, 41.78597829333333]}, "properties": {"POLENUMBER": "053069", "SUBTYPE": "SL", "MATERIAL": "AL"}}, {"type": "Feature", "geometry": {"type": "Point", "coordinates": [-88.15755095215691, 41.78579076827442]}, "properties": {"POLENUMBER": "053070", "SUBTYPE": "SL", "MATERIAL": "AL"}}, {"type": "Feature", "geometry": {"type": "Point", "coordinates": [-88.15438088453405, 41.78608226616868]}, "properties": {"POLENUMBER": "054119", "SUBTYPE": "SL", "MATERIAL": "AL"}}, {"type": "Feature", "geometry": {"type": "Point", "coordinates": [-88.15421241954004, 41.785929092423835]}, "properties": {"POLENUMBER": "054117", "SUBTYPE": "SL", "MATERIAL": "AL"}}, {"type": "Feature", "geometry": {"type": "Point", "coordinates": [-88.15360179168547, 41.78592241695547]}, "properties": {"POLENUMBER": "054115", "SUBTYPE": "SL", "MATERIAL": "AL"}}, {"type": "Feature", "geometry": {"type": "Point", "coordinates": [-88.15292450268025, 41.785911346055926]}, "properties": {"POLENUMBER": "054113", "SUBTYPE": "SL", "MATERIAL": "AL"}}, {"type": "Feature", "geometry": {"type": "Point", "coordinates": [-88.15212020871388, 41.78588155405574]}, "properties": {"POLENUMBER": "054111", "SUBTYPE": "SL", "MATERIAL": "AL"}}, {"type": "Feature", "geometry": {"type": "Point", "coordinates": [-88.15137159834957, 41.78567694387252]}, "properties": {"POLENUMBER": "054108", "SUBTYPE": "SL", "MATERIAL": "AL"}}, {"type": "Feature", "geometry": {"type": "Point", "coordinates": [-88.151360967168, 41.785877022629364]}, "properties": {"POLENUMBER": "054109", "SUBTYPE": "SL", "MATERIAL": "AL"}}, {"type": "Feature", "geometry": {"type": "Point", "coordinates": [-88.1506410868325, 41.785658801898016]}, "properties": {"POLENUMBER": "054106", "SUBTYPE": "SL", "MATERIAL": "AL"}}, {"type": "Feature", "geometry": {"type": "Point", "coordinates": [-88.15065036895362, 41.78586226970398]}, "properties": {"POLENUMBER": "054107", "SUBTYPE": "SL", "MATERIAL": "AL"}}, {"type": "Feature", "geometry": {"type": "Point", "coordinates": [-88.14990026872431, 41.785847810364274]}, "properties": {"POLENUMBER": "054105", "SUBTYPE": "SL", "MATERIAL": "AL"}}, {"type": "Feature", "geometry": {"type": "Point", "coordinates": [-88.1499262736938, 41.785648206468736]}, "properties": {"POLENUMBER": "054104", "SUBTYPE": "SL", "MATERIAL": "AL"}}, {"type": "Feature", "geometry": {"type": "Point", "coordinates": [-88.14913959822067, 41.785651328165685]}, "properties": {"POLENUMBER": "054102", "SUBTYPE": "SL", "MATERIAL": "AL"}}, {"type": "Feature", "geometry": {"type": "Point", "coordinates": [-88.14917403326609, 41.785825137967116]}, "properties": {"POLENUMBER": "054103", "SUBTYPE": "SL", "MATERIAL": "AL"}}, {"type": "Feature", "geometry": {"type": "Point", "coordinates": [-88.14845421062705, 41.78582286180149]}, "properties": {"POLENUMBER": "054101", "SUBTYPE": "SL", "MATERIAL": "AL"}}, {"type": "Feature", "geometry": {"type": "Point", "coordinates": [-88.14844330530812, 41.785639526007365]}, "properties": {"POLENUMBER": "054100", "SUBTYPE": "SL", "MATERIAL": "AL"}}, {"type": "Feature", "geometry": {"type": "Point", "coordinates": [-88.17234464264683, 41.79642477317286]}, "properties": {"POLENUMBER": "037012", "SUBTYPE": "SL", "MATERIAL": "CON"}}, {"type": "Feature", "geometry": {"type": "Point", "coordinates": [-88.17324725452302, 41.79634828835952]}, "properties": {"POLENUMBER": "037013", "SUBTYPE": "SL", "MATERIAL": "CON"}}, {"type": "Feature", "geometry": {"type": "Point", "coordinates": [-88.17585271516444, 41.7962264197407]}, "properties": {"POLENUMBER": "037014", "SUBTYPE": "SL", "MATERIAL": "CON"}}, {"type": "Feature", "geometry": {"type": "Point", "coordinates": [-88.17458445129256, 41.79604508644312]}, "properties": {"POLENUMBER": "037015", "SUBTYPE": "SL", "MATERIAL": "CON"}}, {"type": "Feature", "geometry": {"type": "Point", "coordinates": [-88.17210676662529, 41.79553717821679]}, "properties": {"POLENUMBER": "037017", "SUBTYPE": "SL", "MATERIAL": "CON"}}, {"type": "Feature", "geometry": {"type": "Point", "coordinates": [-88.17156121166784, 41.79551198719423]}, "properties": {"POLENUMBER": "037018", "SUBTYPE": "SL", "MATERIAL": "CON"}}, {"type": "Feature", "geometry": {"type": "Point", "coordinates": [-88.17484340471742, 41.79549257656293]}, "properties": {"POLENUMBER": "037019", "SUBTYPE": "SL", "MATERIAL": "CON"}}, {"type": "Feature", "geometry": {"type": "Point", "coordinates": [-88.17156636550563, 41.79506626452694]}, "properties": {"POLENUMBER": "037022", "SUBTYPE": "SL", "MATERIAL": "CON"}}, {"type": "Feature", "geometry": {"type": "Point", "coordinates": [-88.17477535049747, 41.79493763888697]}, "properties": {"POLENUMBER": "037023", "SUBTYPE": "SL", "MATERIAL": "CON"}}, {"type": "Feature", "geometry": {"type": "Point", "coordinates": [-88.17300438252548, 41.794870360394725]}, "properties": {"POLENUMBER": "037024", "SUBTYPE": "SL", "MATERIAL": "CON"}}, {"type": "Feature", "geometry": {"type": "Point", "coordinates": [-88.17022715474693, 41.79460401373606]}, "properties": {"POLENUMBER": "037027", "SUBTYPE": "SL", "MATERIAL": "CON"}}, {"type": "Feature", "geometry": {"type": "Point", "coordinates": [-88.17139991834611, 41.794484031343785]}, "properties": {"POLENUMBER": "037028", "SUBTYPE": "SL", "MATERIAL": "UNK"}}, {"type": "Feature", "geometry": {"type": "Point", "coordinates": [-88.16900382910143, 41.794450208423015]}, "properties": {"POLENUMBER": "037029", "SUBTYPE": "SL", "MATERIAL": "AL"}}, {"type": "Feature", "geometry": {"type": "Point", "coordinates": [-88.16954699609863, 41.79441558190352]}, "properties": {"POLENUMBER": "037030", "SUBTYPE": "SL", "MATERIAL": "CON"}}, {"type": "Feature", "geometry": {"type": "Point", "coordinates": [-88.17441943926353, 41.794286280693356]}, "properties": {"POLENUMBER": "037031", "SUBTYPE": "SL", "MATERIAL": "FIB"}}, {"type": "Feature", "geometry": {"type": "Point", "coordinates": [-88.16802021412417, 41.79419025588188]}, "properties": {"POLENUMBER": "037032", "SUBTYPE": "SL", "MATERIAL": "CON"}}, {"type": "Feature", "geometry": {"type": "Point", "coordinates": [-88.16711289821072, 41.794147897431955]}, "properties": {"POLENUMBER": "037033", "SUBTYPE": "SL", "MATERIAL": "CON"}}, {"type": "Feature", "geometry": {"type": "Point", "coordinates": [-88.17141602806842, 41.793965558669385]}, "properties": {"POLENUMBER": "037034", "SUBTYPE": "SL", "MATERIAL": "CON"}}, {"type": "Feature", "geometry": {"type": "Point", "coordinates": [-88.1701302305785, 41.79388080609113]}, "properties": {"POLENUMBER": "037035", "SUBTYPE": "SL", "MATERIAL": "CON"}}, {"type": "Feature", "geometry": {"type": "Point", "coordinates": [-88.16884173968002, 41.79386121240037]}, "properties": {"POLENUMBER": "037036", "SUBTYPE": "SL", "MATERIAL": "CON"}}, {"type": "Feature", "geometry": {"type": "Point", "coordinates": [-88.17572977545873, 41.79380580109025]}, "properties": {"POLENUMBER": "037037", "SUBTYPE": "SL", "MATERIAL": "CON"}}, {"type": "Feature", "geometry": {"type": "Point", "coordinates": [-88.1743321077739, 41.793535893498024]}, "properties": {"POLENUMBER": "037038", "SUBTYPE": "SL", "MATERIAL": "CON"}}, {"type": "Feature", "geometry": {"type": "Point", "coordinates": [-88.16896818430476, 41.793387835870675]}, "properties": {"POLENUMBER": "037039", "SUBTYPE": "SL", "MATERIAL": "CON"}}, {"type": "Feature", "geometry": {"type": "Point", "coordinates": [-88.17025366690817, 41.79337493163942]}, "properties": {"POLENUMBER": "037040", "SUBTYPE": "SL", "MATERIAL": "CON"}}, {"type": "Feature", "geometry": {"type": "Point", "coordinates": [-88.17153407940485, 41.79330780504407]}, "properties": {"POLENUMBER": "037041", "SUBTYPE": "SL", "MATERIAL": "CON"}}, {"type": "Feature", "geometry": {"type": "Point", "coordinates": [-88.17581080941802, 41.79325598066503]}, "properties": {"POLENUMBER": "037042", "SUBTYPE": "SL", "MATERIAL": "CON"}}, {"type": "Feature", "geometry": {"type": "Point", "coordinates": [-88.17012466463964, 41.79290909426397]}, "properties": {"POLENUMBER": "037043", "SUBTYPE": "SL", "MATERIAL": "CON"}}, {"type": "Feature", "geometry": {"type": "Point", "coordinates": [-88.16880600039117, 41.79288023670742]}, "properties": {"POLENUMBER": "037044", "SUBTYPE": "SL", "MATERIAL": "CON"}}, {"type": "Feature", "geometry": {"type": "Point", "coordinates": [-88.17204267070359, 41.79282777236701]}, "properties": {"POLENUMBER": "037045", "SUBTYPE": "SL", "MATERIAL": "CON"}}, {"type": "Feature", "geometry": {"type": "Point", "coordinates": [-88.17440822114699, 41.79272620947858]}, "properties": {"POLENUMBER": "037046", "SUBTYPE": "SL", "MATERIAL": "CON"}}, {"type": "Feature", "geometry": {"type": "Point", "coordinates": [-88.17371136962461, 41.79263232068157]}, "properties": {"POLENUMBER": "037047", "SUBTYPE": "SL", "MATERIAL": "CON"}}, {"type": "Feature", "geometry": {"type": "Point", "coordinates": [-88.17516718304056, 41.792601073066685]}, "properties": {"POLENUMBER": "037048", "SUBTYPE": "SL", "MATERIAL": "CON"}}, {"type": "Feature", "geometry": {"type": "Point", "coordinates": [-88.17290363003069, 41.79255235180814]}, "properties": {"POLENUMBER": "037049", "SUBTYPE": "SL", "MATERIAL": "CON"}}, {"type": "Feature", "geometry": {"type": "Point", "coordinates": [-88.16876715939802, 41.79246650471386]}, "properties": {"POLENUMBER": "037050", "SUBTYPE": "SL", "MATERIAL": "CON"}}, {"type": "Feature", "geometry": {"type": "Point", "coordinates": [-88.1702515020752, 41.792391616202075]}, "properties": {"POLENUMBER": "037051", "SUBTYPE": "SL", "MATERIAL": "CON"}}, {"type": "Feature", "geometry": {"type": "Point", "coordinates": [-88.17573981032088, 41.792239172874645]}, "properties": {"POLENUMBER": "037052", "SUBTYPE": "SL", "MATERIAL": "CON"}}, {"type": "Feature", "geometry": {"type": "Point", "coordinates": [-88.16820483615975, 41.79202696528202]}, "properties": {"POLENUMBER": "037053", "SUBTYPE": "SL", "MATERIAL": "CON"}}, {"type": "Feature", "geometry": {"type": "Point", "coordinates": [-88.17012169073426, 41.79189880096906]}, "properties": {"POLENUMBER": "037054", "SUBTYPE": "SL", "MATERIAL": "AL"}}, {"type": "Feature", "geometry": {"type": "Point", "coordinates": [-88.17285260004371, 41.79189864163786]}, "properties": {"POLENUMBER": "037055", "SUBTYPE": "SL", "MATERIAL": "CON"}}, {"type": "Feature", "geometry": {"type": "Point", "coordinates": [-88.17420767411343, 41.791744430002666]}, "properties": {"POLENUMBER": "037056", "SUBTYPE": "SL", "MATERIAL": "CON"}}, {"type": "Feature", "geometry": {"type": "Point", "coordinates": [-88.16897384697134, 41.79168785661748]}, "properties": {"POLENUMBER": "037057", "SUBTYPE": "SL", "MATERIAL": "CON"}}, {"type": "Feature", "geometry": {"type": "Point", "coordinates": [-88.21023057697202, 41.78448220154177]}, "properties": {"POLENUMBER": "048028", "SUBTYPE": "SL", "MATERIAL": "CON"}}, {"type": "Feature", "geometry": {"type": "Point", "coordinates": [-88.21089614172928, 41.7844091460616]}, "properties": {"POLENUMBER": "048029", "SUBTYPE": "SL", "MATERIAL": "CON"}}, {"type": "Feature", "geometry": {"type": "Point", "coordinates": [-88.20969597153892, 41.78427624392316]}, "properties": {"POLENUMBER": "048030", "SUBTYPE": "SL", "MATERIAL": "CON"}}, {"type": "Feature", "geometry": {"type": "Point", "coordinates": [-88.21119867036097, 41.78415539111688]}, "properties": {"POLENUMBER": "048031", "SUBTYPE": "SL", "MATERIAL": "AL"}}, {"type": "Feature", "geometry": {"type": "Point", "coordinates": [-88.20950750910994, 41.783836045379516]}, "properties": {"POLENUMBER": "048032", "SUBTYPE": "SL", "MATERIAL": "AL"}}, {"type": "Feature", "geometry": {"type": "Point", "coordinates": [-88.2153962473971, 41.79552118928836]}, "properties": {"POLENUMBER": "033045", "SUBTYPE": "SL", "MATERIAL": "AL"}}, {"type": "Feature", "geometry": {"type": "Point", "coordinates": [-88.21449438983794, 41.79462146729567]}, "properties": {"POLENUMBER": "033044", "SUBTYPE": "SL", "MATERIAL": "CON"}}, {"type": "Feature", "geometry": {"type": "Point", "coordinates": [-88.21231550828543, 41.785431555819954]}, "properties": {"POLENUMBER": "048035", "SUBTYPE": "SL", "MATERIAL": "AL"}}, {"type": "Feature", "geometry": {"type": "Point", "coordinates": [-88.22526241113863, 41.79796869402133]}, "properties": {"POLENUMBER": "031001", "SUBTYPE": "SL", "MATERIAL": "CON"}}, {"type": "Feature", "geometry": {"type": "Point", "coordinates": [-88.22792630943218, 41.797794984755406]}, "properties": {"POLENUMBER": "031002", "SUBTYPE": "SL", "MATERIAL": "CON"}}, {"type": "Feature", "geometry": {"type": "Point", "coordinates": [-88.1468258553393, 41.77954974231616]}, "properties": {"POLENUMBER": "070188", "SUBTYPE": "SL", "MATERIAL": "CON"}}, {"type": "Feature", "geometry": {"type": "Point", "coordinates": [-88.14678642456987, 41.77938472006133]}, "properties": {"POLENUMBER": "070190", "SUBTYPE": "UPL", "MATERIAL": "WD"}}, {"type": "Feature", "geometry": {"type": "Point", "coordinates": [-88.14682612355652, 41.77904950366211]}, "properties": {"POLENUMBER": "070192", "SUBTYPE": "SL", "MATERIAL": "CON"}}, {"type": "Feature", "geometry": {"type": "Point", "coordinates": [-88.14683925567321, 41.77879444126564]}, "properties": {"POLENUMBER": "070191", "SUBTYPE": "UPL", "MATERIAL": "WD"}}, {"type": "Feature", "geometry": {"type": "Point", "coordinates": [-88.14699254962416, 41.77865357696156]}, "properties": {"POLENUMBER": "070105", "SUBTYPE": "SL", "MATERIAL": "CON"}}, {"type": "Feature", "geometry": {"type": "Point", "coordinates": [-88.1462958523905, 41.778644837690955]}, "properties": {"POLENUMBER": "070107", "SUBTYPE": "SL", "MATERIAL": "AL"}}, {"type": "Feature", "geometry": {"type": "Point", "coordinates": [-88.14625805965991, 41.779440770184316]}, "properties": {"POLENUMBER": "070109", "SUBTYPE": "SL", "MATERIAL": "AL"}}, {"type": "Feature", "geometry": {"type": "Point", "coordinates": [-88.14627920655545, 41.77954453905743]}, "properties": {"POLENUMBER": "070062", "SUBTYPE": "SL", "MATERIAL": "CON"}}, {"type": "Feature", "geometry": {"type": "Point", "coordinates": [-88.18705328458384, 41.78841561712873]}, "properties": {"POLENUMBER": "050029", "SUBTYPE": "SL", "MATERIAL": "CON"}}, {"type": "Feature", "geometry": {"type": "Point", "coordinates": [-88.19276599721867, 41.788361852974255]}, "properties": {"POLENUMBER": "050030", "SUBTYPE": "SL", "MATERIAL": "CON"}}, {"type": "Feature", "geometry": {"type": "Point", "coordinates": [-88.19511640746366, 41.78832049340027]}, "properties": {"POLENUMBER": "050031", "SUBTYPE": "SL", "MATERIAL": "CON"}}, {"type": "Feature", "geometry": {"type": "Point", "coordinates": [-88.19687059758223, 41.78823729736268]}, "properties": {"POLENUMBER": "049012", "SUBTYPE": "SL", "MATERIAL": "CON"}}, {"type": "Feature", "geometry": {"type": "Point", "coordinates": [-88.20057655849132, 41.7882182310976]}, "properties": {"POLENUMBER": "049013", "SUBTYPE": "SL", "MATERIAL": "CON"}}, {"type": "Feature", "geometry": {"type": "Point", "coordinates": [-88.18741744989758, 41.78820196875149]}, "properties": {"POLENUMBER": "050032", "SUBTYPE": "SL", "MATERIAL": "CON"}}, {"type": "Feature", "geometry": {"type": "Point", "coordinates": [-88.20000350453091, 41.78821638709336]}, "properties": {"POLENUMBER": "049014", "SUBTYPE": "SL", "MATERIAL": "CON"}}, {"type": "Feature", "geometry": {"type": "Point", "coordinates": [-88.1961951611005, 41.78815089836019]}, "properties": {"POLENUMBER": "049015", "SUBTYPE": "SL", "MATERIAL": "CON"}}, {"type": "Feature", "geometry": {"type": "Point", "coordinates": [-88.18853596498899, 41.78813247142667]}, "properties": {"POLENUMBER": "050033", "SUBTYPE": "SL", "MATERIAL": "CON"}}, {"type": "Feature", "geometry": {"type": "Point", "coordinates": [-88.19798781182345, 41.78813598220959]}, "properties": {"POLENUMBER": "049016", "SUBTYPE": "SL", "MATERIAL": "CON"}}, {"type": "Feature", "geometry": {"type": "Point", "coordinates": [-88.19911138708669, 41.78804251207722]}, "properties": {"POLENUMBER": "049017", "SUBTYPE": "SL", "MATERIAL": "CON"}}, {"type": "Feature", "geometry": {"type": "Point", "coordinates": [-88.19964150938497, 41.78800545005131]}, "properties": {"POLENUMBER": "049018", "SUBTYPE": "SL", "MATERIAL": "CON"}}, {"type": "Feature", "geometry": {"type": "Point", "coordinates": [-88.1866253585461, 41.787982018948654]}, "properties": {"POLENUMBER": "050034", "SUBTYPE": "SL", "MATERIAL": "CON"}}, {"type": "Feature", "geometry": {"type": "Point", "coordinates": [-88.18711897818572, 41.78795539788265]}, "properties": {"POLENUMBER": "050035", "SUBTYPE": "SL", "MATERIAL": "CON"}}, {"type": "Feature", "geometry": {"type": "Point", "coordinates": [-88.20022057181143, 41.787920061336656]}, "properties": {"POLENUMBER": "049019", "SUBTYPE": "SL", "MATERIAL": "CON"}}, {"type": "Feature", "geometry": {"type": "Point", "coordinates": [-88.19297878056305, 41.787876918827216]}, "properties": {"POLENUMBER": "050036", "SUBTYPE": "SL", "MATERIAL": "CON"}}, {"type": "Feature", "geometry": {"type": "Point", "coordinates": [-88.18791496615647, 41.787846964671445]}, "properties": {"POLENUMBER": "050037", "SUBTYPE": "SL", "MATERIAL": "CON"}}, {"type": "Feature", "geometry": {"type": "Point", "coordinates": [-88.19455660643249, 41.7877670601636]}, "properties": {"POLENUMBER": "050038", "SUBTYPE": "SL", "MATERIAL": "CON"}}, {"type": "Feature", "geometry": {"type": "Point", "coordinates": [-88.18921770606173, 41.78775675402088]}, "properties": {"POLENUMBER": "050039", "SUBTYPE": "SL", "MATERIAL": "AL"}}, {"type": "Feature", "geometry": {"type": "Point", "coordinates": [-88.18863593423848, 41.78773634624078]}, "properties": {"POLENUMBER": "050040", "SUBTYPE": "SL", "MATERIAL": "AL"}}, {"type": "Feature", "geometry": {"type": "Point", "coordinates": [-88.19785547288448, 41.78766687802799]}, "properties": {"POLENUMBER": "049020", "SUBTYPE": "SL", "MATERIAL": "AL"}}, {"type": "Feature", "geometry": {"type": "Point", "coordinates": [-88.19249402545066, 41.78765840013826]}, "properties": {"POLENUMBER": "050041", "SUBTYPE": "SL", "MATERIAL": "CON"}}, {"type": "Feature", "geometry": {"type": "Point", "coordinates": [-88.18990388284686, 41.787575473083145]}, "properties": {"POLENUMBER": "050042", "SUBTYPE": "SL", "MATERIAL": "AL"}}, {"type": "Feature", "geometry": {"type": "Point", "coordinates": [-88.19176843903472, 41.78755473380464]}, "properties": {"POLENUMBER": "050043", "SUBTYPE": "SL", "MATERIAL": "CON"}}, {"type": "Feature", "geometry": {"type": "Point", "coordinates": [-88.19606973352049, 41.787558773093636]}, "properties": {"POLENUMBER": "049021", "SUBTYPE": "SL", "MATERIAL": "CON"}}, {"type": "Feature", "geometry": {"type": "Point", "coordinates": [-88.20017703349451, 41.78751917686146]}, "properties": {"POLENUMBER": "049022", "SUBTYPE": "SL", "MATERIAL": "CON"}}, {"type": "Feature", "geometry": {"type": "Point", "coordinates": [-88.19398478732825, 41.787450800082425]}, "properties": {"POLENUMBER": "050044", "SUBTYPE": "SL", "MATERIAL": "AL"}}, {"type": "Feature", "geometry": {"type": "Point", "coordinates": [-88.19114251000214, 41.78743902958459]}, "properties": {"POLENUMBER": "050045", "SUBTYPE": "SL", "MATERIAL": "CON"}}, {"type": "Feature", "geometry": {"type": "Point", "coordinates": [-88.18849031375646, 41.78739899693732]}, "properties": {"POLENUMBER": "050046", "SUBTYPE": "SL", "MATERIAL": "CON"}}, {"type": "Feature", "geometry": {"type": "Point", "coordinates": [-88.19883667517075, 41.78731901002493]}, "properties": {"POLENUMBER": "049023", "SUBTYPE": "SL", "MATERIAL": "CON"}}, {"type": "Feature", "geometry": {"type": "Point", "coordinates": [-88.19978183489953, 41.78724785497124]}, "properties": {"POLENUMBER": "049024", "SUBTYPE": "SL", "MATERIAL": "CON"}}, {"type": "Feature", "geometry": {"type": "Point", "coordinates": [-88.19663439040579, 41.78722988228405]}, "properties": {"POLENUMBER": "049025", "SUBTYPE": "SL", "MATERIAL": "CON"}}, {"type": "Feature", "geometry": {"type": "Point", "coordinates": [-88.19558706667438, 41.78719998090202]}, "properties": {"POLENUMBER": "050047", "SUBTYPE": "SL", "MATERIAL": "CON"}}, {"type": "Feature", "geometry": {"type": "Point", "coordinates": [-88.20029408458964, 41.787161152888046]}, "properties": {"POLENUMBER": "049026", "SUBTYPE": "SL", "MATERIAL": "CON"}}, {"type": "Feature", "geometry": {"type": "Point", "coordinates": [-88.19929623534007, 41.78714407552362]}, "properties": {"POLENUMBER": "049027", "SUBTYPE": "SL", "MATERIAL": "CON"}}, {"type": "Feature", "geometry": {"type": "Point", "coordinates": [-88.19742093834326, 41.78720130611278]}, "properties": {"POLENUMBER": "049028", "SUBTYPE": "SL", "MATERIAL": "AL"}}, {"type": "Feature", "geometry": {"type": "Point", "coordinates": [-88.18825851516473, 41.787082065995854]}, "properties": {"POLENUMBER": "050048", "SUBTYPE": "SL", "MATERIAL": "CON"}}, {"type": "Feature", "geometry": {"type": "Point", "coordinates": [-88.189761261391, 41.78707412905237]}, "properties": {"POLENUMBER": "050049", "SUBTYPE": "SL", "MATERIAL": "CON"}}, {"type": "Feature", "geometry": {"type": "Point", "coordinates": [-88.19436488711492, 41.78694298622387]}, "properties": {"POLENUMBER": "050050", "SUBTYPE": "SL", "MATERIAL": "CON"}}, {"type": "Feature", "geometry": {"type": "Point", "coordinates": [-88.2002808637807, 41.78686947242974]}, "properties": {"POLENUMBER": "049029", "SUBTYPE": "SL", "MATERIAL": "CON"}}, {"type": "Feature", "geometry": {"type": "Point", "coordinates": [-88.19698609330229, 41.78684038935955]}, "properties": {"POLENUMBER": "049030", "SUBTYPE": "SL", "MATERIAL": "CON"}}, {"type": "Feature", "geometry": {"type": "Point", "coordinates": [-88.19861630808234, 41.78684203793845]}, "properties": {"POLENUMBER": "049031", "SUBTYPE": "SL", "MATERIAL": "CON"}}, {"type": "Feature", "geometry": {"type": "Point", "coordinates": [-88.19204165198049, 41.78682121463482]}, "properties": {"POLENUMBER": "050051", "SUBTYPE": "SL", "MATERIAL": "CON"}}, {"type": "Feature", "geometry": {"type": "Point", "coordinates": [-88.1881037768527, 41.78670795816671]}, "properties": {"POLENUMBER": "050052", "SUBTYPE": "SL", "MATERIAL": "AL"}}, {"type": "Feature", "geometry": {"type": "Point", "coordinates": [-88.1982211381321, 41.786719753958025]}, "properties": {"POLENUMBER": "049032", "SUBTYPE": "SL", "MATERIAL": "CON"}}, {"type": "Feature", "geometry": {"type": "Point", "coordinates": [-88.19084138751208, 41.78662933171538]}, "properties": {"POLENUMBER": "050053", "SUBTYPE": "SL", "MATERIAL": "CON"}}, {"type": "Feature", "geometry": {"type": "Point", "coordinates": [-88.18954607917864, 41.78660452811818]}, "properties": {"POLENUMBER": "050054", "SUBTYPE": "SL", "MATERIAL": "CON"}}, {"type": "Feature", "geometry": {"type": "Point", "coordinates": [-88.20023001860223, 41.78647330003838]}, "properties": {"POLENUMBER": "049033", "SUBTYPE": "SL", "MATERIAL": "CON"}}, {"type": "Feature", "geometry": {"type": "Point", "coordinates": [-88.1987039152712, 41.78647047828102]}, "properties": {"POLENUMBER": "049034", "SUBTYPE": "SL", "MATERIAL": "CON"}}, {"type": "Feature", "geometry": {"type": "Point", "coordinates": [-88.19480790280778, 41.786434644597676]}, "properties": {"POLENUMBER": "050055", "SUBTYPE": "SL", "MATERIAL": "CON"}}, {"type": "Feature", "geometry": {"type": "Point", "coordinates": [-88.19165746628128, 41.786412525350286]}, "properties": {"POLENUMBER": "050056", "SUBTYPE": "SL", "MATERIAL": "CON"}}, {"type": "Feature", "geometry": {"type": "Point", "coordinates": [-88.19802361302442, 41.786386389232206]}, "properties": {"POLENUMBER": "049035", "SUBTYPE": "SL", "MATERIAL": "CON"}}, {"type": "Feature", "geometry": {"type": "Point", "coordinates": [-88.18781798202413, 41.786288952382506]}, "properties": {"POLENUMBER": "050057", "SUBTYPE": "SL", "MATERIAL": "AL"}}, {"type": "Feature", "geometry": {"type": "Point", "coordinates": [-88.1992640910862, 41.786239624090534]}, "properties": {"POLENUMBER": "049036", "SUBTYPE": "SL", "MATERIAL": "CON"}}, {"type": "Feature", "geometry": {"type": "Point", "coordinates": [-88.19622938753575, 41.786197209945335]}, "properties": {"POLENUMBER": "049037", "SUBTYPE": "SL", "MATERIAL": "AL"}}, {"type": "Feature", "geometry": {"type": "Point", "coordinates": [-88.19772554769541, 41.78615716297924]}, "properties": {"POLENUMBER": "049038", "SUBTYPE": "SL", "MATERIAL": "CON"}}, {"type": "Feature", "geometry": {"type": "Point", "coordinates": [-88.2003504338606, 41.786136630132404]}, "properties": {"POLENUMBER": "049039", "SUBTYPE": "SL", "MATERIAL": "CON"}}, {"type": "Feature", "geometry": {"type": "Point", "coordinates": [-88.18836096980304, 41.786087356249894]}, "properties": {"POLENUMBER": "050058", "SUBTYPE": "SL", "MATERIAL": "CON"}}, {"type": "Feature", "geometry": {"type": "Point", "coordinates": [-88.1876255084578, 41.78598362335722]}, "properties": {"POLENUMBER": "050059", "SUBTYPE": "SL", "MATERIAL": "CON"}}, {"type": "Feature", "geometry": {"type": "Point", "coordinates": [-88.19517263010988, 41.785976756139526]}, "properties": {"POLENUMBER": "050060", "SUBTYPE": "SL", "MATERIAL": "CON"}}, {"type": "Feature", "geometry": {"type": "Point", "coordinates": [-88.1971341102846, 41.785962440649435]}, "properties": {"POLENUMBER": "049040", "SUBTYPE": "SL", "MATERIAL": "CON"}}, {"type": "Feature", "geometry": {"type": "Point", "coordinates": [-88.19661579386853, 41.78595537571093]}, "properties": {"POLENUMBER": "049041", "SUBTYPE": "SL", "MATERIAL": "CON"}}, {"type": "Feature", "geometry": {"type": "Point", "coordinates": [-88.1906107444527, 41.78593602483421]}, "properties": {"POLENUMBER": "050061", "SUBTYPE": "SL", "MATERIAL": "CON"}}, {"type": "Feature", "geometry": {"type": "Point", "coordinates": [-88.20007475624963, 41.78589467413734]}, "properties": {"POLENUMBER": "049042", "SUBTYPE": "SL", "MATERIAL": "CON"}}, {"type": "Feature", "geometry": {"type": "Point", "coordinates": [-88.18876026735788, 41.78583110128647]}, "properties": {"POLENUMBER": "050062", "SUBTYPE": "SL", "MATERIAL": "CON"}}, {"type": "Feature", "geometry": {"type": "Point", "coordinates": [-88.19759355396727, 41.785804966303765]}, "properties": {"POLENUMBER": "049043", "SUBTYPE": "SL", "MATERIAL": "CON"}}, {"type": "Feature", "geometry": {"type": "Point", "coordinates": [-88.1980843767941, 41.78579050641768]}, "properties": {"POLENUMBER": "049044", "SUBTYPE": "SL", "MATERIAL": "CON"}}, {"type": "Feature", "geometry": {"type": "Point", "coordinates": [-88.19560803776317, 41.785621558344815]}, "properties": {"POLENUMBER": "050100", "SUBTYPE": "SL", "MATERIAL": "AL"}}, {"type": "Feature", "geometry": {"type": "Point", "coordinates": [-88.18924492091506, 41.78564098098534]}, "properties": {"POLENUMBER": "050064", "SUBTYPE": "SL", "MATERIAL": "CON"}}, {"type": "Feature", "geometry": {"type": "Point", "coordinates": [-88.18861254504384, 41.785598170715396]}, "properties": {"POLENUMBER": "050065", "SUBTYPE": "SL", "MATERIAL": "CON"}}, {"type": "Feature", "geometry": {"type": "Point", "coordinates": [-88.19910466369305, 41.78560558459152]}, "properties": {"POLENUMBER": "049045", "SUBTYPE": "SL", "MATERIAL": "CON"}}, {"type": "Feature", "geometry": {"type": "Point", "coordinates": [-88.19855757506984, 41.78559476279149]}, "properties": {"POLENUMBER": "049046", "SUBTYPE": "SL", "MATERIAL": "CON"}}, {"type": "Feature", "geometry": {"type": "Point", "coordinates": [-88.19966313095544, 41.78555763326067]}, "properties": {"POLENUMBER": "049047", "SUBTYPE": "SL", "MATERIAL": "CON"}}, {"type": "Feature", "geometry": {"type": "Point", "coordinates": [-88.18734044665807, 41.78535722958089]}, "properties": {"POLENUMBER": "050066", "SUBTYPE": "SL", "MATERIAL": "AL"}}, {"type": "Feature", "geometry": {"type": "Point", "coordinates": [-88.1914428086756, 41.78530032098389]}, "properties": {"POLENUMBER": "050067", "SUBTYPE": "SL", "MATERIAL": "CON"}}, {"type": "Feature", "geometry": {"type": "Point", "coordinates": [-88.19517281157495, 41.78524279079406]}, "properties": {"POLENUMBER": "050068", "SUBTYPE": "SL", "MATERIAL": "AL"}}, {"type": "Feature", "geometry": {"type": "Point", "coordinates": [-88.18979557829769, 41.78518603196827]}, "properties": {"POLENUMBER": "050069", "SUBTYPE": "SL", "MATERIAL": "CON"}}, {"type": "Feature", "geometry": {"type": "Point", "coordinates": [-88.18845222722159, 41.78517880221153]}, "properties": {"POLENUMBER": "050070", "SUBTYPE": "SL", "MATERIAL": "AL"}}, {"type": "Feature", "geometry": {"type": "Point", "coordinates": [-88.19031108290706, 41.785068368146206]}, "properties": {"POLENUMBER": "050071", "SUBTYPE": "SL", "MATERIAL": "CON"}}, {"type": "Feature", "geometry": {"type": "Point", "coordinates": [-88.1953262375148, 41.78504985824302]}, "properties": {"POLENUMBER": "050072", "SUBTYPE": "SL", "MATERIAL": "CON"}}, {"type": "Feature", "geometry": {"type": "Point", "coordinates": [-88.19090974278815, 41.7850354392025]}, "properties": {"POLENUMBER": "050073", "SUBTYPE": "SL", "MATERIAL": "CON"}}, {"type": "Feature", "geometry": {"type": "Point", "coordinates": [-88.19145060840043, 41.784972577055754]}, "properties": {"POLENUMBER": "050074", "SUBTYPE": "SL", "MATERIAL": "CON"}}, {"type": "Feature", "geometry": {"type": "Point", "coordinates": [-88.19465228876392, 41.78490195175508]}, "properties": {"POLENUMBER": "050075", "SUBTYPE": "SL", "MATERIAL": "AL"}}, {"type": "Feature", "geometry": {"type": "Point", "coordinates": [-88.19765070931938, 41.78483557929757]}, "properties": {"POLENUMBER": "049052", "SUBTYPE": "SL", "MATERIAL": "CON"}}, {"type": "Feature", "geometry": {"type": "Point", "coordinates": [-88.1875766207395, 41.78478975906688]}, "properties": {"POLENUMBER": "050076", "SUBTYPE": "SL", "MATERIAL": "CON"}}, {"type": "Feature", "geometry": {"type": "Point", "coordinates": [-88.19406196275887, 41.784626311934005]}, "properties": {"POLENUMBER": "050078", "SUBTYPE": "SL", "MATERIAL": "AL"}}, {"type": "Feature", "geometry": {"type": "Point", "coordinates": [-88.19186822752997, 41.784612764251406]}, "properties": {"POLENUMBER": "050079", "SUBTYPE": "SL", "MATERIAL": "CON"}}, {"type": "Feature", "geometry": {"type": "Point", "coordinates": [-88.19895393028288, 41.78454956222489]}, "properties": {"POLENUMBER": "049055", "SUBTYPE": "SL", "MATERIAL": "CON"}}, {"type": "Feature", "geometry": {"type": "Point", "coordinates": [-88.19348627908415, 41.784448851629335]}, "properties": {"POLENUMBER": "050080", "SUBTYPE": "SL", "MATERIAL": "AL"}}, {"type": "Feature", "geometry": {"type": "Point", "coordinates": [-88.19732508347778, 41.784430709965214]}, "properties": {"POLENUMBER": "049056", "SUBTYPE": "SL", "MATERIAL": "CON"}}, {"type": "Feature", "geometry": {"type": "Point", "coordinates": [-88.18906227327619, 41.784401942083115]}, "properties": {"POLENUMBER": "050081", "SUBTYPE": "SL", "MATERIAL": "AL"}}, {"type": "Feature", "geometry": {"type": "Point", "coordinates": [-88.1897936393539, 41.78439468018943]}, "properties": {"POLENUMBER": "050082", "SUBTYPE": "SL", "MATERIAL": "AL"}}, {"type": "Feature", "geometry": {"type": "Point", "coordinates": [-88.19052225938405, 41.784352503167455]}, "properties": {"POLENUMBER": "050083", "SUBTYPE": "SL", "MATERIAL": "AL"}}, {"type": "Feature", "geometry": {"type": "Point", "coordinates": [-88.20015148776173, 41.784359623366164]}, "properties": {"POLENUMBER": "049057", "SUBTYPE": "SL", "MATERIAL": "CON"}}, {"type": "Feature", "geometry": {"type": "Point", "coordinates": [-88.18829595048778, 41.78430116660374]}, "properties": {"POLENUMBER": "050084", "SUBTYPE": "SL", "MATERIAL": "AL"}}, {"type": "Feature", "geometry": {"type": "Point", "coordinates": [-88.19180512683278, 41.784285120209745]}, "properties": {"POLENUMBER": "050085", "SUBTYPE": "SL", "MATERIAL": "AL"}}, {"type": "Feature", "geometry": {"type": "Point", "coordinates": [-88.19882012999857, 41.784253129608715]}, "properties": {"POLENUMBER": "049058", "SUBTYPE": "SL", "MATERIAL": "CON"}}, {"type": "Feature", "geometry": {"type": "Point", "coordinates": [-88.19059752064283, 41.78419408515368]}, "properties": {"POLENUMBER": "050086", "SUBTYPE": "SL", "MATERIAL": "CON"}}, {"type": "Feature", "geometry": {"type": "Point", "coordinates": [-88.18756548665355, 41.784185066826744]}, "properties": {"POLENUMBER": "050098", "SUBTYPE": "SL", "MATERIAL": "AL"}}, {"type": "Feature", "geometry": {"type": "Point", "coordinates": [-88.18687513911279, 41.784069089181784]}, "properties": {"POLENUMBER": "050088", "SUBTYPE": "SL", "MATERIAL": "AL"}}, {"type": "Feature", "geometry": {"type": "Point", "coordinates": [-88.19546283948878, 41.784041869126284]}, "properties": {"POLENUMBER": "050089", "SUBTYPE": "SL", "MATERIAL": "UNK"}}, {"type": "Feature", "geometry": {"type": "Point", "coordinates": [-88.19069821260553, 41.787584582391915]}, "properties": {"POLENUMBER": "050094", "SUBTYPE": "SL", "MATERIAL": "CON"}}, {"type": "Feature", "geometry": {"type": "Point", "coordinates": [-88.19111789995226, 41.78600999817305]}, "properties": {"POLENUMBER": "050095", "SUBTYPE": "SL", "MATERIAL": "CON"}}, {"type": "Feature", "geometry": {"type": "Point", "coordinates": [-88.1927553664115, 41.78431728636144]}, "properties": {"POLENUMBER": "050093", "SUBTYPE": "SL", "MATERIAL": "AL"}}, {"type": "Feature", "geometry": {"type": "Point", "coordinates": [-88.19126138159383, 41.7843146670566]}, "properties": {"POLENUMBER": "050092", "SUBTYPE": "SL", "MATERIAL": "AL"}}, {"type": "Feature", "geometry": {"type": "Point", "coordinates": [-88.19890789441678, 41.78795347053999]}, "properties": {"POLENUMBER": "049059", "SUBTYPE": "SL", "MATERIAL": "CON"}}, {"type": "Feature", "geometry": {"type": "Point", "coordinates": [-88.20520236689495, 41.78684911382012]}, "properties": {"POLENUMBER": "049077", "SUBTYPE": "SL", "MATERIAL": "AL"}}, {"type": "Feature", "geometry": {"type": "Point", "coordinates": [-88.20269025023445, 41.78692409391673]}, "properties": {"POLENUMBER": "049073", "SUBTYPE": "SL", "MATERIAL": "CON"}}, {"type": "Feature", "geometry": {"type": "Point", "coordinates": [-88.20178706812672, 41.78697756763428]}, "properties": {"POLENUMBER": "049074", "SUBTYPE": "SL", "MATERIAL": "CON"}}, {"type": "Feature", "geometry": {"type": "Point", "coordinates": [-88.20204150297788, 41.786127532192786]}, "properties": {"POLENUMBER": "049071", "SUBTYPE": "SL", "MATERIAL": "CON"}}, {"type": "Feature", "geometry": {"type": "Point", "coordinates": [-88.20238758063857, 41.78512601731255]}, "properties": {"POLENUMBER": "049067", "SUBTYPE": "SL", "MATERIAL": "CON"}}, {"type": "Feature", "geometry": {"type": "Point", "coordinates": [-88.20307568839391, 41.784696121006306]}, "properties": {"POLENUMBER": "049065", "SUBTYPE": "SL", "MATERIAL": "CON"}}, {"type": "Feature", "geometry": {"type": "Point", "coordinates": [-88.20301684507909, 41.78372235973285]}, "properties": {"POLENUMBER": "049063", "SUBTYPE": "SL", "MATERIAL": "CON"}}, {"type": "Feature", "geometry": {"type": "Point", "coordinates": [-88.19824649597192, 41.788067253212375]}, "properties": {"POLENUMBER": "049062", "SUBTYPE": "SL", "MATERIAL": "AL"}}, {"type": "Feature", "geometry": {"type": "Point", "coordinates": [-88.19803624361657, 41.78881289540139]}, "properties": {"POLENUMBER": "049060", "SUBTYPE": "SL", "MATERIAL": "AL"}}, {"type": "Feature", "geometry": {"type": "Point", "coordinates": [-88.1970881022435, 41.78696109769683]}, "properties": {"POLENUMBER": "049061", "SUBTYPE": "SL", "MATERIAL": "AL"}}, {"type": "Feature", "geometry": {"type": "Point", "coordinates": [-88.19623170668122, 41.7912768108995]}, "properties": {"POLENUMBER": "034076", "SUBTYPE": "SL", "MATERIAL": "AL"}}, {"type": "Feature", "geometry": {"type": "Point", "coordinates": [-88.20297900434112, 41.796423907699364]}, "properties": {"POLENUMBER": "034008", "SUBTYPE": "SL", "MATERIAL": "CON"}}, {"type": "Feature", "geometry": {"type": "Point", "coordinates": [-88.20470727113737, 41.786292074527275]}, "properties": {"POLENUMBER": "049078", "SUBTYPE": "SL", "MATERIAL": "AL"}}, {"type": "Feature", "geometry": {"type": "Point", "coordinates": [-88.20470688963236, 41.785787780208175]}, "properties": {"POLENUMBER": "049079", "SUBTYPE": "SL", "MATERIAL": "CON"}}, {"type": "Feature", "geometry": {"type": "Point", "coordinates": [-88.20442097669905, 41.78518000947055]}, "properties": {"POLENUMBER": "049068", "SUBTYPE": "SL", "MATERIAL": "CON"}}, {"type": "Feature", "geometry": {"type": "Point", "coordinates": [-88.20319135665704, 41.78425232198002]}, "properties": {"POLENUMBER": "049064", "SUBTYPE": "SL", "MATERIAL": "CON"}}, {"type": "Feature", "geometry": {"type": "Point", "coordinates": [-88.20328900524079, 41.78520169476871]}, "properties": {"POLENUMBER": "049066", "SUBTYPE": "SL", "MATERIAL": "CON"}}, {"type": "Feature", "geometry": {"type": "Point", "coordinates": [-88.203009458916, 41.78559006899818]}, "properties": {"POLENUMBER": "049069", "SUBTYPE": "SL", "MATERIAL": "CON"}}, {"type": "Feature", "geometry": {"type": "Point", "coordinates": [-88.20303420604687, 41.78603130798173]}, "properties": {"POLENUMBER": "049070", "SUBTYPE": "SL", "MATERIAL": "CON"}}, {"type": "Feature", "geometry": {"type": "Point", "coordinates": [-88.20223598285529, 41.78468279220008]}, "properties": {"POLENUMBER": "049080", "SUBTYPE": "SL", "MATERIAL": "CON"}}, {"type": "Feature", "geometry": {"type": "Point", "coordinates": [-88.20288101747933, 41.78650490302102]}, "properties": {"POLENUMBER": "049072", "SUBTYPE": "SL", "MATERIAL": "CON"}}, {"type": "Feature", "geometry": {"type": "Point", "coordinates": [-88.20350046860004, 41.78696214244717]}, "properties": {"POLENUMBER": "049075", "SUBTYPE": "SL", "MATERIAL": "CON"}}, {"type": "Feature", "geometry": {"type": "Point", "coordinates": [-88.20457978280592, 41.786866960730855]}, "properties": {"POLENUMBER": "049076", "SUBTYPE": "SL", "MATERIAL": "CON"}}, {"type": "Feature", "geometry": {"type": "Point", "coordinates": [-88.18869668270725, 41.789242340251825]}, "properties": {"POLENUMBER": "050096", "SUBTYPE": "SL", "MATERIAL": "CON"}}, {"type": "Feature", "geometry": {"type": "Point", "coordinates": [-88.19901671633004, 41.79210752038523]}, "properties": {"POLENUMBER": "034075", "SUBTYPE": "SL", "MATERIAL": "AL"}}, {"type": "Feature", "geometry": {"type": "Point", "coordinates": [-88.19598954374274, 41.796280442702596]}, "properties": {"POLENUMBER": "034071", "SUBTYPE": "SL", "MATERIAL": "AL"}}, {"type": "Feature", "geometry": {"type": "Point", "coordinates": [-88.20180070431763, 41.79623897118528]}, "properties": {"POLENUMBER": "034072", "SUBTYPE": "SL", "MATERIAL": "AL"}}, {"type": "Feature", "geometry": {"type": "Point", "coordinates": [-88.20507859927514, 41.791796881255635]}, "properties": {"POLENUMBER": "034073", "SUBTYPE": "SL", "MATERIAL": "AL"}}, {"type": "Feature", "geometry": {"type": "Point", "coordinates": [-88.20237395302775, 41.79215931190846]}, "properties": {"POLENUMBER": "034074", "SUBTYPE": "SL", "MATERIAL": "AL"}}, {"type": "Feature", "geometry": {"type": "Point", "coordinates": [-88.20205737262957, 41.79202460585713]}, "properties": {"POLENUMBER": "034070", "SUBTYPE": "SL", "MATERIAL": "CON"}}, {"type": "Feature", "geometry": {"type": "Point", "coordinates": [-88.2024599758608, 41.792671370740045]}, "properties": {"POLENUMBER": "034052", "SUBTYPE": "SL", "MATERIAL": "CON"}}, {"type": "Feature", "geometry": {"type": "Point", "coordinates": [-88.20248290847627, 41.79305593218646]}, "properties": {"POLENUMBER": "034050", "SUBTYPE": "SL", "MATERIAL": "CON"}}, {"type": "Feature", "geometry": {"type": "Point", "coordinates": [-88.1937350813144, 41.79628477783515]}, "properties": {"POLENUMBER": "035047", "SUBTYPE": "SL", "MATERIAL": "AL"}}, {"type": "Feature", "geometry": {"type": "Point", "coordinates": [-88.1913473133684, 41.796292508189445]}, "properties": {"POLENUMBER": "035046", "SUBTYPE": "SL", "MATERIAL": "AL"}}, {"type": "Feature", "geometry": {"type": "Point", "coordinates": [-88.18774559722651, 41.78425608712186]}, "properties": {"POLENUMBER": "050087", "SUBTYPE": "SL", "MATERIAL": "AL"}}, {"type": "Feature", "geometry": {"type": "Point", "coordinates": [-88.18707215896666, 41.7891947774414]}, "properties": {"POLENUMBER": "050101", "SUBTYPE": "SL", "MATERIAL": "CON"}}, {"type": "Feature", "geometry": {"type": "Point", "coordinates": [-88.18706045861869, 41.789658655061004]}, "properties": {"POLENUMBER": "050020", "SUBTYPE": "SL", "MATERIAL": "CON"}}, {"type": "Feature", "geometry": {"type": "Point", "coordinates": [-88.1920188576101, 41.78432566462898]}, "properties": {"POLENUMBER": "050099", "SUBTYPE": "SL", "MATERIAL": "AL"}}, {"type": "Feature", "geometry": {"type": "Point", "coordinates": [-88.19569629027941, 41.78577175362585]}, "properties": {"POLENUMBER": "050063", "SUBTYPE": "SL", "MATERIAL": "AL"}}, {"type": "Feature", "geometry": {"type": "Point", "coordinates": [-88.22074140783255, 41.79814691906574]}, "properties": {"POLENUMBER": "032001", "SUBTYPE": "SL", "MATERIAL": "CON"}}, {"type": "Feature", "geometry": {"type": "Point", "coordinates": [-88.21921269817916, 41.79811432929233]}, "properties": {"POLENUMBER": "032002", "SUBTYPE": "SL", "MATERIAL": "AL"}}, {"type": "Feature", "geometry": {"type": "Point", "coordinates": [-88.21805127897005, 41.798082954484634]}, "properties": {"POLENUMBER": "032003", "SUBTYPE": "SL", "MATERIAL": "AL"}}, {"type": "Feature", "geometry": {"type": "Point", "coordinates": [-88.2171648255164, 41.798041253570474]}, "properties": {"POLENUMBER": "032004", "SUBTYPE": "SL", "MATERIAL": "AL"}}, {"type": "Feature", "geometry": {"type": "Point", "coordinates": [-88.21632354849426, 41.79790345943796]}, "properties": {"POLENUMBER": "032006", "SUBTYPE": "SL", "MATERIAL": "AL"}}, {"type": "Feature", "geometry": {"type": "Point", "coordinates": [-88.22132539577375, 41.797851503589925]}, "properties": {"POLENUMBER": "032007", "SUBTYPE": "SL", "MATERIAL": "AL"}}, {"type": "Feature", "geometry": {"type": "Point", "coordinates": [-88.21253113467166, 41.79810849072237]}, "properties": {"POLENUMBER": "033002", "SUBTYPE": "SL", "MATERIAL": "AL"}}, {"type": "Feature", "geometry": {"type": "Point", "coordinates": [-88.20916056926215, 41.797595795284224]}, "properties": {"POLENUMBER": "033004", "SUBTYPE": "SL", "MATERIAL": "CON"}}, {"type": "Feature", "geometry": {"type": "Point", "coordinates": [-88.21588987619556, 41.79740886567872]}, "properties": {"POLENUMBER": "032008", "SUBTYPE": "SL", "MATERIAL": "AL"}}, {"type": "Feature", "geometry": {"type": "Point", "coordinates": [-88.21314214213004, 41.79739641874473]}, "properties": {"POLENUMBER": "033005", "SUBTYPE": "SL", "MATERIAL": "AL"}}, {"type": "Feature", "geometry": {"type": "Point", "coordinates": [-88.21362794805518, 41.79724438147078]}, "properties": {"POLENUMBER": "033006", "SUBTYPE": "SL", "MATERIAL": "AL"}}, {"type": "Feature", "geometry": {"type": "Point", "coordinates": [-88.21472976434052, 41.7970599320203]}, "properties": {"POLENUMBER": "033008", "SUBTYPE": "SL", "MATERIAL": "AL"}}, {"type": "Feature", "geometry": {"type": "Point", "coordinates": [-88.2092332368711, 41.796921844897945]}, "properties": {"POLENUMBER": "033012", "SUBTYPE": "SL", "MATERIAL": "AL"}}, {"type": "Feature", "geometry": {"type": "Point", "coordinates": [-88.21522108743257, 41.79687143538641]}, "properties": {"POLENUMBER": "033013", "SUBTYPE": "SL", "MATERIAL": "AL"}}, {"type": "Feature", "geometry": {"type": "Point", "coordinates": [-88.20922666363455, 41.79629888087689]}, "properties": {"POLENUMBER": "033016", "SUBTYPE": "SL", "MATERIAL": "AL"}}, {"type": "Feature", "geometry": {"type": "Point", "coordinates": [-88.20577334981277, 41.796381719360376]}, "properties": {"POLENUMBER": "033054", "SUBTYPE": "SL", "MATERIAL": "UNK"}}, {"type": "Feature", "geometry": {"type": "Point", "coordinates": [-88.2089705717789, 41.795578855446344]}, "properties": {"POLENUMBER": "033023", "SUBTYPE": "SL", "MATERIAL": "CON"}}, {"type": "Feature", "geometry": {"type": "Point", "coordinates": [-88.21144910751131, 41.79546331421134]}, "properties": {"POLENUMBER": "033024", "SUBTYPE": "SL", "MATERIAL": "AL"}}, {"type": "Feature", "geometry": {"type": "Point", "coordinates": [-88.21320075418227, 41.79530305288011]}, "properties": {"POLENUMBER": "033025", "SUBTYPE": "SL", "MATERIAL": "CON"}}, {"type": "Feature", "geometry": {"type": "Point", "coordinates": [-88.20909641124621, 41.79486898402941]}, "properties": {"POLENUMBER": "033031", "SUBTYPE": "SL", "MATERIAL": "AL"}}, {"type": "Feature", "geometry": {"type": "Point", "coordinates": [-88.21047878639956, 41.794673731857785]}, "properties": {"POLENUMBER": "033032", "SUBTYPE": "SL", "MATERIAL": "CON"}}, {"type": "Feature", "geometry": {"type": "Point", "coordinates": [-88.21638645747859, 41.794634662563865]}, "properties": {"POLENUMBER": "032011", "SUBTYPE": "SL", "MATERIAL": "AL"}}, {"type": "Feature", "geometry": {"type": "Point", "coordinates": [-88.2136921426673, 41.7946469359644]}, "properties": {"POLENUMBER": "033033", "SUBTYPE": "SL", "MATERIAL": "CON"}}, {"type": "Feature", "geometry": {"type": "Point", "coordinates": [-88.21220374718247, 41.79461381681162]}, "properties": {"POLENUMBER": "033034", "SUBTYPE": "SL", "MATERIAL": "CON"}}, {"type": "Feature", "geometry": {"type": "Point", "coordinates": [-88.21689426521597, 41.793774339447246]}, "properties": {"POLENUMBER": "032012", "SUBTYPE": "SL", "MATERIAL": "AL"}}, {"type": "Feature", "geometry": {"type": "Point", "coordinates": [-88.2170487658949, 41.793377422205936]}, "properties": {"POLENUMBER": "032013", "SUBTYPE": "SL", "MATERIAL": "AL"}}, {"type": "Feature", "geometry": {"type": "Point", "coordinates": [-88.2171725916282, 41.79253230891993]}, "properties": {"POLENUMBER": "032014", "SUBTYPE": "SL", "MATERIAL": "AL"}}, {"type": "Feature", "geometry": {"type": "Point", "coordinates": [-88.21703869001125, 41.79167458000906]}, "properties": {"POLENUMBER": "032015", "SUBTYPE": "SL", "MATERIAL": "AL"}}, {"type": "Feature", "geometry": {"type": "Point", "coordinates": [-88.2170473309913, 41.79074646174848]}, "properties": {"POLENUMBER": "047001", "SUBTYPE": "SL", "MATERIAL": "AL"}}, {"type": "Feature", "geometry": {"type": "Point", "coordinates": [-88.14447946402534, 41.77965953960308]}, "properties": {"POLENUMBER": "070193", "SUBTYPE": "SL", "MATERIAL": "CON"}}, {"type": "Feature", "geometry": {"type": "Point", "coordinates": [-88.12948404083737, 41.77730019251157]}, "properties": {"POLENUMBER": "086001", "SUBTYPE": "SL", "MATERIAL": "CON"}}, {"type": "Feature", "geometry": {"type": "Point", "coordinates": [-88.13342008526877, 41.77577105082314]}, "properties": {"POLENUMBER": "086013", "SUBTYPE": "SL", "MATERIAL": "CON"}}, {"type": "Feature", "geometry": {"type": "Point", "coordinates": [-88.13398349061187, 41.77575070647644]}, "properties": {"POLENUMBER": "086014", "SUBTYPE": "SL", "MATERIAL": "CON"}}, {"type": "Feature", "geometry": {"type": "Point", "coordinates": [-88.13332151330032, 41.775072536451134]}, "properties": {"POLENUMBER": "086015", "SUBTYPE": "SL", "MATERIAL": "CON"}}, {"type": "Feature", "geometry": {"type": "Point", "coordinates": [-88.13365941777076, 41.77480017172094]}, "properties": {"POLENUMBER": "086016", "SUBTYPE": "SL", "MATERIAL": "CON"}}, {"type": "Feature", "geometry": {"type": "Point", "coordinates": [-88.13471276515372, 41.77465657619217]}, "properties": {"POLENUMBER": "086017", "SUBTYPE": "SL", "MATERIAL": "CON"}}, {"type": "Feature", "geometry": {"type": "Point", "coordinates": [-88.13533530505003, 41.774692091458476]}, "properties": {"POLENUMBER": "086019", "SUBTYPE": "SL", "MATERIAL": "AL"}}, {"type": "Feature", "geometry": {"type": "Point", "coordinates": [-88.13538052411826, 41.77445570591558]}, "properties": {"POLENUMBER": "086020", "SUBTYPE": "SL", "MATERIAL": "AL"}}, {"type": "Feature", "geometry": {"type": "Point", "coordinates": [-88.13533185312791, 41.77530214681055]}, "properties": {"POLENUMBER": "086046", "SUBTYPE": "SL", "MATERIAL": "AL"}}, {"type": "Feature", "geometry": {"type": "Point", "coordinates": [-88.13528801735704, 41.77559650910289]}, "properties": {"POLENUMBER": "086056", "SUBTYPE": "SL", "MATERIAL": "CON"}}, {"type": "Feature", "geometry": {"type": "Point", "coordinates": [-88.13528346686799, 41.77632459472926]}, "properties": {"POLENUMBER": "086054", "SUBTYPE": "SL", "MATERIAL": "AL"}}, {"type": "Feature", "geometry": {"type": "Point", "coordinates": [-88.13538506126845, 41.776800331941]}, "properties": {"POLENUMBER": "086053", "SUBTYPE": "SL", "MATERIAL": "CON"}}, {"type": "Feature", "geometry": {"type": "Point", "coordinates": [-88.13541615156386, 41.77719361835612]}, "properties": {"POLENUMBER": "086051", "SUBTYPE": "SL", "MATERIAL": "AL"}}, {"type": "Feature", "geometry": {"type": "Point", "coordinates": [-88.13669600626135, 41.77725133331242]}, "properties": {"POLENUMBER": "086048", "SUBTYPE": "SL", "MATERIAL": "AL"}}, {"type": "Feature", "geometry": {"type": "Point", "coordinates": [-88.13667416752429, 41.776882441323096]}, "properties": {"POLENUMBER": "086064", "SUBTYPE": "SL", "MATERIAL": "CON"}}, {"type": "Feature", "geometry": {"type": "Point", "coordinates": [-88.13672054044044, 41.77580953758449]}, "properties": {"POLENUMBER": "086063", "SUBTYPE": "SL", "MATERIAL": "AL"}}, {"type": "Feature", "geometry": {"type": "Point", "coordinates": [-88.13658401763826, 41.776419776523745]}, "properties": {"POLENUMBER": "086096", "SUBTYPE": "SL", "MATERIAL": "AL"}}, {"type": "Feature", "geometry": {"type": "Point", "coordinates": [-88.13597681960565, 41.77572574410694]}, "properties": {"POLENUMBER": "086066", "SUBTYPE": "SL", "MATERIAL": "CON"}}, {"type": "Feature", "geometry": {"type": "Point", "coordinates": [-88.13542989686356, 41.775746569601374]}, "properties": {"POLENUMBER": "086055", "SUBTYPE": "SL", "MATERIAL": "AL"}}, {"type": "Feature", "geometry": {"type": "Point", "coordinates": [-88.13656316264253, 41.7756490583389]}, "properties": {"POLENUMBER": "086062", "SUBTYPE": "SL", "MATERIAL": "AL"}}, {"type": "Feature", "geometry": {"type": "Point", "coordinates": [-88.13676075165891, 41.77491016010967]}, "properties": {"POLENUMBER": "086060", "SUBTYPE": "SL", "MATERIAL": "CON"}}, {"type": "Feature", "geometry": {"type": "Point", "coordinates": [-88.1360323501245, 41.77482051741827]}, "properties": {"POLENUMBER": "086068", "SUBTYPE": "SL", "MATERIAL": "AL"}}, {"type": "Feature", "geometry": {"type": "Point", "coordinates": [-88.13548402334371, 41.77484984740334]}, "properties": {"POLENUMBER": "086018", "SUBTYPE": "SL", "MATERIAL": "AL"}}, {"type": "Feature", "geometry": {"type": "Point", "coordinates": [-88.1366083199876, 41.774742797979286]}, "properties": {"POLENUMBER": "086061", "SUBTYPE": "SL", "MATERIAL": "AL"}}, {"type": "Feature", "geometry": {"type": "Point", "coordinates": [-88.13660886922723, 41.77537390352237]}, "properties": {"POLENUMBER": "086095", "SUBTYPE": "SL", "MATERIAL": "CON"}}, {"type": "Feature", "geometry": {"type": "Point", "coordinates": [-88.13727392950668, 41.775778075582785]}, "properties": {"POLENUMBER": "086065", "SUBTYPE": "SL", "MATERIAL": "CON"}}, {"type": "Feature", "geometry": {"type": "Point", "coordinates": [-88.13809380667084, 41.77587036348837]}, "properties": {"POLENUMBER": "086042", "SUBTYPE": "SL", "MATERIAL": "AL"}}, {"type": "Feature", "geometry": {"type": "Point", "coordinates": [-88.13793721559844, 41.7763803756686]}, "properties": {"POLENUMBER": "086043", "SUBTYPE": "SL", "MATERIAL": "AL"}}, {"type": "Feature", "geometry": {"type": "Point", "coordinates": [-88.1380398396447, 41.77686140822619]}, "properties": {"POLENUMBER": "086044", "SUBTYPE": "SL", "MATERIAL": "AL"}}, {"type": "Feature", "geometry": {"type": "Point", "coordinates": [-88.13797743052767, 41.77565663090839]}, "properties": {"POLENUMBER": "086041", "SUBTYPE": "SL", "MATERIAL": "AL"}}, {"type": "Feature", "geometry": {"type": "Point", "coordinates": [-88.13797944258535, 41.77540223655681]}, "properties": {"POLENUMBER": "086040", "SUBTYPE": "SL", "MATERIAL": "AL"}}, {"type": "Feature", "geometry": {"type": "Point", "coordinates": [-88.13813893699931, 41.77496358209653]}, "properties": {"POLENUMBER": "086039", "SUBTYPE": "SL", "MATERIAL": "AL"}}, {"type": "Feature", "geometry": {"type": "Point", "coordinates": [-88.1379487132928, 41.774800301005534]}, "properties": {"POLENUMBER": "086038", "SUBTYPE": "SL", "MATERIAL": "AL"}}, {"type": "Feature", "geometry": {"type": "Point", "coordinates": [-88.13728255173045, 41.77487304284297]}, "properties": {"POLENUMBER": "086067", "SUBTYPE": "SL", "MATERIAL": "AL"}}, {"type": "Feature", "geometry": {"type": "Point", "coordinates": [-88.1380372895597, 41.77446347692007]}, "properties": {"POLENUMBER": "086037", "SUBTYPE": "SL", "MATERIAL": "CON"}}, {"type": "Feature", "geometry": {"type": "Point", "coordinates": [-88.13667509021181, 41.774316775466076]}, "properties": {"POLENUMBER": "086059", "SUBTYPE": "SL", "MATERIAL": "AL"}}, {"type": "Feature", "geometry": {"type": "Point", "coordinates": [-88.13681992066957, 41.77386588511833]}, "properties": {"POLENUMBER": "086058", "SUBTYPE": "SL", "MATERIAL": "AL"}}, {"type": "Feature", "geometry": {"type": "Point", "coordinates": [-88.13673228289058, 41.77333191115421]}, "properties": {"POLENUMBER": "086057", "SUBTYPE": "SL", "MATERIAL": "AL"}}, {"type": "Feature", "geometry": {"type": "Point", "coordinates": [-88.13756486168613, 41.77376954121213]}, "properties": {"POLENUMBER": "086033", "SUBTYPE": "SL", "MATERIAL": "CON"}}, {"type": "Feature", "geometry": {"type": "Point", "coordinates": [-88.13819465268381, 41.77393859262915]}, "properties": {"POLENUMBER": "086034", "SUBTYPE": "SL", "MATERIAL": "CON"}}, {"type": "Feature", "geometry": {"type": "Point", "coordinates": [-88.13809062369816, 41.77340438837954]}, "properties": {"POLENUMBER": "086032", "SUBTYPE": "SL", "MATERIAL": "AL"}}, {"type": "Feature", "geometry": {"type": "Point", "coordinates": [-88.13597359802102, 41.77335648955646]}, "properties": {"POLENUMBER": "086024", "SUBTYPE": "SL", "MATERIAL": "AL"}}, {"type": "Feature", "geometry": {"type": "Point", "coordinates": [-88.13535528686725, 41.773463962844644]}, "properties": {"POLENUMBER": "086022", "SUBTYPE": "SL", "MATERIAL": "AL"}}, {"type": "Feature", "geometry": {"type": "Point", "coordinates": [-88.13797667245298, 41.77376920495979]}, "properties": {"POLENUMBER": "086094", "SUBTYPE": "SL", "MATERIAL": "CON"}}, {"type": "Feature", "geometry": {"type": "Point", "coordinates": [-88.13639498362174, 41.773286199124]}, "properties": {"POLENUMBER": "086012", "SUBTYPE": "SL", "MATERIAL": "AL"}}, {"type": "Feature", "geometry": {"type": "Point", "coordinates": [-88.1354348835195, 41.773594182771056]}, "properties": {"POLENUMBER": "086047", "SUBTYPE": "SL", "MATERIAL": "AL"}}, {"type": "Feature", "geometry": {"type": "Point", "coordinates": [-88.13779625082984, 41.77302482366483]}, "properties": {"POLENUMBER": "086030", "SUBTYPE": "SL", "MATERIAL": "AL"}}, {"type": "Feature", "geometry": {"type": "Point", "coordinates": [-88.13729240903241, 41.773104897885965]}, "properties": {"POLENUMBER": "086029", "SUBTYPE": "SL", "MATERIAL": "AL"}}, {"type": "Feature", "geometry": {"type": "Point", "coordinates": [-88.1369293157304, 41.773168577262254]}, "properties": {"POLENUMBER": "086027", "SUBTYPE": "SL", "MATERIAL": "AL"}}, {"type": "Feature", "geometry": {"type": "Point", "coordinates": [-88.13804689459212, 41.77285093947228]}, "properties": {"POLENUMBER": "086031", "SUBTYPE": "SL", "MATERIAL": "AL"}}, {"type": "Feature", "geometry": {"type": "Point", "coordinates": [-88.13732392881342, 41.77202347200864]}, "properties": {"POLENUMBER": "086117", "SUBTYPE": "SL", "MATERIAL": "AL"}}, {"type": "Feature", "geometry": {"type": "Point", "coordinates": [-88.13710800347857, 41.772998432855296]}, "properties": {"POLENUMBER": "086028", "SUBTYPE": "SL", "MATERIAL": "AL"}}, {"type": "Feature", "geometry": {"type": "Point", "coordinates": [-88.13660641020107, 41.773081257620404]}, "properties": {"POLENUMBER": "086026", "SUBTYPE": "SL", "MATERIAL": "AL"}}, {"type": "Feature", "geometry": {"type": "Point", "coordinates": [-88.13614152111747, 41.77315866538124]}, "properties": {"POLENUMBER": "086025", "SUBTYPE": "SL", "MATERIAL": "AL"}}, {"type": "Feature", "geometry": {"type": "Point", "coordinates": [-88.13565617518908, 41.77324326148576]}, "properties": {"POLENUMBER": "086023", "SUBTYPE": "SL", "MATERIAL": "AL"}}, {"type": "Feature", "geometry": {"type": "Point", "coordinates": [-88.136664766, 41.772571976509795]}, "properties": {"POLENUMBER": "086106", "SUBTYPE": "UPL", "MATERIAL": "WD"}}, {"type": "Feature", "geometry": {"type": "Point", "coordinates": [-88.13787184437003, 41.77181712719814]}, "properties": {"POLENUMBER": "086087", "SUBTYPE": "SL", "MATERIAL": "AL"}}, {"type": "Feature", "geometry": {"type": "Point", "coordinates": [-88.13846301831563, 41.77278432219454]}, "properties": {"POLENUMBER": "086093", "SUBTYPE": "SL", "MATERIAL": "AL"}}, {"type": "Feature", "geometry": {"type": "Point", "coordinates": [-88.13831550513397, 41.77293942793296]}, "properties": {"POLENUMBER": "086045", "SUBTYPE": "SL", "MATERIAL": "AL"}}, {"type": "Feature", "geometry": {"type": "Point", "coordinates": [-88.13758910204255, 41.77292184922201]}, "properties": {"POLENUMBER": "086092", "SUBTYPE": "SL", "MATERIAL": "AL"}}, {"type": "Feature", "geometry": {"type": "Point", "coordinates": [-88.13552214408998, 41.773983300191546]}, "properties": {"POLENUMBER": "086021", "SUBTYPE": "SL", "MATERIAL": "AL"}}, {"type": "Feature", "geometry": {"type": "Point", "coordinates": [-88.13383940158741, 41.77109786752129]}, "properties": {"POLENUMBER": "086107", "SUBTYPE": "SL", "MATERIAL": "AL"}}, {"type": "Feature", "geometry": {"type": "Point", "coordinates": [-88.13435713302914, 41.77014247019872]}, "properties": {"POLENUMBER": "086110", "SUBTYPE": "SL", "MATERIAL": "AL"}}, {"type": "Feature", "geometry": {"type": "Point", "coordinates": [-88.13321914217502, 41.774302978382906]}, "properties": {"POLENUMBER": "086049", "SUBTYPE": "SL", "MATERIAL": "CON"}}, {"type": "Feature", "geometry": {"type": "Point", "coordinates": [-88.13414149455724, 41.77430386452466]}, "properties": {"POLENUMBER": "086050", "SUBTYPE": "SL", "MATERIAL": "CON"}}, {"type": "Feature", "geometry": {"type": "Point", "coordinates": [-88.14380408163792, 41.77407556651596]}, "properties": {"POLENUMBER": "085071", "SUBTYPE": "SL", "MATERIAL": "AL"}}, {"type": "Feature", "geometry": {"type": "Point", "coordinates": [-88.14364735031856, 41.77438917473822]}, "properties": {"POLENUMBER": "085070", "SUBTYPE": "SL", "MATERIAL": "AL"}}, {"type": "Feature", "geometry": {"type": "Point", "coordinates": [-88.14377279612806, 41.77471532432638]}, "properties": {"POLENUMBER": "085069", "SUBTYPE": "SL", "MATERIAL": "AL"}}, {"type": "Feature", "geometry": {"type": "Point", "coordinates": [-88.14480789166143, 41.779552008416914]}, "properties": {"POLENUMBER": "070075", "SUBTYPE": "SL", "MATERIAL": "CON"}}, {"type": "Feature", "geometry": {"type": "Point", "coordinates": [-88.14270677872739, 41.778376478265415]}, "properties": {"POLENUMBER": "070132", "SUBTYPE": "SL", "MATERIAL": "AL"}}, {"type": "Feature", "geometry": {"type": "Point", "coordinates": [-88.14205731334651, 41.77794978356258]}, "properties": {"POLENUMBER": "070209", "SUBTYPE": "SL", "MATERIAL": "CON"}}, {"type": "Feature", "geometry": {"type": "Point", "coordinates": [-88.14509003431893, 41.77706939501227]}, "properties": {"POLENUMBER": "085015", "SUBTYPE": "SL", "MATERIAL": "AL"}}, {"type": "Feature", "geometry": {"type": "Point", "coordinates": [-88.14637062248863, 41.77706599746706]}, "properties": {"POLENUMBER": "085001", "SUBTYPE": "SL", "MATERIAL": "AL"}}, {"type": "Feature", "geometry": {"type": "Point", "coordinates": [-88.14004920483828, 41.77701360302327]}, "properties": {"POLENUMBER": "085196", "SUBTYPE": "UPL", "MATERIAL": "WD"}}, {"type": "Feature", "geometry": {"type": "Point", "coordinates": [-88.14365072193755, 41.776865375101735]}, "properties": {"POLENUMBER": "085017", "SUBTYPE": "SL", "MATERIAL": "AL"}}, {"type": "Feature", "geometry": {"type": "Point", "coordinates": [-88.14622663418018, 41.776566489846786]}, "properties": {"POLENUMBER": "085002", "SUBTYPE": "SL", "MATERIAL": "AL"}}, {"type": "Feature", "geometry": {"type": "Point", "coordinates": [-88.14495509654735, 41.77655008632951]}, "properties": {"POLENUMBER": "085014", "SUBTYPE": "SL", "MATERIAL": "CON"}}, {"type": "Feature", "geometry": {"type": "Point", "coordinates": [-88.14354161388364, 41.776492791928305]}, "properties": {"POLENUMBER": "085018", "SUBTYPE": "SL", "MATERIAL": "AL"}}, {"type": "Feature", "geometry": {"type": "Point", "coordinates": [-88.14429580656704, 41.77624910491585]}, "properties": {"POLENUMBER": "085200", "SUBTYPE": "UPL", "MATERIAL": "WD"}}, {"type": "Feature", "geometry": {"type": "Point", "coordinates": [-88.14369334774011, 41.77620389880482]}, "properties": {"POLENUMBER": "085019", "SUBTYPE": "SL", "MATERIAL": "AL"}}, {"type": "Feature", "geometry": {"type": "Point", "coordinates": [-88.14642129606301, 41.77609138137849]}, "properties": {"POLENUMBER": "085003", "SUBTYPE": "SL", "MATERIAL": "AL"}}, {"type": "Feature", "geometry": {"type": "Point", "coordinates": [-88.14514317675658, 41.77603451859792]}, "properties": {"POLENUMBER": "085013", "SUBTYPE": "SL", "MATERIAL": "AL"}}, {"type": "Feature", "geometry": {"type": "Point", "coordinates": [-88.14554332534146, 41.776001528554836]}, "properties": {"POLENUMBER": "085012", "SUBTYPE": "SL", "MATERIAL": "AL"}}, {"type": "Feature", "geometry": {"type": "Point", "coordinates": [-88.14697970975489, 41.77593306367216]}, "properties": {"POLENUMBER": "085004", "SUBTYPE": "SL", "MATERIAL": "AL"}}, {"type": "Feature", "geometry": {"type": "Point", "coordinates": [-88.14621988706996, 41.77591116356611]}, "properties": {"POLENUMBER": "085005", "SUBTYPE": "SL", "MATERIAL": "AL"}}, {"type": "Feature", "geometry": {"type": "Point", "coordinates": [-88.14496446250247, 41.77584237082272]}, "properties": {"POLENUMBER": "085011", "SUBTYPE": "SL", "MATERIAL": "AL"}}, {"type": "Feature", "geometry": {"type": "Point", "coordinates": [-88.14358167318947, 41.775800494641345]}, "properties": {"POLENUMBER": "085022", "SUBTYPE": "SL", "MATERIAL": "AL"}}, {"type": "Feature", "geometry": {"type": "Point", "coordinates": [-88.14628045250198, 41.77564607985607]}, "properties": {"POLENUMBER": "085006", "SUBTYPE": "SL", "MATERIAL": "AL"}}, {"type": "Feature", "geometry": {"type": "Point", "coordinates": [-88.14372455351668, 41.77549822541983]}, "properties": {"POLENUMBER": "085023", "SUBTYPE": "SL", "MATERIAL": "AL"}}, {"type": "Feature", "geometry": {"type": "Point", "coordinates": [-88.14646701739925, 41.7751681318076]}, "properties": {"POLENUMBER": "085007", "SUBTYPE": "SL", "MATERIAL": "AL"}}, {"type": "Feature", "geometry": {"type": "Point", "coordinates": [-88.14494294705545, 41.77511432389887]}, "properties": {"POLENUMBER": "085010", "SUBTYPE": "SL", "MATERIAL": "AL"}}, {"type": "Feature", "geometry": {"type": "Point", "coordinates": [-88.14527964174673, 41.775102251495824]}, "properties": {"POLENUMBER": "085009", "SUBTYPE": "SL", "MATERIAL": "AL"}}, {"type": "Feature", "geometry": {"type": "Point", "coordinates": [-88.14362434339718, 41.77509291609077]}, "properties": {"POLENUMBER": "085024", "SUBTYPE": "SL", "MATERIAL": "AL"}}, {"type": "Feature", "geometry": {"type": "Point", "coordinates": [-88.1440659483846, 41.775073007188176]}, "properties": {"POLENUMBER": "085025", "SUBTYPE": "SL", "MATERIAL": "AL"}}, {"type": "Feature", "geometry": {"type": "Point", "coordinates": [-88.14563680635946, 41.77497270056067]}, "properties": {"POLENUMBER": "085008", "SUBTYPE": "SL", "MATERIAL": "AL"}}, {"type": "Feature", "geometry": {"type": "Point", "coordinates": [-88.14445161659191, 41.77495083405138]}, "properties": {"POLENUMBER": "085026", "SUBTYPE": "SL", "MATERIAL": "AL"}}, {"type": "Feature", "geometry": {"type": "Point", "coordinates": [-88.14504970381537, 41.77465068185332]}, "properties": {"POLENUMBER": "085027", "SUBTYPE": "SL", "MATERIAL": "AL"}}, {"type": "Feature", "geometry": {"type": "Point", "coordinates": [-88.1460153055483, 41.77411278285385]}, "properties": {"POLENUMBER": "085029", "SUBTYPE": "SL", "MATERIAL": "CON"}}, {"type": "Feature", "geometry": {"type": "Point", "coordinates": [-88.1452429740946, 41.774100791410966]}, "properties": {"POLENUMBER": "085168", "SUBTYPE": "SL", "MATERIAL": "AL"}}, {"type": "Feature", "geometry": {"type": "Point", "coordinates": [-88.1445591667115, 41.77395520919564]}, "properties": {"POLENUMBER": "085081", "SUBTYPE": "SL", "MATERIAL": "CON"}}, {"type": "Feature", "geometry": {"type": "Point", "coordinates": [-88.12872614015471, 41.77224288208622]}, "properties": {"POLENUMBER": "086073", "SUBTYPE": "SL", "MATERIAL": "AL"}}, {"type": "Feature", "geometry": {"type": "Point", "coordinates": [-88.13288553606452, 41.77155161340406]}, "properties": {"POLENUMBER": "086108", "SUBTYPE": "SL", "MATERIAL": "AL"}}, {"type": "Feature", "geometry": {"type": "Point", "coordinates": [-88.12992905467878, 41.77146640642296]}, "properties": {"POLENUMBER": "086075", "SUBTYPE": "SL", "MATERIAL": "AL"}}, {"type": "Feature", "geometry": {"type": "Point", "coordinates": [-88.12896987297144, 41.77139823669193]}, "properties": {"POLENUMBER": "086074", "SUBTYPE": "SL", "MATERIAL": "AL"}}, {"type": "Feature", "geometry": {"type": "Point", "coordinates": [-88.1345075178264, 41.771196309141196]}, "properties": {"POLENUMBER": "086081", "SUBTYPE": "SL", "MATERIAL": "AL"}}, {"type": "Feature", "geometry": {"type": "Point", "coordinates": [-88.13294543909481, 41.77092053546035]}, "properties": {"POLENUMBER": "086077", "SUBTYPE": "SL", "MATERIAL": "AL"}}, {"type": "Feature", "geometry": {"type": "Point", "coordinates": [-88.1316620808818, 41.770834962111095]}, "properties": {"POLENUMBER": "086078", "SUBTYPE": "SL", "MATERIAL": "CON"}}, {"type": "Feature", "geometry": {"type": "Point", "coordinates": [-88.13042921876719, 41.77072596860585]}, "properties": {"POLENUMBER": "086079", "SUBTYPE": "SL", "MATERIAL": "AL"}}, {"type": "Feature", "geometry": {"type": "Point", "coordinates": [-88.13479861153503, 41.7702728477028]}, "properties": {"POLENUMBER": "086082", "SUBTYPE": "SL", "MATERIAL": "AL"}}, {"type": "Feature", "geometry": {"type": "Point", "coordinates": [-88.1464925549115, 41.784298637832364]}, "properties": {"POLENUMBER": "070001", "SUBTYPE": "SL", "MATERIAL": "AL"}}, {"type": "Feature", "geometry": {"type": "Point", "coordinates": [-88.1457268828343, 41.78425549889964]}, "properties": {"POLENUMBER": "070002", "SUBTYPE": "SL", "MATERIAL": "AL"}}, {"type": "Feature", "geometry": {"type": "Point", "coordinates": [-88.14583886880965, 41.78385137486128]}, "properties": {"POLENUMBER": "070040", "SUBTYPE": "SL", "MATERIAL": "AL"}}, {"type": "Feature", "geometry": {"type": "Point", "coordinates": [-88.14580984221865, 41.78311664156533]}, "properties": {"POLENUMBER": "070039", "SUBTYPE": "SL", "MATERIAL": "AL"}}, {"type": "Feature", "geometry": {"type": "Point", "coordinates": [-88.14668448710968, 41.78302095726189]}, "properties": {"POLENUMBER": "070DTD", "SUBTYPE": "DTD", "MATERIAL": "UNK"}}, {"type": "Feature", "geometry": {"type": "Point", "coordinates": [-88.14591528473743, 41.782628853995774]}, "properties": {"POLENUMBER": "070038", "SUBTYPE": "SL", "MATERIAL": "AL"}}, {"type": "Feature", "geometry": {"type": "Point", "coordinates": [-88.14665543547858, 41.78207266338869]}, "properties": {"POLENUMBER": "070041", "SUBTYPE": "SL", "MATERIAL": "AL"}}, {"type": "Feature", "geometry": {"type": "Point", "coordinates": [-88.14591817828209, 41.78202554997188]}, "properties": {"POLENUMBER": "070177", "SUBTYPE": "UPL", "MATERIAL": "WD"}}, {"type": "Feature", "geometry": {"type": "Point", "coordinates": [-88.1467076774389, 41.780992294845355]}, "properties": {"POLENUMBER": "070043", "SUBTYPE": "SL", "MATERIAL": "CON"}}, {"type": "Feature", "geometry": {"type": "Point", "coordinates": [-88.14642173055536, 41.780672913332296]}, "properties": {"POLENUMBER": "070114", "SUBTYPE": "SL", "MATERIAL": "CON"}}, {"type": "Feature", "geometry": {"type": "Point", "coordinates": [-88.14698130748471, 41.780574858049015]}, "properties": {"POLENUMBER": "070065", "SUBTYPE": "SL", "MATERIAL": "AL"}}, {"type": "Feature", "geometry": {"type": "Point", "coordinates": [-88.14701088678402, 41.780252359075114]}, "properties": {"POLENUMBER": "070206", "SUBTYPE": "SL", "MATERIAL": "CON"}}, {"type": "Feature", "geometry": {"type": "Point", "coordinates": [-88.14622998263174, 41.78032534921432]}, "properties": {"POLENUMBER": "070051", "SUBTYPE": "SL", "MATERIAL": "CON"}}, {"type": "Feature", "geometry": {"type": "Point", "coordinates": [-88.14628873435349, 41.780216435226485]}, "properties": {"POLENUMBER": "070174", "SUBTYPE": "SL", "MATERIAL": "CON"}}, {"type": "Feature", "geometry": {"type": "Point", "coordinates": [-88.14601451044258, 41.78069803649838]}, "properties": {"POLENUMBER": "070067", "SUBTYPE": "UPL", "MATERIAL": "WD"}}, {"type": "Feature", "geometry": {"type": "Point", "coordinates": [-88.14583306310557, 41.780397784583855]}, "properties": {"POLENUMBER": "070246", "SUBTYPE": "SL", "MATERIAL": "CON"}}, {"type": "Feature", "geometry": {"type": "Point", "coordinates": [-88.14568437132056, 41.780419618719954]}, "properties": {"POLENUMBER": "070170", "SUBTYPE": "UPL", "MATERIAL": "WD"}}, {"type": "Feature", "geometry": {"type": "Point", "coordinates": [-88.14524522036592, 41.78036658591418]}, "properties": {"POLENUMBER": "070073", "SUBTYPE": "SL", "MATERIAL": "CON"}}, {"type": "Feature", "geometry": {"type": "Point", "coordinates": [-88.14694722394077, 41.779868083491735]}, "properties": {"POLENUMBER": "070122", "SUBTYPE": "SL", "MATERIAL": "CON"}}, {"type": "Feature", "geometry": {"type": "Point", "coordinates": [-88.1376383747083, 41.7797003205846]}, "properties": {"POLENUMBER": "071049", "SUBTYPE": "SL", "MATERIAL": "AL"}}, {"type": "Feature", "geometry": {"type": "Point", "coordinates": [-88.13768447271445, 41.77922579789119]}, "properties": {"POLENUMBER": "071050", "SUBTYPE": "SL", "MATERIAL": "AL"}}, {"type": "Feature", "geometry": {"type": "Point", "coordinates": [-88.1377462822465, 41.77878121465554]}, "properties": {"POLENUMBER": "071051", "SUBTYPE": "SL", "MATERIAL": "AL"}}, {"type": "Feature", "geometry": {"type": "Point", "coordinates": [-88.13761084221066, 41.778421287083574]}, "properties": {"POLENUMBER": "071084", "SUBTYPE": "UPL", "MATERIAL": "WD"}}, {"type": "Feature", "geometry": {"type": "Point", "coordinates": [-88.13758873914813, 41.778226869996026]}, "properties": {"POLENUMBER": "071054", "SUBTYPE": "SL", "MATERIAL": "AL"}}, {"type": "Feature", "geometry": {"type": "Point", "coordinates": [-88.13794558030462, 41.77809382928718]}, "properties": {"POLENUMBER": "071053", "SUBTYPE": "SL", "MATERIAL": "AL"}}, {"type": "Feature", "geometry": {"type": "Point", "coordinates": [-88.13840320267477, 41.77815588716675]}, "properties": {"POLENUMBER": "071052", "SUBTYPE": "SL", "MATERIAL": "AL"}}, {"type": "Feature", "geometry": {"type": "Point", "coordinates": [-88.13699284547417, 41.77809788544665]}, "properties": {"POLENUMBER": "071055", "SUBTYPE": "SL", "MATERIAL": "AL"}}, {"type": "Feature", "geometry": {"type": "Point", "coordinates": [-88.13786103413915, 41.77769584191307]}, "properties": {"POLENUMBER": "071075", "SUBTYPE": "SL", "MATERIAL": "AL"}}, {"type": "Feature", "geometry": {"type": "Point", "coordinates": [-88.13802389087043, 41.7772604042076]}, "properties": {"POLENUMBER": "071086", "SUBTYPE": "SL", "MATERIAL": "AL"}}, {"type": "Feature", "geometry": {"type": "Point", "coordinates": [-88.13735596073019, 41.777373540028336]}, "properties": {"POLENUMBER": "071087", "SUBTYPE": "SL", "MATERIAL": "CON"}}, {"type": "Feature", "geometry": {"type": "Point", "coordinates": [-88.13650960302991, 41.777374920341906]}, "properties": {"POLENUMBER": "071088", "SUBTYPE": "SL", "MATERIAL": "AL"}}, {"type": "Feature", "geometry": {"type": "Point", "coordinates": [-88.13601028830581, 41.77731753093171]}, "properties": {"POLENUMBER": "071089", "SUBTYPE": "SL", "MATERIAL": "CON"}}, {"type": "Feature", "geometry": {"type": "Point", "coordinates": [-88.13523283415961, 41.77731432656681]}, "properties": {"POLENUMBER": "071067", "SUBTYPE": "SL", "MATERIAL": "AL"}}, {"type": "Feature", "geometry": {"type": "Point", "coordinates": [-88.13661190871451, 41.77762101272228]}, "properties": {"POLENUMBER": "071074", "SUBTYPE": "SL", "MATERIAL": "AL"}}, {"type": "Feature", "geometry": {"type": "Point", "coordinates": [-88.1364742285151, 41.778032666121874]}, "properties": {"POLENUMBER": "071056", "SUBTYPE": "SL", "MATERIAL": "CON"}}, {"type": "Feature", "geometry": {"type": "Point", "coordinates": [-88.13642578622292, 41.77816793742617]}, "properties": {"POLENUMBER": "071057", "SUBTYPE": "SL", "MATERIAL": "AL"}}, {"type": "Feature", "geometry": {"type": "Point", "coordinates": [-88.13575941618218, 41.77804351926272]}, "properties": {"POLENUMBER": "071058", "SUBTYPE": "SL", "MATERIAL": "AL"}}, {"type": "Feature", "geometry": {"type": "Point", "coordinates": [-88.13519342289128, 41.77796940892122]}, "properties": {"POLENUMBER": "071059", "SUBTYPE": "SL", "MATERIAL": "AL"}}, {"type": "Feature", "geometry": {"type": "Point", "coordinates": [-88.13516024884952, 41.77813531117275]}, "properties": {"POLENUMBER": "071060", "SUBTYPE": "SL", "MATERIAL": "AL"}}, {"type": "Feature", "geometry": {"type": "Point", "coordinates": [-88.13533803638994, 41.77759474332753]}, "properties": {"POLENUMBER": "071090", "SUBTYPE": "SL", "MATERIAL": "AL"}}, {"type": "Feature", "geometry": {"type": "Point", "coordinates": [-88.13818444355196, 41.7794189144717]}, "properties": {"POLENUMBER": "071091", "SUBTYPE": "SL", "MATERIAL": "AL"}}, {"type": "Feature", "geometry": {"type": "Point", "coordinates": [-88.13778934354923, 41.777381057308226]}, "properties": {"POLENUMBER": "071085", "SUBTYPE": "SL", "MATERIAL": "AL"}}, {"type": "Feature", "geometry": {"type": "Point", "coordinates": [-88.13327278810273, 41.782857870289284]}, "properties": {"POLENUMBER": "071020", "SUBTYPE": "SL", "MATERIAL": "AL"}}, {"type": "Feature", "geometry": {"type": "Point", "coordinates": [-88.13275529339384, 41.782915532056364]}, "properties": {"POLENUMBER": "071021", "SUBTYPE": "SL", "MATERIAL": "AL"}}, {"type": "Feature", "geometry": {"type": "Point", "coordinates": [-88.13339150122722, 41.78332137198998]}, "properties": {"POLENUMBER": "071019", "SUBTYPE": "SL", "MATERIAL": "AL"}}, {"type": "Feature", "geometry": {"type": "Point", "coordinates": [-88.13328763250611, 41.78383852052649]}, "properties": {"POLENUMBER": "071018", "SUBTYPE": "SL", "MATERIAL": "CON"}}, {"type": "Feature", "geometry": {"type": "Point", "coordinates": [-88.13295337705829, 41.784594516993295]}, "properties": {"POLENUMBER": "071017", "SUBTYPE": "SL", "MATERIAL": "CON"}}, {"type": "Feature", "geometry": {"type": "Point", "coordinates": [-88.13194487934366, 41.78424916632788]}, "properties": {"POLENUMBER": "071025", "SUBTYPE": "SL", "MATERIAL": "CON"}}, {"type": "Feature", "geometry": {"type": "Point", "coordinates": [-88.13209262314119, 41.78385849508562]}, "properties": {"POLENUMBER": "071024", "SUBTYPE": "SL", "MATERIAL": "AL"}}, {"type": "Feature", "geometry": {"type": "Point", "coordinates": [-88.1321336137096, 41.783459135497516]}, "properties": {"POLENUMBER": "071023", "SUBTYPE": "SL", "MATERIAL": "CON"}}, {"type": "Feature", "geometry": {"type": "Point", "coordinates": [-88.13224689315328, 41.78306252877415]}, "properties": {"POLENUMBER": "071022", "SUBTYPE": "SL", "MATERIAL": "AL"}}, {"type": "Feature", "geometry": {"type": "Point", "coordinates": [-88.13201137946294, 41.781838625268485]}, "properties": {"POLENUMBER": "071040", "SUBTYPE": "SL", "MATERIAL": "AL"}}, {"type": "Feature", "geometry": {"type": "Point", "coordinates": [-88.1326426983436, 41.78151436483855]}, "properties": {"POLENUMBER": "071039", "SUBTYPE": "SL", "MATERIAL": "AL"}}, {"type": "Feature", "geometry": {"type": "Point", "coordinates": [-88.1332552358971, 41.78125046995133]}, "properties": {"POLENUMBER": "071038", "SUBTYPE": "SL", "MATERIAL": "AL"}}, {"type": "Feature", "geometry": {"type": "Point", "coordinates": [-88.12992896151775, 41.783274211181045]}, "properties": {"POLENUMBER": "071041", "SUBTYPE": "SL", "MATERIAL": "CON"}}, {"type": "Feature", "geometry": {"type": "Point", "coordinates": [-88.12925238877354, 41.783255256184404]}, "properties": {"POLENUMBER": "071044", "SUBTYPE": "SL", "MATERIAL": "CON"}}, {"type": "Feature", "geometry": {"type": "Point", "coordinates": [-88.12944536492634, 41.782895379991125]}, "properties": {"POLENUMBER": "071043", "SUBTYPE": "SL", "MATERIAL": "CON"}}, {"type": "Feature", "geometry": {"type": "Point", "coordinates": [-88.1298478524199, 41.78264924297608]}, "properties": {"POLENUMBER": "071042", "SUBTYPE": "SL", "MATERIAL": "CON"}}, {"type": "Feature", "geometry": {"type": "Point", "coordinates": [-88.13330663398251, 41.77819168314504]}, "properties": {"POLENUMBER": "071061", "SUBTYPE": "SL", "MATERIAL": "AL"}}, {"type": "Feature", "geometry": {"type": "Point", "coordinates": [-88.13319521779073, 41.7787614667612]}, "properties": {"POLENUMBER": "071062", "SUBTYPE": "SL", "MATERIAL": "CON"}}, {"type": "Feature", "geometry": {"type": "Point", "coordinates": [-88.13306276642118, 41.77951172284016]}, "properties": {"POLENUMBER": "071063", "SUBTYPE": "SL", "MATERIAL": "CON"}}, {"type": "Feature", "geometry": {"type": "Point", "coordinates": [-88.13214771437706, 41.779792897522086]}, "properties": {"POLENUMBER": "071064", "SUBTYPE": "SL", "MATERIAL": "CON"}}, {"type": "Feature", "geometry": {"type": "Point", "coordinates": [-88.13107696984582, 41.779400255441345]}, "properties": {"POLENUMBER": "071065", "SUBTYPE": "SL", "MATERIAL": "CON"}}, {"type": "Feature", "geometry": {"type": "Point", "coordinates": [-88.12960098779152, 41.779613103534]}, "properties": {"POLENUMBER": "071066", "SUBTYPE": "SL", "MATERIAL": "CON"}}, {"type": "Feature", "geometry": {"type": "Point", "coordinates": [-88.12958165109983, 41.77911961445321]}, "properties": {"POLENUMBER": "071068", "SUBTYPE": "SL", "MATERIAL": "CON"}}, {"type": "Feature", "geometry": {"type": "Point", "coordinates": [-88.12956191373218, 41.778625493461554]}, "properties": {"POLENUMBER": "071069", "SUBTYPE": "SL", "MATERIAL": "CON"}}, {"type": "Feature", "geometry": {"type": "Point", "coordinates": [-88.12953629984986, 41.77815102773466]}, "properties": {"POLENUMBER": "071070", "SUBTYPE": "SL", "MATERIAL": "CON"}}, {"type": "Feature", "geometry": {"type": "Point", "coordinates": [-88.12978005818263, 41.77803475478102]}, "properties": {"POLENUMBER": "071071", "SUBTYPE": "SL", "MATERIAL": "CON"}}, {"type": "Feature", "geometry": {"type": "Point", "coordinates": [-88.1308999546001, 41.77800240263314]}, "properties": {"POLENUMBER": "071073", "SUBTYPE": "SL", "MATERIAL": "CON"}}, {"type": "Feature", "geometry": {"type": "Point", "coordinates": [-88.12967122194168, 41.77770519009244]}, "properties": {"POLENUMBER": "071072", "SUBTYPE": "SL", "MATERIAL": "CON"}}, {"type": "Feature", "geometry": {"type": "Point", "coordinates": [-88.1290054892791, 41.77374717361223]}, "properties": {"POLENUMBER": "086072", "SUBTYPE": "SL", "MATERIAL": "AL"}}, {"type": "Feature", "geometry": {"type": "Point", "coordinates": [-88.12909422176173, 41.77430428479662]}, "properties": {"POLENUMBER": "086071", "SUBTYPE": "SL", "MATERIAL": "AL"}}, {"type": "Feature", "geometry": {"type": "Point", "coordinates": [-88.12906589106976, 41.77463423218477]}, "properties": {"POLENUMBER": "086035", "SUBTYPE": "SL", "MATERIAL": "AL"}}, {"type": "Feature", "geometry": {"type": "Point", "coordinates": [-88.12947099069228, 41.77507081511755]}, "properties": {"POLENUMBER": "086100", "SUBTYPE": "SL", "MATERIAL": "CON"}}, {"type": "Feature", "geometry": {"type": "Point", "coordinates": [-88.1300732266944, 41.77489586193488]}, "properties": {"POLENUMBER": "086036", "SUBTYPE": "SL", "MATERIAL": "CON"}}, {"type": "Feature", "geometry": {"type": "Point", "coordinates": [-88.13064902387961, 41.774779971434995]}, "properties": {"POLENUMBER": "086090", "SUBTYPE": "SL", "MATERIAL": "CON"}}, {"type": "Feature", "geometry": {"type": "Point", "coordinates": [-88.13063871690127, 41.775515072339964]}, "properties": {"POLENUMBER": "086006", "SUBTYPE": "SL", "MATERIAL": "CON"}}, {"type": "Feature", "geometry": {"type": "Point", "coordinates": [-88.13166252114235, 41.77543418822083]}, "properties": {"POLENUMBER": "086009", "SUBTYPE": "SL", "MATERIAL": "CON"}}, {"type": "Feature", "geometry": {"type": "Point", "coordinates": [-88.13135096282149, 41.77599839311613]}, "properties": {"POLENUMBER": "086008", "SUBTYPE": "SL", "MATERIAL": "CON"}}, {"type": "Feature", "geometry": {"type": "Point", "coordinates": [-88.13084866103881, 41.77624276798959]}, "properties": {"POLENUMBER": "086007", "SUBTYPE": "SL", "MATERIAL": "CON"}}, {"type": "Feature", "geometry": {"type": "Point", "coordinates": [-88.13013004860211, 41.7762673783921]}, "properties": {"POLENUMBER": "086005", "SUBTYPE": "SL", "MATERIAL": "CON"}}, {"type": "Feature", "geometry": {"type": "Point", "coordinates": [-88.12960603466455, 41.77607217983498]}, "properties": {"POLENUMBER": "086052", "SUBTYPE": "SL", "MATERIAL": "CON"}}, {"type": "Feature", "geometry": {"type": "Point", "coordinates": [-88.12945586951375, 41.776424695711654]}, "properties": {"POLENUMBER": "086004", "SUBTYPE": "SL", "MATERIAL": "CON"}}, {"type": "Feature", "geometry": {"type": "Point", "coordinates": [-88.12941041228991, 41.775619433372576]}, "properties": {"POLENUMBER": "086099", "SUBTYPE": "SL", "MATERIAL": "CON"}}, {"type": "Feature", "geometry": {"type": "Point", "coordinates": [-88.13194953804879, 41.775939755176246]}, "properties": {"POLENUMBER": "086010", "SUBTYPE": "SL", "MATERIAL": "CON"}}, {"type": "Feature", "geometry": {"type": "Point", "coordinates": [-88.13207926032092, 41.7764632125798]}, "properties": {"POLENUMBER": "086011", "SUBTYPE": "SL", "MATERIAL": "CON"}}, {"type": "Feature", "geometry": {"type": "Point", "coordinates": [-88.12962972483908, 41.77689145721594]}, "properties": {"POLENUMBER": "086003", "SUBTYPE": "SL", "MATERIAL": "CON"}}, {"type": "Feature", "geometry": {"type": "Point", "coordinates": [-88.13047881061838, 41.777256798208526]}, "properties": {"POLENUMBER": "086002", "SUBTYPE": "SL", "MATERIAL": "CON"}}, {"type": "Feature", "geometry": {"type": "Point", "coordinates": [-88.13256339967478, 41.77541142379918]}, "properties": {"POLENUMBER": "086102", "SUBTYPE": "SL", "MATERIAL": "CON"}}, {"type": "Feature", "geometry": {"type": "Point", "coordinates": [-88.13300896598118, 41.775840753065886]}, "properties": {"POLENUMBER": "086098", "SUBTYPE": "SL", "MATERIAL": "CON"}}, {"type": "Feature", "geometry": {"type": "Point", "coordinates": [-88.14355340652831, 41.77493003386131]}, "properties": {"POLENUMBER": "085068", "SUBTYPE": "SL", "MATERIAL": "AL"}}, {"type": "Feature", "geometry": {"type": "Point", "coordinates": [-88.14314876880105, 41.77504647688128]}, "properties": {"POLENUMBER": "085066", "SUBTYPE": "SL", "MATERIAL": "AL"}}, {"type": "Feature", "geometry": {"type": "Point", "coordinates": [-88.14315133974779, 41.77401331713856]}, "properties": {"POLENUMBER": "085082", "SUBTYPE": "SL", "MATERIAL": "AL"}}, {"type": "Feature", "geometry": {"type": "Point", "coordinates": [-88.14237818659191, 41.77453847662092]}, "properties": {"POLENUMBER": "085064", "SUBTYPE": "SL", "MATERIAL": "AL"}}, {"type": "Feature", "geometry": {"type": "Point", "coordinates": [-88.14226553725479, 41.77420180892501]}, "properties": {"POLENUMBER": "085062", "SUBTYPE": "SL", "MATERIAL": "AL"}}, {"type": "Feature", "geometry": {"type": "Point", "coordinates": [-88.14235163858714, 41.775170640088746]}, "properties": {"POLENUMBER": "085085", "SUBTYPE": "SL", "MATERIAL": "AL"}}, {"type": "Feature", "geometry": {"type": "Point", "coordinates": [-88.14232457585297, 41.77576611100245]}, "properties": {"POLENUMBER": "085087", "SUBTYPE": "SL", "MATERIAL": "AL"}}, {"type": "Feature", "geometry": {"type": "Point", "coordinates": [-88.14269149169847, 41.77390662449264]}, "properties": {"POLENUMBER": "085084", "SUBTYPE": "SL", "MATERIAL": "AL"}}, {"type": "Feature", "geometry": {"type": "Point", "coordinates": [-88.1424158267702, 41.77386103329558]}, "properties": {"POLENUMBER": "085060", "SUBTYPE": "SL", "MATERIAL": "AL"}}, {"type": "Feature", "geometry": {"type": "Point", "coordinates": [-88.14230022555863, 41.773507362715705]}, "properties": {"POLENUMBER": "085058", "SUBTYPE": "SL", "MATERIAL": "AL"}}, {"type": "Feature", "geometry": {"type": "Point", "coordinates": [-88.14245124965946, 41.77315430995362]}, "properties": {"POLENUMBER": "085059", "SUBTYPE": "SL", "MATERIAL": "AL"}}, {"type": "Feature", "geometry": {"type": "Point", "coordinates": [-88.14233774766758, 41.772833695225216]}, "properties": {"POLENUMBER": "085057", "SUBTYPE": "SL", "MATERIAL": "AL"}}, {"type": "Feature", "geometry": {"type": "Point", "coordinates": [-88.14253143058629, 41.77271952402878]}, "properties": {"POLENUMBER": "085056", "SUBTYPE": "SL", "MATERIAL": "AL"}}, {"type": "Feature", "geometry": {"type": "Point", "coordinates": [-88.1424901706856, 41.772503121388084]}, "properties": {"POLENUMBER": "085055", "SUBTYPE": "SL", "MATERIAL": "AL"}}, {"type": "Feature", "geometry": {"type": "Point", "coordinates": [-88.14273274466326, 41.772194459626306]}, "properties": {"POLENUMBER": "085053", "SUBTYPE": "SL", "MATERIAL": "AL"}}, {"type": "Feature", "geometry": {"type": "Point", "coordinates": [-88.14292282948236, 41.772031652210316]}, "properties": {"POLENUMBER": "085052", "SUBTYPE": "SL", "MATERIAL": "AL"}}, {"type": "Feature", "geometry": {"type": "Point", "coordinates": [-88.14320897175902, 41.77211330292461]}, "properties": {"POLENUMBER": "085051", "SUBTYPE": "SL", "MATERIAL": "AL"}}, {"type": "Feature", "geometry": {"type": "Point", "coordinates": [-88.14337774347041, 41.77195471370334]}, "properties": {"POLENUMBER": "085050", "SUBTYPE": "SL", "MATERIAL": "AL"}}, {"type": "Feature", "geometry": {"type": "Point", "coordinates": [-88.14370635467652, 41.77203061523374]}, "properties": {"POLENUMBER": "085048", "SUBTYPE": "SL", "MATERIAL": "AL"}}, {"type": "Feature", "geometry": {"type": "Point", "coordinates": [-88.14376610138103, 41.77212061790668]}, "properties": {"POLENUMBER": "085049", "SUBTYPE": "SL", "MATERIAL": "CON"}}, {"type": "Feature", "geometry": {"type": "Point", "coordinates": [-88.14400555325143, 41.77184899647463]}, "properties": {"POLENUMBER": "085047", "SUBTYPE": "SL", "MATERIAL": "AL"}}, {"type": "Feature", "geometry": {"type": "Point", "coordinates": [-88.14424786286737, 41.7719395183851]}, "properties": {"POLENUMBER": "085046", "SUBTYPE": "SL", "MATERIAL": "AL"}}, {"type": "Feature", "geometry": {"type": "Point", "coordinates": [-88.14465538681398, 41.77187083959026]}, "properties": {"POLENUMBER": "085044", "SUBTYPE": "SL", "MATERIAL": "AL"}}, {"type": "Feature", "geometry": {"type": "Point", "coordinates": [-88.14509592633216, 41.77179425512516]}, "properties": {"POLENUMBER": "085042", "SUBTYPE": "SL", "MATERIAL": "AL"}}, {"type": "Feature", "geometry": {"type": "Point", "coordinates": [-88.14533336800844, 41.772371855761385]}, "properties": {"POLENUMBER": "085149", "SUBTYPE": "SL", "MATERIAL": "CON"}}, {"type": "Feature", "geometry": {"type": "Point", "coordinates": [-88.14518551473968, 41.77207270268801]}, "properties": {"POLENUMBER": "085150", "SUBTYPE": "SL", "MATERIAL": "CON"}}, {"type": "Feature", "geometry": {"type": "Point", "coordinates": [-88.14516131532982, 41.772643610153395]}, "properties": {"POLENUMBER": "085148", "SUBTYPE": "SL", "MATERIAL": "CON"}}, {"type": "Feature", "geometry": {"type": "Point", "coordinates": [-88.14507548952412, 41.77279051793819]}, "properties": {"POLENUMBER": "085080", "SUBTYPE": "SL", "MATERIAL": "CON"}}, {"type": "Feature", "geometry": {"type": "Point", "coordinates": [-88.14411911522338, 41.77276287592391]}, "properties": {"POLENUMBER": "085078", "SUBTYPE": "SL", "MATERIAL": "CON"}}, {"type": "Feature", "geometry": {"type": "Point", "coordinates": [-88.14391711528339, 41.772340357780976]}, "properties": {"POLENUMBER": "085152", "SUBTYPE": "SL", "MATERIAL": "CON"}}, {"type": "Feature", "geometry": {"type": "Point", "coordinates": [-88.14457758864374, 41.772898732415904]}, "properties": {"POLENUMBER": "085079", "SUBTYPE": "SL", "MATERIAL": "CON"}}, {"type": "Feature", "geometry": {"type": "Point", "coordinates": [-88.14374054364245, 41.77264572849667]}, "properties": {"POLENUMBER": "085153", "SUBTYPE": "SL", "MATERIAL": "CON"}}, {"type": "Feature", "geometry": {"type": "Point", "coordinates": [-88.14531673755205, 41.77295757490135]}, "properties": {"POLENUMBER": "085031", "SUBTYPE": "SL", "MATERIAL": "CON"}}, {"type": "Feature", "geometry": {"type": "Point", "coordinates": [-88.14572487966305, 41.77293036051219]}, "properties": {"POLENUMBER": "085032", "SUBTYPE": "SL", "MATERIAL": "CON"}}, {"type": "Feature", "geometry": {"type": "Point", "coordinates": [-88.14510868570218, 41.7735116136509]}, "properties": {"POLENUMBER": "085030", "SUBTYPE": "SL", "MATERIAL": "CON"}}, {"type": "Feature", "geometry": {"type": "Point", "coordinates": [-88.14387339615632, 41.77292057133795]}, "properties": {"POLENUMBER": "085077", "SUBTYPE": "SL", "MATERIAL": "AL"}}, {"type": "Feature", "geometry": {"type": "Point", "coordinates": [-88.14370458242365, 41.77317995965779]}, "properties": {"POLENUMBER": "085074", "SUBTYPE": "SL", "MATERIAL": "AL"}}, {"type": "Feature", "geometry": {"type": "Point", "coordinates": [-88.14384394270101, 41.77343645392455]}, "properties": {"POLENUMBER": "085075", "SUBTYPE": "SL", "MATERIAL": "AL"}}, {"type": "Feature", "geometry": {"type": "Point", "coordinates": [-88.14367662249572, 41.77372361727218]}, "properties": {"POLENUMBER": "085073", "SUBTYPE": "SL", "MATERIAL": "AL"}}, {"type": "Feature", "geometry": {"type": "Point", "coordinates": [-88.14361974004994, 41.77393014249937]}, "properties": {"POLENUMBER": "085072", "SUBTYPE": "SL", "MATERIAL": "AL"}}, {"type": "Feature", "geometry": {"type": "Point", "coordinates": [-88.14363903534678, 41.77285393673342]}, "properties": {"POLENUMBER": "085016", "SUBTYPE": "SL", "MATERIAL": "AL"}}, {"type": "Feature", "geometry": {"type": "Point", "coordinates": [-88.14237734924147, 41.77212652404206]}, "properties": {"POLENUMBER": "085054", "SUBTYPE": "SL", "MATERIAL": "AL"}}, {"type": "Feature", "geometry": {"type": "Point", "coordinates": [-88.14559857262775, 41.77398464352577]}, "properties": {"POLENUMBER": "085167", "SUBTYPE": "SL", "MATERIAL": "CON"}}, {"type": "Feature", "geometry": {"type": "Point", "coordinates": [-88.14409064616653, 41.77403831273662]}, "properties": {"POLENUMBER": "085169", "SUBTYPE": "SL", "MATERIAL": "CON"}}, {"type": "Feature", "geometry": {"type": "Point", "coordinates": [-88.1449700304072, 41.774054925382444]}, "properties": {"POLENUMBER": "085028", "SUBTYPE": "SL", "MATERIAL": "AL"}}, {"type": "Feature", "geometry": {"type": "Point", "coordinates": [-88.1463479700301, 41.77282322273107]}, "properties": {"POLENUMBER": "085034", "SUBTYPE": "SL", "MATERIAL": "AL"}}, {"type": "Feature", "geometry": {"type": "Point", "coordinates": [-88.14708296684466, 41.77298841612298]}, "properties": {"POLENUMBER": "085035", "SUBTYPE": "SL", "MATERIAL": "AL"}}, {"type": "Feature", "geometry": {"type": "Point", "coordinates": [-88.14650253360986, 41.77153068788355]}, "properties": {"POLENUMBER": "085DEV", "SUBTYPE": "SL", "MATERIAL": "AL"}}, {"type": "Feature", "geometry": {"type": "Point", "coordinates": [-88.1462720442645, 41.77167808965263]}, "properties": {"POLENUMBER": "085037", "SUBTYPE": "SL", "MATERIAL": "AL"}}, {"type": "Feature", "geometry": {"type": "Point", "coordinates": [-88.1459987863608, 41.77156243649583]}, "properties": {"POLENUMBER": "085038", "SUBTYPE": "SL", "MATERIAL": "AL"}}, {"type": "Feature", "geometry": {"type": "Point", "coordinates": [-88.14571647536002, 41.771712995753134]}, "properties": {"POLENUMBER": "085039", "SUBTYPE": "SL", "MATERIAL": "AL"}}, {"type": "Feature", "geometry": {"type": "Point", "coordinates": [-88.14534003110283, 41.77163413964368]}, "properties": {"POLENUMBER": "085040", "SUBTYPE": "SL", "MATERIAL": "AL"}}, {"type": "Feature", "geometry": {"type": "Point", "coordinates": [-88.14485127260217, 41.771703099099405]}, "properties": {"POLENUMBER": "085043", "SUBTYPE": "SL", "MATERIAL": "AL"}}, {"type": "Feature", "geometry": {"type": "Point", "coordinates": [-88.144345770264, 41.77179035314909]}, "properties": {"POLENUMBER": "085045", "SUBTYPE": "SL", "MATERIAL": "AL"}}, {"type": "Feature", "geometry": {"type": "Point", "coordinates": [-88.14378341689213, 41.77139433605092]}, "properties": {"POLENUMBER": "085DTD", "SUBTYPE": "DTD", "MATERIAL": "UNK"}}, {"type": "Feature", "geometry": {"type": "Point", "coordinates": [-88.14346948529764, 41.7709832893217]}, "properties": {"POLENUMBER": "085154", "SUBTYPE": "SL", "MATERIAL": "AL"}}, {"type": "Feature", "geometry": {"type": "Point", "coordinates": [-88.14215829960067, 41.77109234788119]}, "properties": {"POLENUMBER": "085156", "SUBTYPE": "SL", "MATERIAL": "AL"}}, {"type": "Feature", "geometry": {"type": "Point", "coordinates": [-88.1402591930263, 41.77014787167161]}, "properties": {"POLENUMBER": "085158", "SUBTYPE": "SL", "MATERIAL": "AL"}}, {"type": "Feature", "geometry": {"type": "Point", "coordinates": [-88.14220737998608, 41.77227994980801]}, "properties": {"POLENUMBER": "085202", "SUBTYPE": "SL", "MATERIAL": "AL"}}, {"type": "Feature", "geometry": {"type": "Point", "coordinates": [-88.14191661944915, 41.77219798728553]}, "properties": {"POLENUMBER": "085076", "SUBTYPE": "SL", "MATERIAL": "AL"}}, {"type": "Feature", "geometry": {"type": "Point", "coordinates": [-88.14166204253982, 41.77237468071992]}, "properties": {"POLENUMBER": "085107", "SUBTYPE": "SL", "MATERIAL": "AL"}}, {"type": "Feature", "geometry": {"type": "Point", "coordinates": [-88.1415120278809, 41.77226495956721]}, "properties": {"POLENUMBER": "085106", "SUBTYPE": "SL", "MATERIAL": "AL"}}, {"type": "Feature", "geometry": {"type": "Point", "coordinates": [-88.14118190108617, 41.77245192768123]}, "properties": {"POLENUMBER": "085105", "SUBTYPE": "SL", "MATERIAL": "AL"}}, {"type": "Feature", "geometry": {"type": "Point", "coordinates": [-88.1408279708313, 41.77238398975779]}, "properties": {"POLENUMBER": "085155", "SUBTYPE": "SL", "MATERIAL": "AL"}}, {"type": "Feature", "geometry": {"type": "Point", "coordinates": [-88.14067940412912, 41.772538464724164]}, "properties": {"POLENUMBER": "085103", "SUBTYPE": "SL", "MATERIAL": "AL"}}, {"type": "Feature", "geometry": {"type": "Point", "coordinates": [-88.1404411283596, 41.77244851830394]}, "properties": {"POLENUMBER": "085102", "SUBTYPE": "SL", "MATERIAL": "AL"}}, {"type": "Feature", "geometry": {"type": "Point", "coordinates": [-88.14016780599533, 41.77262775648749]}, "properties": {"POLENUMBER": "085101", "SUBTYPE": "SL", "MATERIAL": "AL"}}, {"type": "Feature", "geometry": {"type": "Point", "coordinates": [-88.13991285325625, 41.77253703993351]}, "properties": {"POLENUMBER": "085100", "SUBTYPE": "SL", "MATERIAL": "AL"}}, {"type": "Feature", "geometry": {"type": "Point", "coordinates": [-88.14093959225609, 41.7725374304269]}, "properties": {"POLENUMBER": "085170", "SUBTYPE": "SL", "MATERIAL": "AL"}}, {"type": "Feature", "geometry": {"type": "Point", "coordinates": [-88.14105279545632, 41.77300109590763]}, "properties": {"POLENUMBER": "085141", "SUBTYPE": "SL", "MATERIAL": "CON"}}, {"type": "Feature", "geometry": {"type": "Point", "coordinates": [-88.1408984845636, 41.77345782095807]}, "properties": {"POLENUMBER": "085142", "SUBTYPE": "SL", "MATERIAL": "AL"}}, {"type": "Feature", "geometry": {"type": "Point", "coordinates": [-88.14087291714885, 41.77383089529515]}, "properties": {"POLENUMBER": "085112", "SUBTYPE": "SL", "MATERIAL": "AL"}}, {"type": "Feature", "geometry": {"type": "Point", "coordinates": [-88.14179106984365, 41.77388319940293]}, "properties": {"POLENUMBER": "085110", "SUBTYPE": "SL", "MATERIAL": "AL"}}, {"type": "Feature", "geometry": {"type": "Point", "coordinates": [-88.14221282467332, 41.77399021674637]}, "properties": {"POLENUMBER": "085061", "SUBTYPE": "SL", "MATERIAL": "AL"}}, {"type": "Feature", "geometry": {"type": "Point", "coordinates": [-88.14127824032329, 41.773964096338126]}, "properties": {"POLENUMBER": "085111", "SUBTYPE": "SL", "MATERIAL": "CON"}}, {"type": "Feature", "geometry": {"type": "Point", "coordinates": [-88.14006960425893, 41.77393111417361]}, "properties": {"POLENUMBER": "085113", "SUBTYPE": "SL", "MATERIAL": "AL"}}, {"type": "Feature", "geometry": {"type": "Point", "coordinates": [-88.13959899251334, 41.77394346688449]}, "properties": {"POLENUMBER": "085114", "SUBTYPE": "SL", "MATERIAL": "AL"}}, {"type": "Feature", "geometry": {"type": "Point", "coordinates": [-88.1394730943446, 41.77378704766808]}, "properties": {"POLENUMBER": "085115", "SUBTYPE": "SL", "MATERIAL": "AL"}}, {"type": "Feature", "geometry": {"type": "Point", "coordinates": [-88.13949997802455, 41.77333301872712]}, "properties": {"POLENUMBER": "085139", "SUBTYPE": "SL", "MATERIAL": "AL"}}, {"type": "Feature", "geometry": {"type": "Point", "coordinates": [-88.13965958170554, 41.7728744659279]}, "properties": {"POLENUMBER": "085093", "SUBTYPE": "SL", "MATERIAL": "AL"}}, {"type": "Feature", "geometry": {"type": "Point", "coordinates": [-88.13974193357926, 41.77269943526827]}, "properties": {"POLENUMBER": "085099", "SUBTYPE": "SL", "MATERIAL": "AL"}}, {"type": "Feature", "geometry": {"type": "Point", "coordinates": [-88.13943827696987, 41.772615166828295]}, "properties": {"POLENUMBER": "085098", "SUBTYPE": "SL", "MATERIAL": "AL"}}, {"type": "Feature", "geometry": {"type": "Point", "coordinates": [-88.1410028520002, 41.77398560364174]}, "properties": {"POLENUMBER": "085083", "SUBTYPE": "SL", "MATERIAL": "CON"}}, {"type": "Feature", "geometry": {"type": "Point", "coordinates": [-88.13911062477855, 41.77280534295036]}, "properties": {"POLENUMBER": "085097", "SUBTYPE": "SL", "MATERIAL": "AL"}}, {"type": "Feature", "geometry": {"type": "Point", "coordinates": [-88.13924765496567, 41.77157856349825]}, "properties": {"POLENUMBER": "085160", "SUBTYPE": "SL", "MATERIAL": "AL"}}, {"type": "Feature", "geometry": {"type": "Point", "coordinates": [-88.13912506238746, 41.77115463405027]}, "properties": {"POLENUMBER": "085161", "SUBTYPE": "SL", "MATERIAL": "AL"}}, {"type": "Feature", "geometry": {"type": "Point", "coordinates": [-88.14084691726383, 41.774507819196565]}, "properties": {"POLENUMBER": "085143", "SUBTYPE": "SL", "MATERIAL": "AL"}}, {"type": "Feature", "geometry": {"type": "Point", "coordinates": [-88.13944683170445, 41.77444928857381]}, "properties": {"POLENUMBER": "085138", "SUBTYPE": "SL", "MATERIAL": "AL"}}, {"type": "Feature", "geometry": {"type": "Point", "coordinates": [-88.1386204240341, 41.77179422080903]}, "properties": {"POLENUMBER": "085187", "SUBTYPE": "SL", "MATERIAL": "AL"}}, {"type": "Feature", "geometry": {"type": "Point", "coordinates": [-88.13885567010243, 41.772715528916265]}, "properties": {"POLENUMBER": "085096", "SUBTYPE": "SL", "MATERIAL": "AL"}}], "exceededTransferLimit": true}