{"type": "FeatureCollection", "features": [{"type": "Feature", "id": 22081197, "properties": {"osm_id": 22081197, "osm_type": "way", "highway": "service"}, "geometry": {"type": "MultiLineString", "coordinates": [[[-88.1093498, 41.7758856], [-88.1092234, 41.7759067], [-88.1082233, 41.7759348]], [[-88.1082233, 41.7759348], [-88.1082257, 41.7760187], [-88.1082049, 41.776038], [-88.1076322, 41.7760475], [-88.107591, 41.7760297], [-88.1075818, 41.7760107], [-88.1075783, 41.7758951], [-88.107591, 41.775866], [-88.1076179, 41.7758466], [-88.1076474, 41.7758428], [-88.1081718, 41.7758387], [-88.1081998, 41.7758523], [-88.1082191, 41.7758724], [-88.1082233, 41.7759348]]]}}, {"type": "Feature", "id": 22081612, "properties": {"osm_id": 22081612, "osm_type": "way", "highway": "residential", "name": "Appaloosa Drive"}, "geometry": {"type": "LineString", "coordinates": [[-88.095896, 41.74508], [-88.0957913, 41.7450542], [-88.094307, 41.744689], [-88.094235, 41.744658], [-88.094205, 41.744641], [-88.094159, 41.744596], [-88.094121, 41.744511], [-88.094106, 41.744419], [-88.0940401, 41.7430127], [-88.094037, 41.742947], [-88.0940338, 41.7428784], [-88.094004, 41.742229], [-88.09401, 41.742184], [-88.09402, 41.742153], [-88.094044, 41.74211], [-88.094071, 41.742076], [-88.094114, 41.742035], [-88.0941423, 41.7420174], [-88.094164, 41.742004], [-88.09421, 41.741985], [-88.094277, 41.741968], [-88.094346, 41.741961], [-88.094422, 41.741965], [-88.095333, 41.742135], [-88.095443, 41.742151], [-88.095568, 41.742152], [-88.0958839, 41.7421428], [-88.096012, 41.742139]]}}, {"type": "Feature", "id": 22081994, "properties": {"osm_id": 22081994, "osm_type": "way", "highway": "residential", "maxspeed": "25 mph", "name": "Green Trails Drive"}, "geometry": {"type": "LineString", "coordinates": [[-88.1128308, 41.7656036], [-88.11270757368885, 41.76560758434945]]}}, {"type": "Feature", "id": 22082033, "properties": {"osm_id": 22082033, "osm_type": "way", "highway": "residential", "lanes": "2", "maxspeed": "25 mph", "name": "Rutgers Court", "oneway": "no"}, "geometry": {"type": "LineString", "coordinates": [[-88.10408, 41.738795], [-88.1039853, 41.7388294], [-88.10367, 41.738944], [-88.103477, 41.739009], [-88.103405, 41.739027], [-88.103185, 41.739062], [-88.103153, 41.739076], [-88.103121, 41.739097], [-88.103099, 41.739129], [-88.103093, 41.739171], [-88.1031, 41.739223], [-88.103106, 41.739633], [-88.103119, 41.739671], [-88.103142, 41.739702], [-88.103172, 41.73973], [-88.103236, 41.739762], [-88.103278, 41.739771], [-88.103356, 41.73978], [-88.103504, 41.739797]]}}, {"type": "Feature", "id": 22082432, "properties": {"osm_id": 22082432, "osm_type": "way", "highway": "residential", "name": "Pathway Drive"}, "geometry": {"type": "LineString", "coordinates": [[-88.09993408149104, 41.73047790585455], [-88.099906, 41.730477], [-88.099823, 41.730468], [-88.099683, 41.730439], [-88.099554, 41.730398], [-88.099452, 41.730355], [-88.099339, 41.730294], [-88.0992867, 41.7302567], [-88.099262, 41.730239], [-88.099219, 41.7302], [-88.0991672, 41.730144], [-88.099144, 41.730119], [-88.099092, 41.730049], [-88.099053, 41.729983], [-88.099018, 41.729901], [-88.098993, 41.729808], [-88.098983, 41.729742], [-88.098973, 41.729407], [-88.0989711, 41.7293415], [-88.09895859458545, 41.728902814043316]]}}, {"type": "Feature", "id": 22082747, "properties": {"osm_id": 22082747, "osm_type": "way", "highway": "residential", "lanes": "2", "name": "Tall Oaks Court"}, "geometry": {"type": "LineString", "coordinates": [[-88.100591, 41.7541378], [-88.1005022, 41.7541533], [-88.10026, 41.754181], [-88.100159, 41.754191], [-88.100103, 41.754192], [-88.099987, 41.754179], [-88.099917, 41.754162], [-88.099825, 41.754125], [-88.09974, 41.754074], [-88.099704, 41.754045], [-88.099639, 41.753972], [-88.099603, 41.753908], [-88.09958, 41.753831], [-88.099572, 41.753677], [-88.0995852, 41.7535714]]}}, {"type": "Feature", "id": 22082857, "properties": {"osm_id": 22082857, "osm_type": "way", "highway": "residential", "lanes": "2", "name": "Sussex Court"}, "geometry": {"type": "LineString", "coordinates": [[-88.1171827, 41.7754345], [-88.1171103, 41.7753779], [-88.117, 41.775289], [-88.116771, 41.775094], [-88.116513, 41.774842]]}}, {"type": "Feature", "id": 22082860, "properties": {"osm_id": 22082860, "osm_type": "way", "highway": "residential", "lanes": "2", "name": "Rockbridge Road"}, "geometry": {"type": "LineString", "coordinates": [[-88.116179, 41.762771], [-88.1161758, 41.7626982], [-88.116139, 41.761858], [-88.116131, 41.761766], [-88.116115, 41.761674], [-88.116088, 41.761573], [-88.116043, 41.761459], [-88.116, 41.761369], [-88.115894, 41.761171], [-88.115859, 41.761116], [-88.115821, 41.761068], [-88.115727, 41.760987], [-88.115632, 41.760932], [-88.115525, 41.760891], [-88.115425, 41.760866], [-88.114688, 41.760747], [-88.114479, 41.760727], [-88.114252, 41.760724], [-88.1132468, 41.7607597], [-88.1132224, 41.7607605], [-88.1131322, 41.760761]]}}, {"type": "Feature", "id": 22082945, "properties": {"osm_id": 22082945, "osm_type": "way", "highway": "residential", "name": "Yackley Avenue"}, "geometry": {"type": "LineString", "coordinates": [[-88.088737, 41.74568], [-88.0887336, 41.745608], [-88.088717, 41.7452518], [-88.0887104, 41.7451103], [-88.0886919, 41.744715], [-88.0886859, 41.744587], [-88.0886723, 41.7442962], [-88.0885725, 41.7421615], [-88.0885712, 41.7421338], [-88.088567, 41.742045]]}}, {"type": "Feature", "id": 22083213, "properties": {"osm_id": 22083213, "osm_type": "way", "highway": "residential", "name": "Siebert Court"}, "geometry": {"type": "MultiLineString", "coordinates": [[[-88.099177, 41.745467], [-88.09918, 41.7455556], [-88.099208, 41.746377], [-88.099231, 41.746471], [-88.09925, 41.746512], [-88.099294, 41.746574], [-88.099359, 41.746637], [-88.099441, 41.746691], [-88.099547, 41.746734], [-88.0996917, 41.7467715]], [[-88.0996917, 41.7467715], [-88.09991, 41.746828], [-88.1000165, 41.746831], [-88.1000733, 41.7467819], [-88.1000733, 41.7467218], [-88.1000197, 41.7466898], [-88.0999339, 41.7466858], [-88.099848, 41.7467098], [-88.0996917, 41.7467715]]]}}, {"type": "Feature", "id": 22083391, "properties": {"osm_id": 22083391, "osm_type": "way", "highway": "residential", "name": "Chase Pointe Court"}, "geometry": {"type": "LineString", "coordinates": [[-88.091276, 41.748316], [-88.0912904, 41.7484069], [-88.091298, 41.748455], [-88.09135, 41.748688]]}}, {"type": "Feature", "id": 22083393, "properties": {"osm_id": 22083393, "osm_type": "way", "highway": "residential", "lanes": "2", "maxspeed": "25 mph", "name": "Chelsea Lane", "oneway": "no"}, "geometry": {"type": "LineString", "coordinates": [[-88.105412, 41.74607], [-88.1054075, 41.7459694], [-88.1053527, 41.7447358], [-88.105348, 41.744631], [-88.1048012, 41.7446442], [-88.1045884, 41.7446493], [-88.1042923, 41.7446565], [-88.10419, 41.744659], [-88.1040824, 41.7446615], [-88.1035986, 41.744673], [-88.103428, 41.744677]]}}, {"type": "Feature", "id": 22083492, "properties": {"osm_id": 22083492, "osm_type": "way", "highway": "residential", "name": "Estate Circle"}, "geometry": {"type": "LineString", "coordinates": [[-88.0948036, 41.748389], [-88.0948801, 41.7483967], [-88.095212, 41.74843], [-88.095602, 41.748486], [-88.095659, 41.748489], [-88.097873, 41.74844], [-88.097987, 41.748427], [-88.098056, 41.748405], [-88.098112, 41.748373], [-88.098151, 41.748332], [-88.098171, 41.748279], [-88.09818, 41.748237], [-88.098185, 41.748158], [-88.098161, 41.747711], [-88.098141, 41.747626], [-88.098126, 41.747593], [-88.098108, 41.747567], [-88.098059, 41.747526], [-88.098, 41.747496], [-88.097942, 41.747478], [-88.097903, 41.747471], [-88.09785, 41.747467], [-88.097408, 41.747477], [-88.097257, 41.747495], [-88.09711, 41.747544], [-88.096727, 41.747682], [-88.096639, 41.747701], [-88.096514, 41.747709], [-88.095735, 41.747725], [-88.095654, 41.747721], [-88.095231, 41.747659], [-88.0950237, 41.7476358], [-88.0949501, 41.7476275], [-88.094892, 41.747621]]}}, {"type": "Feature", "id": 22083493, "properties": {"osm_id": 22083493, "osm_type": "way", "highway": "residential", "lanes": "2", "name": "Revere Court"}, "geometry": {"type": "LineString", "coordinates": [[-88.106088, 41.759428], [-88.1060863, 41.7593513], [-88.106036, 41.758174]]}}, {"type": "Feature", "id": 22083702, "properties": {"osm_id": 22083702, "osm_type": "way", "highway": "residential", "name": "Huntington Circle"}, "geometry": {"type": "LineString", "coordinates": [[-88.1085971, 41.7776328], [-88.1086883, 41.7775773], [-88.1087607, 41.7775247], [-88.1088714, 41.777458], [-88.108933, 41.7774358], [-88.1090289, 41.7774128], [-88.1091862, 41.7773665], [-88.1092239, 41.7773922], [-88.1092897, 41.777439], [-88.1093459, 41.7774857], [-88.1093787, 41.777523], [-88.1093979, 41.7775559], [-88.1094113, 41.7776021], [-88.1094143, 41.7776525], [-88.1094081, 41.7777155], [-88.1093985, 41.7777582], [-88.1093797, 41.7778162], [-88.1093677, 41.7778698], [-88.1093525, 41.7780334], [-88.1093551, 41.7781213], [-88.1093588, 41.7782015], [-88.1093801, 41.7783939], [-88.1093902, 41.7784905], [-88.1093902, 41.7785595], [-88.109383, 41.778617], [-88.1093655, 41.778661], [-88.1093292, 41.7787255], [-88.1092802, 41.7788044], [-88.1092115, 41.7787935], [-88.1090819, 41.7787714], [-88.1090041, 41.7787477], [-88.1088197, 41.7786551], [-88.108597, 41.778528]]}}, {"type": "Feature", "id": 22083703, "properties": {"osm_id": 22083703, "osm_type": "way", "highway": "residential", "name": "Huntington Circle"}, "geometry": {"type": "LineString", "coordinates": [[-88.1077894, 41.7771343], [-88.1077867, 41.7769702], [-88.107795, 41.7769178], [-88.1078216, 41.7768809], [-88.107867, 41.7768455], [-88.1080081, 41.7767693], [-88.108049, 41.776772], [-88.1084032, 41.7768138], [-88.1084909, 41.7768346], [-88.1085057, 41.776842], [-88.1085461, 41.7768658], [-88.1085894, 41.7768931], [-88.1086185, 41.7769237], [-88.1087068, 41.7770302], [-88.1087788, 41.7770999], [-88.108824, 41.7771321], [-88.1088835, 41.7771727], [-88.1091862, 41.7773665]]}}, {"type": "Feature", "id": 22083704, "properties": {"osm_id": 22083704, "osm_type": "way", "highway": "residential", "name": "Huntington Circle"}, "geometry": {"type": "LineString", "coordinates": [[-88.1092802, 41.7788044], [-88.1092334, 41.7788693], [-88.109122, 41.778975], [-88.1090218, 41.7790423], [-88.1089212, 41.7790945], [-88.1088121, 41.779133], [-88.1086813, 41.7791683], [-88.108412, 41.77923], [-88.1082952, 41.7792508], [-88.1082529, 41.7792543], [-88.1081796, 41.7792574], [-88.108088, 41.7792575], [-88.107917, 41.779249], [-88.1078254, 41.7792343], [-88.1077773, 41.7792216], [-88.1077331, 41.7791992], [-88.1076905, 41.7791681], [-88.1076706, 41.7791467], [-88.107658, 41.7791171], [-88.1076513, 41.7790832], [-88.1076455, 41.7785285], [-88.1076189, 41.7782254], [-88.1076135, 41.778098], [-88.1076151, 41.778028], [-88.1076231, 41.7779312], [-88.1076311, 41.7778785], [-88.107635, 41.777836], [-88.1076381, 41.7777811], [-88.1076315, 41.7777229], [-88.1076262, 41.7776675], [-88.1075978, 41.7775563], [-88.1075883, 41.7775053], [-88.1075817, 41.7774312], [-88.1075788, 41.7772874], [-88.1075789, 41.7771507], [-88.1075847, 41.7770597], [-88.1075926, 41.7769836], [-88.1076046, 41.7769349], [-88.1076165, 41.776894], [-88.1076378, 41.7768586], [-88.1076683, 41.7768197], [-88.1077063, 41.7767877], [-88.1077573, 41.7767597], [-88.1078022, 41.776748], [-88.107841, 41.7767421], [-88.1079349, 41.7767548], [-88.1080081, 41.7767693]]}}, {"type": "Feature", "id": 22083705, "properties": {"osm_id": 22083705, "osm_type": "way", "highway": "residential", "name": "Huntington Circle"}, "geometry": {"type": "LineString", "coordinates": [[-88.1095777, 41.7780442], [-88.1094552, 41.7780383], [-88.1093525, 41.7780334]]}}, {"type": "Feature", "id": 22083756, "properties": {"osm_id": 22083756, "osm_type": "way", "highway": "residential", "name": "Richard Road"}, "geometry": {"type": "LineString", "coordinates": [[-88.124206, 41.773534], [-88.124223, 41.773401], [-88.1242606, 41.7730692], [-88.12427, 41.772986], [-88.1242772, 41.7729238], [-88.1243852, 41.7720341], [-88.1244252, 41.7716537], [-88.124477, 41.771228], [-88.1245193, 41.7708704], [-88.124531, 41.770781], [-88.1245396, 41.7707088], [-88.1245837245748, 41.77027900492467]]}}, {"type": "Feature", "id": 22083945, "properties": {"osm_id": 22083945, "osm_type": "way", "highway": "residential", "name": "Brandy Circle"}, "geometry": {"type": "LineString", "coordinates": [[-88.108201, 41.751214], [-88.1082279, 41.7513064], [-88.10849, 41.752205], [-88.108506, 41.7522947], [-88.108508, 41.752306], [-88.108503, 41.752369], [-88.108487, 41.752444], [-88.1084804, 41.7524616], [-88.108446, 41.752554], [-88.108429, 41.752587], [-88.108356, 41.75269], [-88.108277, 41.752768], [-88.10817, 41.752846], [-88.108079, 41.752896], [-88.107957, 41.752944], [-88.1073532, 41.7531242], [-88.10724, 41.753158]]}}, {"type": "Feature", "id": 22083983, "properties": {"osm_id": 22083983, "osm_type": "way", "highway": "residential", "name": "Steeplebrook Court"}, "geometry": {"type": "LineString", "coordinates": [[-88.090844, 41.746612], [-88.090762, 41.7465836], [-88.090616, 41.746533], [-88.090568, 41.746526], [-88.090398, 41.746513]]}}, {"type": "Feature", "id": 22084031, "properties": {"osm_id": 22084031, "osm_type": "way", "highway": "residential", "name": "Denison Road"}, "geometry": {"type": "LineString", "coordinates": [[-88.095051, 41.737667], [-88.0949613, 41.7376774], [-88.094629, 41.737716], [-88.09453, 41.737731], [-88.094395, 41.737764], [-88.094056, 41.737868], [-88.093954, 41.737889], [-88.0939021, 41.737892], [-88.093796, 41.737898], [-88.0937405, 41.7378993], [-88.092797, 41.7379208], [-88.092699, 41.737923], [-88.0926035, 41.7379249], [-88.09144, 41.737948], [-88.091352, 41.737942], [-88.0910875, 41.737895]]}}, {"type": "Feature", "id": 22084147, "properties": {"osm_id": 22084147, "osm_type": "way", "highway": "residential", "name": "Rapidan Court", "oneway": "no"}, "geometry": {"type": "LineString", "coordinates": [[-88.1134263, 41.7665579], [-88.1132931, 41.7670488], [-88.113275, 41.767123]]}}, {"type": "Feature", "id": 22084390, "properties": {"osm_id": 22084390, "osm_type": "way", "highway": "residential", "name": "Greene Ridge Drive"}, "geometry": {"type": "LineString", "coordinates": [[-88.092631, 41.738913], [-88.0926332, 41.738999], [-88.0926508, 41.7396947], [-88.092653, 41.73978], [-88.0926553, 41.7398653], [-88.092688, 41.741075], [-88.092684, 41.741171], [-88.092669, 41.741261], [-88.092641, 41.741344], [-88.09262, 41.741387], [-88.092579, 41.741453], [-88.092499, 41.741546], [-88.092422, 41.741613], [-88.092352, 41.741662], [-88.092244, 41.741719], [-88.092124, 41.741763], [-88.0919857, 41.741809], [-88.091733, 41.741893], [-88.091536, 41.741948], [-88.091294, 41.741987], [-88.091198, 41.741993], [-88.0908312, 41.7420016], [-88.0907271, 41.742004], [-88.0906122, 41.7420062], [-88.089733, 41.742023], [-88.0892428, 41.7420322], [-88.0886871, 41.7420427], [-88.088567, 41.742045]]}}, {"type": "Feature", "id": 22084410, "properties": {"osm_id": 22084410, "osm_type": "way", "highway": "residential", "name": "Leesburg Court"}, "geometry": {"type": "LineString", "coordinates": [[-88.114261, 41.764574], [-88.1142531, 41.7645012], [-88.114227, 41.764261], [-88.114206, 41.764156], [-88.114169, 41.764062], [-88.114087, 41.763968]]}}, {"type": "Feature", "id": 22084412, "properties": {"osm_id": 22084412, "osm_type": "way", "highway": "residential", "name": "Georgetown Court"}, "geometry": {"type": "MultiLineString", "coordinates": [[[-88.093989, 41.740377], [-88.0940875, 41.7403766], [-88.0949706, 41.740373]], [[-88.0949706, 41.740373], [-88.0951971, 41.7404378], [-88.0952691, 41.7404343], [-88.0953205, 41.7404098], [-88.0953258, 41.7403498], [-88.0952829, 41.7403017], [-88.0951971, 41.7402977], [-88.0949706, 41.740373]]]}}, {"type": "Feature", "id": 22084426, "properties": {"osm_id": 22084426, "osm_type": "way", "highway": "residential", "lanes": "2", "name": "Deep Run Road"}, "geometry": {"type": "LineString", "coordinates": [[-88.119442, 41.766629], [-88.1194276, 41.7667148], [-88.119305, 41.767459], [-88.119277, 41.76758], [-88.119258, 41.767636], [-88.119196, 41.767766], [-88.119147, 41.767843], [-88.119107, 41.767896], [-88.119021, 41.767988], [-88.118935, 41.768062], [-88.118838, 41.768128], [-88.118743, 41.768192], [-88.118606, 41.768259], [-88.118475, 41.768309], [-88.118282, 41.76836], [-88.118205, 41.768374], [-88.118103, 41.768387], [-88.117937, 41.768393], [-88.117781, 41.768389], [-88.117639, 41.768375], [-88.115823, 41.768261], [-88.115735, 41.768252], [-88.11559, 41.768228], [-88.115457, 41.768194], [-88.11538, 41.76817], [-88.115257, 41.768122], [-88.115175, 41.768084], [-88.115032, 41.768], [-88.11492, 41.767921], [-88.1149068, 41.7679097], [-88.114828, 41.767842], [-88.114762, 41.7677872], [-88.114416, 41.7675], [-88.114285, 41.767407], [-88.114217, 41.767365], [-88.114057, 41.767289], [-88.113882, 41.767226], [-88.113728, 41.767189], [-88.113537, 41.767161], [-88.113275, 41.767123], [-88.1126906, 41.7670415], [-88.1126681, 41.7670384], [-88.112601, 41.767029], [-88.1124836, 41.7670117]]}}, {"type": "Feature", "id": 22084437, "properties": {"osm_id": 22084437, "osm_type": "way", "highway": "residential", "name": "Slippery Rock Road"}, "geometry": {"type": "LineString", "coordinates": [[-88.097304, 41.735859], [-88.0973095, 41.7357998], [-88.097341, 41.735458], [-88.09733, 41.73537], [-88.097305, 41.735307], [-88.0972728, 41.7352512], [-88.097217, 41.73518], [-88.0971811, 41.7351513], [-88.09708, 41.735097], [-88.096922, 41.735044], [-88.09684, 41.735035], [-88.096769, 41.735032], [-88.0952724, 41.7350647], [-88.095166, 41.735067], [-88.095097, 41.7350691], [-88.094872, 41.735076], [-88.094812, 41.735081], [-88.09465, 41.735111], [-88.09452, 41.735151], [-88.094383, 41.73521], [-88.094271, 41.735275], [-88.094192, 41.735333], [-88.092917, 41.73635], [-88.092814, 41.736458], [-88.092779, 41.736505], [-88.09272, 41.736608], [-88.092681, 41.736715], [-88.092661, 41.736829], [-88.092658, 41.736914], [-88.0926964, 41.7378584], [-88.092699, 41.737923]]}}, {"type": "Feature", "id": 22084529, "properties": {"osm_id": 22084529, "osm_type": "way", "highway": "residential", "lanes": "2", "name": "Edinburgh Court"}, "geometry": {"type": "LineString", "coordinates": [[-88.1136954, 41.7708694], [-88.1137201, 41.7707846], [-88.1137481, 41.7706558], [-88.1137952, 41.7704163], [-88.113812, 41.7703305]]}}, {"type": "Feature", "id": 22084682, "properties": {"osm_id": 22084682, "osm_type": "way", "highway": "residential", "lanes": "2", "name": "Westmoreland Lane"}, "geometry": {"type": "LineString", "coordinates": [[-88.115757, 41.7764307], [-88.11573, 41.776362], [-88.1156981, 41.7762815], [-88.115537, 41.775878], [-88.115434, 41.775572], [-88.115381, 41.775359], [-88.115351, 41.775136], [-88.115343, 41.775024], [-88.1153031, 41.7738279], [-88.1152626, 41.7730073], [-88.115259, 41.772918], [-88.1152672, 41.7728436], [-88.115311, 41.772449], [-88.1153542, 41.7720948], [-88.1153638, 41.772013]]}}, {"type": "Feature", "id": 22084935, "properties": {"osm_id": 22084935, "osm_type": "way", "highway": "residential", "lanes": "2", "name": "York Court"}, "geometry": {"type": "LineString", "coordinates": [[-88.1215599, 41.7737211], [-88.121574, 41.773419], [-88.1215745, 41.7731987], [-88.121577, 41.7731205]]}}, {"type": "Feature", "id": 22085405, "properties": {"osm_id": 22085405, "osm_type": "way", "highway": "residential", "lanes": "1", "name": "Hobson Hollow Drive", "oneway": "yes"}, "geometry": {"type": "LineString", "coordinates": [[-88.1014357, 41.7554634], [-88.101403, 41.7555099], [-88.1014647, 41.7557761], [-88.1014714, 41.7558047], [-88.1014933, 41.7558995]]}}, {"type": "Feature", "id": 22085491, "properties": {"osm_id": 22085491, "osm_type": "way", "highway": "residential", "name": "Hamilton Lane"}, "geometry": {"type": "LineString", "coordinates": [[-88.110484, 41.751041], [-88.1103891, 41.751058], [-88.109586, 41.751202], [-88.109473, 41.751218], [-88.109401, 41.751221], [-88.109274, 41.751218], [-88.108848, 41.751173], [-88.108689, 41.751162], [-88.108581, 41.751169], [-88.1083033, 41.7512019], [-88.108201, 41.751214], [-88.10809, 41.7512268], [-88.108036, 41.751233], [-88.107869, 41.751237], [-88.107241, 41.751241], [-88.107073, 41.751261], [-88.106982, 41.751282], [-88.106856, 41.751327], [-88.106713, 41.7514], [-88.1066802, 41.751422], [-88.106631, 41.751455], [-88.1065857, 41.7514958], [-88.106571, 41.751509], [-88.106472, 41.751648], [-88.106441, 41.751707], [-88.106407, 41.751807], [-88.106394, 41.751896], [-88.106395, 41.752148], [-88.106411, 41.752253], [-88.106441, 41.752338], [-88.106443, 41.752344], [-88.106489, 41.752426], [-88.106566, 41.752523], [-88.1066435, 41.7525888], [-88.1067195, 41.7526533], [-88.106824, 41.752742], [-88.107033, 41.752913], [-88.107128, 41.753003], [-88.107187, 41.753076], [-88.1072001, 41.7530962], [-88.10724, 41.753158], [-88.10727, 41.753228], [-88.1072755, 41.7532467], [-88.107303, 41.75334], [-88.107401, 41.753778], [-88.107481, 41.754139], [-88.1074851, 41.7541613], [-88.107498, 41.754232], [-88.1075134, 41.7543228], [-88.107547, 41.75452], [-88.1075993, 41.7547464], [-88.107606, 41.7547756], [-88.107626, 41.7548846]]}}, {"type": "Feature", "id": 22085493, "properties": {"osm_id": 22085493, "osm_type": "way", "highway": "residential", "name": "Hamilton Lane", "oneway": "yes"}, "geometry": {"type": "LineString", "coordinates": [[-88.1063711, 41.751309], [-88.1064032, 41.7512923], [-88.1064266, 41.7512684], [-88.1064382, 41.75124], [-88.1064368, 41.7512104], [-88.1064224, 41.7511827], [-88.1063967, 41.7511601], [-88.1063625, 41.7511451], [-88.1063235, 41.7511392], [-88.1062841, 41.7511431], [-88.1062486, 41.7511564], [-88.1062213, 41.7511773], [-88.1062045, 41.7512037], [-88.1061999, 41.7512326], [-88.1062081, 41.7512612], [-88.1062282, 41.7512862], [-88.1062581, 41.7513051], [-88.1062945, 41.7513158], [-88.1063335, 41.7513171], [-88.1063711, 41.751309]]}}, {"type": "Feature", "id": 22085609, "properties": {"osm_id": 22085609, "osm_type": "way", "highway": "residential", "name": "Marquette Avenue"}, "geometry": {"type": "LineString", "coordinates": [[-88.099418, 41.74064], [-88.0995054, 41.7406752], [-88.1003046, 41.7409974], [-88.100383, 41.741029], [-88.1004715, 41.7410647], [-88.100651, 41.741137], [-88.100905, 41.741232], [-88.101115, 41.741299], [-88.101303, 41.741337], [-88.101498, 41.74136], [-88.101604, 41.741384], [-88.101676, 41.741411], [-88.101723, 41.741434], [-88.101776, 41.741467], [-88.101852, 41.741533], [-88.101876, 41.741563], [-88.101919, 41.741642], [-88.10194, 41.741753], [-88.101926, 41.74184], [-88.101912, 41.741875], [-88.101865, 41.741951], [-88.101815, 41.742005], [-88.101138, 41.742557], [-88.100795, 41.742832], [-88.100687, 41.742899], [-88.100622, 41.742927], [-88.10049, 41.742965], [-88.100403, 41.742979], [-88.100294, 41.742984], [-88.100199, 41.742978], [-88.100143, 41.74297], [-88.100039, 41.742946], [-88.09992, 41.742903], [-88.0993212, 41.7426609], [-88.099235, 41.742626]]}}, {"type": "Feature", "id": 22085686, "properties": {"osm_id": 22085686, "osm_type": "way", "highway": "residential", "name": "77th Street"}, "geometry": {"type": "LineString", "coordinates": [[-88.095896, 41.74508], [-88.0960192, 41.7451089], [-88.096212, 41.745154], [-88.096394, 41.745204], [-88.096584, 41.745269], [-88.096926, 41.745414], [-88.097085, 41.745461], [-88.097254, 41.745491], [-88.097405, 41.745501], [-88.097645, 41.745497], [-88.0990744, 41.745469], [-88.099177, 41.745467], [-88.0992948, 41.7454646], [-88.099825, 41.745454], [-88.1005925, 41.74544], [-88.100936, 41.74542], [-88.1014817, 41.745412], [-88.101586, 41.7454105], [-88.1026957, 41.7453942], [-88.1032931, 41.7453855], [-88.1034624, 41.745383]]}}, {"type": "Feature", "id": 22085871, "properties": {"osm_id": 22085871, "osm_type": "way", "highway": "residential", "name": "Kenyon Drive"}, "geometry": {"type": "LineString", "coordinates": [[-88.100048, 41.738762], [-88.1000322, 41.7388458], [-88.0999054, 41.7395165], [-88.099893, 41.739582], [-88.0998778, 41.7396589], [-88.099808, 41.740013], [-88.099788, 41.740078], [-88.099764, 41.740134], [-88.099693, 41.740252], [-88.099418, 41.74064], [-88.0993838, 41.7406873], [-88.0993773, 41.7406963], [-88.0982807, 41.742212], [-88.098238, 41.742271], [-88.098118, 41.742445], [-88.098072, 41.742527], [-88.097999, 41.742685], [-88.097972, 41.74276], [-88.0979176, 41.7429722], [-88.097899, 41.743045], [-88.097878, 41.7431319], [-88.097762, 41.743612], [-88.0977423, 41.7437141], [-88.097731, 41.743773], [-88.097691, 41.743986], [-88.097649, 41.744281], [-88.0976237, 41.7445446], [-88.097617, 41.744615], [-88.0976187, 41.7446692], [-88.0976431, 41.7454383], [-88.097645, 41.745497]]}}, {"type": "Feature", "id": 22085943, "properties": {"osm_id": 22085943, "osm_type": "way", "highway": "residential", "name": "De Paul Court"}, "geometry": {"type": "LineString", "coordinates": [[-88.102828, 41.743694], [-88.102651, 41.743733], [-88.102553, 41.743739], [-88.101805, 41.743756], [-88.101718, 41.743751], [-88.101618, 41.743735], [-88.101549, 41.743712], [-88.101498, 41.743688], [-88.1014516, 41.7436595], [-88.101358, 41.743602]]}}, {"type": "Feature", "id": 22086067, "properties": {"osm_id": 22086067, "osm_type": "way", "highway": "residential", "name": "Loyola Drive"}, "geometry": {"type": "LineString", "coordinates": [[-88.100936, 41.74542], [-88.100934, 41.7453544], [-88.1009127, 41.7446683], [-88.1009104, 41.744596], [-88.1009077, 41.7445471], [-88.100887, 41.744171], [-88.100879, 41.744113], [-88.10084, 41.743977], [-88.1008297, 41.7439542], [-88.100791, 41.743869]]}}, {"type": "Feature", "id": 22086072, "properties": {"osm_id": 22086072, "osm_type": "way", "highway": "residential", "lanes": "2", "name": "Jane Court"}, "geometry": {"type": "LineString", "coordinates": [[-88.1159418, 41.7729484], [-88.1153865, 41.7729237], [-88.115259, 41.772918]]}}, {"type": "Feature", "id": 22086608, "properties": {"osm_id": 22086608, "osm_type": "way", "highway": "residential", "name": "Syracuse Road"}, "geometry": {"type": "LineString", "coordinates": [[-88.093796, 41.737898], [-88.0937939, 41.7378381], [-88.093771, 41.73719], [-88.093776, 41.737123], [-88.093788, 41.737054], [-88.093829, 41.736932], [-88.093892, 41.736819], [-88.093961, 41.736732], [-88.094033, 41.736664], [-88.095087, 41.735817], [-88.095134, 41.735761], [-88.095177, 41.735679], [-88.095191, 41.735628], [-88.095191, 41.735445], [-88.095185, 41.735305], [-88.0951724, 41.7351467], [-88.095166, 41.735067]]}}, {"type": "Feature", "id": 22086747, "properties": {"osm_id": 22086747, "osm_type": "way", "highway": "residential", "name": "Cobblebrook Lane"}, "geometry": {"type": "LineString", "coordinates": [[-88.090607, 41.748327], [-88.090544, 41.7483264], [-88.089946, 41.748321], [-88.089888, 41.748318], [-88.089794, 41.748292], [-88.089741, 41.748265], [-88.089702, 41.748236], [-88.089659, 41.748186], [-88.089637, 41.748121], [-88.08963, 41.748011], [-88.089618, 41.747592], [-88.089655, 41.747491], [-88.089687, 41.747429], [-88.08974, 41.747354], [-88.08983, 41.747265], [-88.089892, 41.747215], [-88.089936, 41.747186], [-88.089985, 41.747165], [-88.090382, 41.746996], [-88.090451, 41.746962], [-88.090539, 41.746911], [-88.090651, 41.746831], [-88.09073, 41.746759], [-88.090775, 41.746711], [-88.090844, 41.746612], [-88.090889, 41.746549], [-88.090929, 41.746465], [-88.090959, 41.746376], [-88.090977, 41.746289], [-88.090984, 41.746222], [-88.0909836, 41.746199], [-88.090982, 41.746118], [-88.09098, 41.7460496], [-88.090978, 41.74598], [-88.0909699, 41.7457248], [-88.090967, 41.745633]]}}, {"type": "Feature", "id": 22086751, "properties": {"osm_id": 22086751, "osm_type": "way", "highway": "residential", "name": "Cobblebrook Lane"}, "geometry": {"type": "LineString", "coordinates": [[-88.094892, 41.747621], [-88.0948329, 41.7476122], [-88.0947603, 41.7476014], [-88.0943613, 41.7475422], [-88.094279, 41.74753], [-88.094239, 41.747527], [-88.094177, 41.747527], [-88.0941442, 41.7475292], [-88.094001, 41.747539], [-88.0939413, 41.7475464], [-88.093832, 41.74756], [-88.093367, 41.747616], [-88.093267, 41.747624], [-88.093099, 41.747636], [-88.092848, 41.747648], [-88.092724, 41.747661], [-88.0926532, 41.7476777], [-88.092618, 41.747686], [-88.092571, 41.7477057], [-88.092494, 41.747738], [-88.092436, 41.747772], [-88.0923855, 41.74781], [-88.0923218, 41.7478578], [-88.092291, 41.747881], [-88.092063, 41.748038], [-88.091911, 41.748126], [-88.091788, 41.748181], [-88.091694, 41.748218], [-88.091517, 41.748273], [-88.091432, 41.748292], [-88.091276, 41.748316], [-88.091172, 41.748325], [-88.090843, 41.748329], [-88.0907623, 41.7483282], [-88.090649, 41.748327]]}}, {"type": "Feature", "id": 22087361, "properties": {"osm_id": 22087361, "osm_type": "way", "highway": "residential", "name": "Chesterfield Avenue"}, "geometry": {"type": "LineString", "coordinates": [[-88.1130811, 41.7645867], [-88.113193, 41.7646], [-88.1132691, 41.7646049], [-88.113302, 41.764607], [-88.113497, 41.764606], [-88.11385, 41.764594], [-88.1141556, 41.7645791], [-88.114261, 41.764574], [-88.1143689, 41.7645655], [-88.117055, 41.764353], [-88.117111, 41.764351], [-88.1172205, 41.7643561], [-88.11724, 41.764357], [-88.117286, 41.764366], [-88.117349, 41.764379], [-88.1173883, 41.7643948], [-88.117471, 41.764428], [-88.117535, 41.76446], [-88.117617, 41.764519], [-88.117687, 41.764591], [-88.11773, 41.764653], [-88.117755, 41.764705], [-88.117776, 41.764774], [-88.117784, 41.764838], [-88.117782, 41.764888], [-88.1176468, 41.7654501], [-88.117629, 41.765524]]}}, {"type": "Feature", "id": 22087594, "properties": {"osm_id": 22087594, "osm_type": "way", "highway": "residential", "lanes": "2", "maxspeed": "25 mph", "name": "Clemson Drive", "oneway": "no"}, "geometry": {"type": "LineString", "coordinates": [[-88.105738, 41.743507], [-88.105411, 41.743508], [-88.105058, 41.743539], [-88.104927, 41.74354], [-88.104769, 41.743519], [-88.104667, 41.743492], [-88.104565, 41.743454], [-88.104477, 41.74341], [-88.1044, 41.743362], [-88.104336, 41.74331], [-88.104259, 41.743217], [-88.104225, 41.743166], [-88.104155, 41.743032], [-88.104124, 41.742948], [-88.104099, 41.742839], [-88.104091, 41.742746], [-88.104092, 41.742662], [-88.1041084, 41.7425411], [-88.10412, 41.742455]]}}, {"type": "Feature", "id": 22087670, "properties": {"osm_id": 22087670, "osm_type": "way", "highway": "residential", "name": "Tulane Drive"}, "geometry": {"type": "LineString", "coordinates": [[-88.099825, 41.745454], [-88.0998225, 41.7453844], [-88.0998011, 41.7447943], [-88.09979, 41.744745], [-88.099762, 41.744707], [-88.099703, 41.744677], [-88.099614, 41.744664], [-88.098831, 41.744598], [-88.0988048, 41.74459], [-88.098785, 41.744584], [-88.098745, 41.744555], [-88.0987258, 41.7445214], [-88.098722, 41.7445], [-88.098866, 41.743671], [-88.0988848, 41.7435501], [-88.098901, 41.743446], [-88.0989158, 41.7433534], [-88.098924, 41.743302], [-88.098969, 41.743133], [-88.099021, 41.742985], [-88.099063, 41.742893], [-88.099118, 41.742793], [-88.0991861, 41.7426958], [-88.099235, 41.742626], [-88.0992729, 41.7425727], [-88.099621, 41.742084], [-88.0997174, 41.7419713], [-88.099775, 41.741904], [-88.0998472, 41.7418248], [-88.1000913, 41.741931], [-88.100227, 41.74199]]}}, {"type": "Feature", "id": 22088286, "properties": {"osm_id": 22088286, "osm_type": "way", "highway": "residential", "lanes": "2", "maxspeed": "25 mph", "name": "Villanova Drive", "oneway": "no"}, "geometry": {"type": "LineString", "coordinates": [[-88.103712, 41.737433], [-88.1037401, 41.7373685], [-88.103776, 41.737286], [-88.103791, 41.737166], [-88.10379, 41.737129], [-88.103778, 41.737055], [-88.103758, 41.736994], [-88.103732, 41.736941], [-88.103699, 41.736888], [-88.103635, 41.736814], [-88.103573, 41.736759], [-88.103523, 41.736723], [-88.102999, 41.736415], [-88.102493, 41.7361169], [-88.10241, 41.736068], [-88.102339, 41.7360278], [-88.102304, 41.736008], [-88.1016688, 41.7356273], [-88.10159, 41.73558]]}}, {"type": "Feature", "id": 22088433, "properties": {"osm_id": 22088433, "osm_type": "way", "highway": "residential", "lanes": "2", "name": "Black Stallion Drive"}, "geometry": {"type": "LineString", "coordinates": [[-88.1026809, 41.7531827], [-88.1027324, 41.7532685], [-88.102774, 41.753382], [-88.102807, 41.753523], [-88.102855, 41.754721], [-88.1028607, 41.7548615], [-88.1028457, 41.7549025], [-88.102814, 41.754936], [-88.1027569, 41.754959], [-88.1026223, 41.7549767], [-88.101458, 41.7551301], [-88.101337, 41.755146], [-88.1012476, 41.7551584], [-88.1009183, 41.7552103], [-88.1008008, 41.755228]]}}, {"type": "Feature", "id": 22088757, "properties": {"osm_id": 22088757, "osm_type": "way", "highway": "residential", "lanes": "2", "name": "Sussex Road"}, "geometry": {"type": "LineString", "coordinates": [[-88.1171827, 41.7754345], [-88.1163436, 41.7760605], [-88.1162104, 41.776152], [-88.1160975, 41.776211], [-88.1159481, 41.776284], [-88.1158845, 41.776308], [-88.11573, 41.776362], [-88.1155832, 41.7763939], [-88.1155003, 41.776413], [-88.1153027, 41.776442], [-88.11476421142622, 41.77645937275459]]}}, {"type": "Feature", "id": 22088836, "properties": {"osm_id": 22088836, "osm_type": "way", "highway": "residential", "name": "Valley Ridge Court"}, "geometry": {"type": "LineString", "coordinates": [[-88.098973, 41.729407], [-88.0990829, 41.7294045], [-88.09926673061116, 41.729400352788396]]}}, {"type": "Feature", "id": 22088908, "properties": {"osm_id": 22088908, "osm_type": "way", "highway": "residential", "name": "Vassar Drive"}, "geometry": {"type": "LineString", "coordinates": [[-88.102134, 41.735115], [-88.1020624, 41.7350728], [-88.101485, 41.734733], [-88.1013458, 41.7346574], [-88.101262, 41.734612], [-88.101193, 41.7345626], [-88.101002, 41.734426], [-88.100609, 41.734114], [-88.100474, 41.733987], [-88.100305, 41.733776], [-88.1002152, 41.7336435], [-88.100166, 41.733571], [-88.1001163, 41.7334985], [-88.099892, 41.733171], [-88.099833, 41.733101], [-88.099736, 41.733032], [-88.099697, 41.733013], [-88.099573, 41.732976], [-88.09951, 41.732969], [-88.099422, 41.732968], [-88.099082, 41.733009], [-88.09886, 41.733025], [-88.09871, 41.73303], [-88.0984761, 41.7330307], [-88.098369, 41.733031]]}}, {"type": "Feature", "id": 22088943, "properties": {"osm_id": 22088943, "osm_type": "way", "highway": "residential", "lanes": "2", "maxspeed": "25 mph", "name": "Woodbrook Lane"}, "geometry": {"type": "LineString", "coordinates": [[-88.1093931, 41.7760208], [-88.10950224977637, 41.775997501362724]]}}, {"type": "Feature", "id": 22088949, "properties": {"osm_id": 22088949, "osm_type": "way", "highway": "residential", "name": "Arabian Avenue"}, "geometry": {"type": "LineString", "coordinates": [[-88.092891, 41.743786], [-88.0927861, 41.74379], [-88.092414, 41.743804], [-88.0922, 41.743825], [-88.091523, 41.743942], [-88.091308, 41.743971], [-88.091163, 41.743981], [-88.0895949, 41.7440128], [-88.089489, 41.744015]]}}, {"type": "Feature", "id": 22089029, "properties": {"osm_id": 22089029, "osm_type": "way", "highway": "residential", "lanes": "2", "maxspeed": "25 mph", "name": "Cheshire Avenue"}, "geometry": {"type": "LineString", "coordinates": [[-88.12367481394662, 41.768811411992985], [-88.123435, 41.768938], [-88.123331, 41.768984], [-88.123214, 41.769028], [-88.1231239, 41.7690586], [-88.122945, 41.769093], [-88.122778, 41.769115], [-88.122588, 41.769127], [-88.122429, 41.769125], [-88.1205661, 41.7689845], [-88.1205428, 41.7689824], [-88.1203644, 41.7689695]]}}, {"type": "Feature", "id": 22089404, "properties": {"osm_id": 22089404, "osm_type": "way", "highway": "residential", "name": "Margate Court", "oneway": "no"}, "geometry": {"type": "LineString", "coordinates": [[-88.112285, 41.762772], [-88.1121825, 41.7627746], [-88.111503, 41.762792], [-88.111426, 41.76279], [-88.111168, 41.762755]]}}, {"type": "Feature", "id": 22089583, "properties": {"osm_id": 22089583, "osm_type": "way", "highway": "residential", "name": "Bradley Court"}, "geometry": {"type": "LineString", "coordinates": [[-88.102857, 41.74455], [-88.1025164, 41.744576], [-88.1010051, 41.7445948], [-88.1009104, 41.744596]]}}, {"type": "Feature", "id": 22089628, "properties": {"osm_id": 22089628, "osm_type": "way", "highway": "residential", "name": "Wickham Court"}, "geometry": {"type": "LineString", "coordinates": [[-88.1099868, 41.7575336], [-88.1100771, 41.757584], [-88.1102014, 41.7576534], [-88.1102496, 41.7576623], [-88.1102953, 41.7576554], [-88.1103328, 41.7576354], [-88.110357, 41.7576114], [-88.110365, 41.7575834], [-88.110357, 41.7575513], [-88.1103312, 41.7575176], [-88.1102315, 41.7574556], [-88.1102049, 41.7574449], [-88.1101742, 41.7574325], [-88.1101004, 41.7574103]]}}, {"type": "Feature", "id": 22089733, "properties": {"osm_id": 22089733, "osm_type": "way", "highway": "residential", "lanes": "2", "name": "Mistwood Drive"}, "geometry": {"type": "LineString", "coordinates": [[-88.1033451, 41.7530434], [-88.1031394, 41.75306], [-88.1030073, 41.7530797], [-88.1027926, 41.7531463], [-88.1026809, 41.7531827], [-88.102603, 41.7532081], [-88.1024941, 41.7532255], [-88.102342, 41.7532403], [-88.1022468, 41.7532459], [-88.1021484, 41.7532518], [-88.1020272, 41.7532612], [-88.10135, 41.753314], [-88.101213, 41.753339], [-88.101109, 41.75337], [-88.101001, 41.753413], [-88.100913, 41.75346], [-88.100824, 41.753521], [-88.100766, 41.753571], [-88.100691, 41.753656], [-88.100645, 41.753725], [-88.100595, 41.753844], [-88.100577, 41.753932], [-88.10057, 41.754026], [-88.1005737, 41.7540535], [-88.100591, 41.7541378], [-88.1006299, 41.7542211], [-88.100727, 41.754429], [-88.100742, 41.754475], [-88.100759, 41.754577], [-88.1007885, 41.7551379], [-88.1008008, 41.755228]]}}, {"type": "Feature", "id": 22089776, "properties": {"osm_id": 22089776, "osm_type": "way", "highway": "residential", "lanes": "2", "name": "Black Stallion Court"}, "geometry": {"type": "LineString", "coordinates": [[-88.1008008, 41.755228], [-88.1006805, 41.7552446], [-88.1001048, 41.7553238], [-88.1000185, 41.755326]]}}, {"type": "Feature", "id": 22089778, "properties": {"osm_id": 22089778, "osm_type": "way", "highway": "residential", "lanes": "1", "name": "Black Stallion Court", "oneway": "yes"}, "geometry": {"type": "LineString", "coordinates": [[-88.0997907, 41.7552447], [-88.0996864, 41.7552554], [-88.0996424, 41.7552985], [-88.0996319, 41.7553523], [-88.0996891, 41.7553993], [-88.0997734, 41.7554032], [-88.1000185, 41.755326], [-88.0997907, 41.7552447]]}}, {"type": "Feature", "id": 22089867, "properties": {"osm_id": 22089867, "osm_type": "way", "highway": "residential", "name": "Cornell Court"}, "geometry": {"type": "LineString", "coordinates": [[-88.098238, 41.742271], [-88.0981558, 41.7422381], [-88.098068, 41.742203], [-88.098016, 41.742188], [-88.097895, 41.742166], [-88.0970944, 41.742113], [-88.0970649, 41.742108], [-88.0969064, 41.7420812]]}}, {"type": "Feature", "id": 22089969, "properties": {"osm_id": 22089969, "osm_type": "way", "highway": "residential", "name": "Knox Court"}, "geometry": {"type": "LineString", "coordinates": [[-88.097617, 41.744615], [-88.0975283, 41.7446113], [-88.097307, 41.744602]]}}, {"type": "Feature", "id": 22089981, "properties": {"osm_id": 22089981, "osm_type": "way", "highway": "residential", "name": "Dartmouth Court"}, "geometry": {"type": "LineString", "coordinates": [[-88.1017614, 41.740435], [-88.1016188, 41.7404253], [-88.101083, 41.740389], [-88.101007, 41.740392], [-88.100959, 41.740401], [-88.100912, 41.740415], [-88.100862, 41.740436], [-88.100827, 41.740456], [-88.100794, 41.740481], [-88.100755, 41.740521], [-88.1004253, 41.7409712], [-88.100383, 41.741029]]}}, {"type": "Feature", "id": 22089984, "properties": {"osm_id": 22089984, "osm_type": "way", "highway": "residential", "name": "Montclair Drive"}, "geometry": {"type": "LineString", "coordinates": [[-88.101981, 41.733929], [-88.1019065, 41.7338854], [-88.101626, 41.733721], [-88.101496, 41.733629], [-88.101383, 41.733524], [-88.101295, 41.733414], [-88.1007267, 41.7325917], [-88.100671, 41.732511], [-88.1006247, 41.7324444], [-88.100575, 41.732373], [-88.100428, 41.732251], [-88.100335, 41.732208], [-88.100153, 41.732165], [-88.099992, 41.732162], [-88.0984491, 41.7321863], [-88.098343, 41.732188]]}}, {"type": "Feature", "id": 22089996, "properties": {"osm_id": 22089996, "osm_type": "way", "highway": "residential", "lanes": "2", "maxspeed": "25 mph", "name": "Elizabeth Avenue"}, "geometry": {"type": "LineString", "coordinates": [[-88.1249100646082, 41.77080593717904], [-88.1246353, 41.7707882], [-88.124531, 41.770781], [-88.1244257, 41.7707749], [-88.124024, 41.77075], [-88.123737, 41.770728], [-88.123471, 41.770664], [-88.123371, 41.770621], [-88.123242, 41.770566], [-88.12295, 41.770408], [-88.122731, 41.770311], [-88.122679, 41.770297], [-88.122598, 41.770266], [-88.122325, 41.770185], [-88.122209, 41.770156], [-88.122004, 41.770114], [-88.121318, 41.769979], [-88.121168, 41.769954], [-88.121065, 41.769941], [-88.120854, 41.769924], [-88.1204653, 41.7699047], [-88.1204346, 41.7699032], [-88.1202648, 41.7698954]]}}, {"type": "Feature", "id": 22090263, "properties": {"osm_id": 22090263, "osm_type": "way", "highway": "residential", "lanes": "2", "name": "Aberdour Lane"}, "geometry": {"type": "LineString", "coordinates": [[-88.115399, 41.7691395], [-88.1153877, 41.7692221], [-88.1153654, 41.769335], [-88.115346, 41.769394], [-88.1153307, 41.7694295], [-88.1153083, 41.7694748], [-88.1152816, 41.769517], [-88.115132, 41.769696], [-88.11509, 41.7697595], [-88.1150763, 41.7697938], [-88.1150567, 41.769838], [-88.1150357, 41.7699015], [-88.11499, 41.7701675], [-88.1149663, 41.770234], [-88.1149244, 41.7703225], [-88.114876, 41.7703945], [-88.1148303, 41.7704478], [-88.114763, 41.770518]]}}, {"type": "Feature", "id": 22090391, "properties": {"osm_id": 22090391, "osm_type": "way", "highway": "residential", "lanes": "2", "name": "Collingwood Drive"}, "geometry": {"type": "LineString", "coordinates": [[-88.1130841, 41.7597333], [-88.1129287, 41.7597448]]}}, {"type": "Feature", "id": 22090392, "properties": {"osm_id": 22090392, "osm_type": "way", "highway": "service", "name": "Collingwood Drive"}, "geometry": {"type": "LineString", "coordinates": [[-88.1102873, 41.7595484], [-88.1102144, 41.759612], [-88.1100228, 41.7597794], [-88.1099807, 41.759804], [-88.1099298, 41.7598137], [-88.1098832, 41.7598044], [-88.109846, 41.7597824], [-88.1098252, 41.7597556], [-88.1098232, 41.7597147], [-88.1098539, 41.7596774], [-88.1100657, 41.7595101], [-88.1101384, 41.7594526]]}}, {"type": "Feature", "id": 22090510, "properties": {"osm_id": 22090510, "osm_type": "way", "highway": "residential", "name": "Oxford Court", "oneway": "yes"}, "geometry": {"type": "LineString", "coordinates": [[-88.1216068, 41.7709394], [-88.1215551, 41.7709429], [-88.1215095, 41.7709496], [-88.1214746, 41.7709696], [-88.1214585, 41.7709996], [-88.1214585, 41.7710316], [-88.1214817, 41.7710628], [-88.1215229, 41.7710916], [-88.1218394, 41.7712256], [-88.1218769, 41.7712256], [-88.1219172, 41.7712156], [-88.1219467, 41.7711936], [-88.1219628, 41.7711676], [-88.1219681, 41.7711436], [-88.1219628, 41.7711176], [-88.121944, 41.7710916], [-88.1219091, 41.7710636], [-88.1216068, 41.7709394]]}}, {"type": "Feature", "id": 22090581, "properties": {"osm_id": 22090581, "osm_type": "way", "highway": "tertiary", "lanes": "2", "maxspeed": "25 mph", "name": "Lisson Road"}, "geometry": {"type": "LineString", "coordinates": [[-88.099939, 41.736604], [-88.1000395, 41.7365203], [-88.100196, 41.73639], [-88.1003027, 41.736305], [-88.100454, 41.736211], [-88.100562, 41.736151], [-88.100722, 41.736068], [-88.101194, 41.735823], [-88.101391, 41.735711], [-88.1015235, 41.7356238], [-88.10159, 41.73558], [-88.101764, 41.73545], [-88.101848, 41.735381], [-88.101981, 41.735261], [-88.102134, 41.735115], [-88.1021942, 41.7350577], [-88.10255685216013, 41.73471282134132]]}}, {"type": "Feature", "id": 22090918, "properties": {"osm_id": 22090918, "osm_type": "way", "highway": "residential", "lanes": "1", "name": "Ridgely Court", "oneway": "yes"}, "geometry": {"type": "LineString", "coordinates": [[-88.112213, 41.7589737], [-88.1122385, 41.7589546], [-88.1122541, 41.7589303], [-88.1122582, 41.7589042], [-88.1122509, 41.7588785], [-88.1122329, 41.7588559], [-88.1122061, 41.7588388], [-88.1121735, 41.758829], [-88.1121383, 41.7588275], [-88.1121043, 41.7588345], [-88.1120752, 41.7588493], [-88.1120539, 41.7588702], [-88.1120426, 41.7588958], [-88.1120433, 41.7589227], [-88.1120557, 41.758948], [-88.1120786, 41.7589689], [-88.1121094, 41.758983], [-88.1121447, 41.7589887], [-88.1121805, 41.7589855], [-88.112213, 41.7589737]]}}, {"type": "Feature", "id": 22090961, "properties": {"osm_id": 22090961, "osm_type": "way", "highway": "residential", "lanes": "2", "name": "Brunswick Court"}, "geometry": {"type": "LineString", "coordinates": [[-88.12044653222857, 41.763598794510074], [-88.1203925, 41.7635995], [-88.1203101, 41.7636025], [-88.12018, 41.763647], [-88.120069, 41.763718]]}}, {"type": "Feature", "id": 22091044, "properties": {"osm_id": 22091044, "osm_type": "way", "highway": "residential", "name": "Middleburg Court", "oneway": "no"}, "geometry": {"type": "LineString", "coordinates": [[-88.114828, 41.767842], [-88.11474, 41.767899], [-88.11472, 41.767912], [-88.114562, 41.768], [-88.114423, 41.768055], [-88.114301, 41.768091], [-88.114211, 41.768112], [-88.114107, 41.768128], [-88.113956, 41.76814], [-88.113793, 41.768137], [-88.1130954, 41.7681086]]}}, {"type": "Feature", "id": 22091138, "properties": {"osm_id": 22091138, "osm_type": "way", "highway": "residential", "lanes": "2", "maxspeed": "25 mph", "name": "Furman Drive", "oneway": "no"}, "geometry": {"type": "LineString", "coordinates": [[-88.10505, 41.739785], [-88.1049954, 41.7398503], [-88.104887, 41.73998], [-88.104765, 41.740137], [-88.104694, 41.740255], [-88.104635, 41.740386], [-88.104589, 41.74054], [-88.1045429, 41.7407439], [-88.104528, 41.74081], [-88.1045096, 41.7408925], [-88.1043584, 41.7415706], [-88.104344, 41.741635]]}}, {"type": "Feature", "id": 22091139, "properties": {"osm_id": 22091139, "osm_type": "way", "highway": "residential", "lanes": "2", "maxspeed": "25 mph", "name": "Furman Drive", "oneway": "no"}, "geometry": {"type": "LineString", "coordinates": [[-88.10515626881977, 41.738910027752915], [-88.105072, 41.738947], [-88.1044388, 41.7391827], [-88.10436, 41.739212]]}}, {"type": "Feature", "id": 22091157, "properties": {"osm_id": 22091157, "osm_type": "way", "highway": "residential", "lanes": "2", "maxspeed": "25 mph", "name": "Hyde Park Lane", "oneway": "no"}, "geometry": {"type": "LineString", "coordinates": [[-88.10988429119372, 41.746544235123466], [-88.110051, 41.747726], [-88.110075, 41.747816], [-88.110103, 41.747871], [-88.110163, 41.747949], [-88.110199, 41.747982], [-88.110264, 41.748029], [-88.110303, 41.748049], [-88.110395, 41.748083], [-88.110499, 41.748107], [-88.110627, 41.74812], [-88.11074, 41.74812], [-88.11085838557713, 41.748117078467516]]}}, {"type": "Feature", "id": 22091173, "properties": {"osm_id": 22091173, "osm_type": "way", "highway": "residential", "lanes": "2", "name": "Devon Lane"}, "geometry": {"type": "LineString", "coordinates": [[-88.1171827, 41.7754345], [-88.1176563, 41.775077], [-88.1177161, 41.7750205], [-88.117751, 41.774971], [-88.1177732, 41.7749268], [-88.117778, 41.774897], [-88.1178, 41.774827], [-88.1179787, 41.7731443], [-88.1179871, 41.7730651]]}}, {"type": "Feature", "id": 22091300, "properties": {"osm_id": 22091300, "osm_type": "way", "highway": "residential", "name": "Hunter Circle"}, "geometry": {"type": "MultiLineString", "coordinates": [[[-88.110846, 41.753731], [-88.1109733, 41.7537086], [-88.1115712, 41.7536036], [-88.1118047, 41.7535626], [-88.111855, 41.753542], [-88.111913, 41.7535], [-88.111941, 41.753468], [-88.111963, 41.753428], [-88.11197, 41.753399], [-88.111969, 41.753354], [-88.1119638, 41.7533159], [-88.1119026, 41.7528716], [-88.1118362, 41.7523892], [-88.111824, 41.752301], [-88.1118141, 41.7522292], [-88.111478, 41.749805], [-88.1114702, 41.7497623], [-88.111459, 41.749701], [-88.111429, 41.749622], [-88.111372, 41.749585], [-88.111323, 41.749576], [-88.111243, 41.749575], [-88.1111743, 41.7495802], [-88.110617, 41.749622], [-88.1105532, 41.7496297], [-88.110435, 41.749644], [-88.110368, 41.749668], [-88.110329, 41.749699], [-88.110307, 41.749739], [-88.1103221, 41.7498499], [-88.1104746, 41.7509721], [-88.110484, 41.751041], [-88.1104971, 41.751136], [-88.1106098, 41.7519514], [-88.11062, 41.752025], [-88.1106337, 41.7521235], [-88.110818, 41.753446], [-88.1108365, 41.7536339], [-88.110846, 41.753731]], [[-88.110846, 41.753731], [-88.1108554, 41.7538237], [-88.110905, 41.7541624], [-88.1109088, 41.7541885], [-88.1109329, 41.7543121]]]}}, {"type": "Feature", "id": 22091306, "properties": {"osm_id": 22091306, "osm_type": "way", "highway": "residential", "name": "Ramsgate Court", "oneway": "no"}, "geometry": {"type": "LineString", "coordinates": [[-88.110931, 41.760669], [-88.1109355, 41.7607671], [-88.110985, 41.761856]]}}, {"type": "Feature", "id": 22091310, "properties": {"osm_id": 22091310, "osm_type": "way", "highway": "residential", "name": "Shady Grove Court"}, "geometry": {"type": "MultiLineString", "coordinates": [[[-88.089985, 41.747165], [-88.0899347, 41.7471028], [-88.089826, 41.746963], [-88.089796, 41.74694], [-88.089764, 41.746923], [-88.089724, 41.746911], [-88.089679, 41.746904], [-88.0893647, 41.746909]], [[-88.0893647, 41.746909], [-88.089307, 41.7468739], [-88.0891502, 41.7468726], [-88.089099, 41.7468996], [-88.0891031, 41.74701], [-88.0891532, 41.7470404], [-88.0893123, 41.747042], [-88.089366, 41.747014], [-88.0893647, 41.746909]]]}}, {"type": "Feature", "id": 22091401, "properties": {"osm_id": 22091401, "osm_type": "way", "highway": "residential", "lanes": "2", "maxspeed": "25 mph", "name": "Edward Road"}, "geometry": {"type": "LineString", "coordinates": [[-88.1205024, 41.768008], [-88.1206708, 41.7680225], [-88.121724, 41.76812], [-88.122051, 41.768143], [-88.12219, 41.768141], [-88.122386, 41.768122], [-88.122559, 41.768088], [-88.122756, 41.768028], [-88.12310610385924, 41.76789313149486]]}}, {"type": "Feature", "id": 22091570, "properties": {"osm_id": 22091570, "osm_type": "way", "highway": "residential", "name": "Nutmeg Lane"}, "geometry": {"type": "LineString", "coordinates": [[-88.090649, 41.748327], [-88.090607, 41.748327]]}}, {"type": "Feature", "id": 22091572, "properties": {"osm_id": 22091572, "osm_type": "way", "highway": "residential", "name": "Nutmeg Lane"}, "geometry": {"type": "LineString", "coordinates": [[-88.094416, 41.74693], [-88.0943219, 41.7469021], [-88.094227, 41.746874], [-88.094148, 41.746855], [-88.093996, 41.74683], [-88.093846, 41.746819], [-88.09245, 41.746847], [-88.092304, 41.746853], [-88.092177, 41.746868], [-88.092062, 41.746895], [-88.091926, 41.746942], [-88.09182, 41.746993], [-88.091754, 41.747035], [-88.091654, 41.747114], [-88.091392, 41.747343], [-88.091135, 41.747538], [-88.09092, 41.747695], [-88.090815, 41.747798], [-88.090757, 41.74787], [-88.090711, 41.747952], [-88.090675, 41.748055], [-88.090663, 41.748112], [-88.0906542, 41.7482466], [-88.0906537, 41.7482541], [-88.090649, 41.748327]]}}, {"type": "Feature", "id": 22091752, "properties": {"osm_id": 22091752, "osm_type": "way", "highway": "residential", "lanes": "2", "name": "Fox Trail Court"}, "geometry": {"type": "LineString", "coordinates": [[-88.1021484, 41.7532518], [-88.1021366, 41.7531782], [-88.1020525, 41.7526576], [-88.1020754, 41.752491]]}}, {"type": "Feature", "id": 22091846, "properties": {"osm_id": 22091846, "osm_type": "way", "highway": "residential", "lanes": "2", "maxspeed": "25 mph", "name": "Canyon Run Road", "oneway": "no"}, "geometry": {"type": "LineString", "coordinates": [[-88.100166, 41.733571], [-88.1000766, 41.7336052], [-88.099601, 41.733787], [-88.099485, 41.733839], [-88.0994, 41.733886], [-88.099361, 41.733919], [-88.09932, 41.73397], [-88.099302, 41.734012], [-88.09929, 41.734062], [-88.0992911, 41.7341014], [-88.099293, 41.734174], [-88.09932, 41.734251], [-88.099384, 41.734344], [-88.099429, 41.73438], [-88.099498, 41.7344345], [-88.100125, 41.73493], [-88.100181, 41.73497], [-88.100269, 41.735018], [-88.100335, 41.735046], [-88.100371, 41.735055], [-88.100442, 41.735065], [-88.1004813, 41.7350667], [-88.100511, 41.735068], [-88.1006, 41.735064], [-88.100658, 41.735054], [-88.10072, 41.735038], [-88.10081, 41.735005], [-88.100865, 41.734975], [-88.100961, 41.734898], [-88.1012024, 41.7346686], [-88.101262, 41.734612], [-88.1013307, 41.7345467], [-88.1019143, 41.7339924], [-88.101981, 41.733929], [-88.10203772010036, 41.733874593117434]]}}, {"type": "Feature", "id": 22092030, "properties": {"osm_id": 22092030, "osm_type": "way", "highway": "residential", "name": "Harvard Avenue"}, "geometry": {"type": "LineString", "coordinates": [[-88.101342, 41.738635], [-88.1013119, 41.738569], [-88.10127, 41.738477], [-88.101196, 41.738374], [-88.10113, 41.738311], [-88.101042, 41.738242], [-88.100898, 41.738154], [-88.1008129, 41.7381142], [-88.100804, 41.73811], [-88.100735, 41.738088], [-88.1006926, 41.738078], [-88.100519, 41.738037], [-88.099609, 41.737847], [-88.099458, 41.737797], [-88.099378, 41.737757], [-88.0992852, 41.7377012], [-88.0992, 41.73765]]}}, {"type": "Feature", "id": 22092084, "properties": {"osm_id": 22092084, "osm_type": "way", "highway": "residential", "name": "Beloit Drive"}, "geometry": {"type": "LineString", "coordinates": [[-88.097943, 41.737509], [-88.0978719, 41.737493], [-88.097557, 41.737422], [-88.097437, 41.737406], [-88.097337, 41.737405], [-88.097194, 41.737415], [-88.096783, 41.737466], [-88.096725, 41.737469], [-88.09666, 41.737467], [-88.096584, 41.737459], [-88.096458, 41.737434], [-88.096378, 41.737412], [-88.0962944, 41.737381], [-88.096246, 41.737347], [-88.096195, 41.737308], [-88.0961849, 41.7372975], [-88.096119, 41.737229], [-88.096056, 41.737155], [-88.095923, 41.736984], [-88.095849, 41.73692], [-88.0955866, 41.7367413], [-88.095507, 41.736687]]}}, {"type": "Feature", "id": 22092145, "properties": {"osm_id": 22092145, "osm_type": "way", "highway": "residential", "name": "Tufts Court"}, "geometry": {"type": "LineString", "coordinates": [[-88.101033, 41.737705], [-88.1007821, 41.7380274], [-88.100735, 41.738088]]}}, {"type": "Feature", "id": 22092609, "properties": {"osm_id": 22092609, "osm_type": "way", "highway": "residential", "name": "Spice Circle"}, "geometry": {"type": "LineString", "coordinates": [[-88.094239, 41.747527], [-88.0942547, 41.7474528], [-88.094268, 41.74739], [-88.094297, 41.747249], [-88.094346, 41.747093], [-88.0943812, 41.747011], [-88.094416, 41.74693], [-88.0944508, 41.746849], [-88.094675, 41.746327], [-88.094676, 41.746295], [-88.094657, 41.746239], [-88.094622, 41.746193], [-88.094591, 41.746172], [-88.094543, 41.746156], [-88.094213, 41.74608], [-88.0941, 41.746064], [-88.094035, 41.746059], [-88.093943, 41.746058], [-88.093732, 41.746062], [-88.0910916, 41.7461157], [-88.090982, 41.746118]]}}, {"type": "Feature", "id": 22092701, "properties": {"osm_id": 22092701, "osm_type": "way", "highway": "residential", "name": "Hollytowne Court"}, "geometry": {"type": "LineString", "coordinates": [[-88.092291, 41.747881], [-88.0923773, 41.7479451], [-88.092462, 41.748008], [-88.092499, 41.748053], [-88.092528, 41.748106], [-88.092551, 41.748192]]}}, {"type": "Feature", "id": 22093019, "properties": {"osm_id": 22093019, "osm_type": "way", "highway": "residential", "name": "Thistle Hill Court"}, "geometry": {"type": "LineString", "coordinates": [[-88.089618, 41.747592], [-88.089516, 41.7475788], [-88.089392, 41.747566], [-88.089187, 41.747534]]}}, {"type": "Feature", "id": 22093306, "properties": {"osm_id": 22093306, "osm_type": "way", "highway": "residential", "name": "Justin Court", "oneway": "no"}, "geometry": {"type": "LineString", "coordinates": [[-88.107498, 41.754232], [-88.107614, 41.7542121], [-88.1083344, 41.7540886]]}}, {"type": "Feature", "id": 22093321, "properties": {"osm_id": 22093321, "osm_type": "way", "highway": "residential", "name": "Beloit Court"}, "geometry": {"type": "LineString", "coordinates": [[-88.097194, 41.737415], [-88.0971844, 41.7373696], [-88.097049, 41.736726]]}}, {"type": "Feature", "id": 22093449, "properties": {"osm_id": 22093449, "osm_type": "way", "highway": "residential", "name": "Overton Court", "oneway": "no"}, "geometry": {"type": "LineString", "coordinates": [[-88.1139808, 41.756572], [-88.1139118, 41.7565226], [-88.113484, 41.756216], [-88.113402, 41.756146], [-88.113333, 41.75608], [-88.113237, 41.75597], [-88.113155, 41.755839], [-88.1131006, 41.7556983], [-88.1130942, 41.7556274], [-88.1131025, 41.7555855], [-88.113133, 41.7555179]]}}, {"type": "Feature", "id": 22093508, "properties": {"osm_id": 22093508, "osm_type": "way", "highway": "residential", "name": "Flowerfield Court"}, "geometry": {"type": "LineString", "coordinates": [[-88.093267, 41.747624], [-88.093278, 41.747721], [-88.093269, 41.747757], [-88.09324, 41.747822], [-88.093232, 41.747859], [-88.09323, 41.747898], [-88.09324, 41.748045], [-88.093262, 41.748105], [-88.093285, 41.748135], [-88.0934709, 41.7482375]]}}, {"type": "Feature", "id": 22094007, "properties": {"osm_id": 22094007, "osm_type": "way", "highway": "residential", "name": "Iona Avenue"}, "geometry": {"type": "LineString", "coordinates": [[-88.097766, 41.73831], [-88.0977818, 41.7382342], [-88.097915, 41.737593], [-88.0979274, 41.7375557], [-88.097943, 41.737509], [-88.097961, 41.737454], [-88.0979663, 41.7374426], [-88.097997, 41.737376], [-88.098169, 41.736935], [-88.098187, 41.73686], [-88.0981925, 41.7367764], [-88.098197, 41.736708], [-88.098178, 41.73657], [-88.098036, 41.7359676], [-88.098017, 41.735887]]}}, {"type": "Feature", "id": 22094683, "properties": {"osm_id": 22094683, "osm_type": "way", "highway": "residential", "name": "Brittany Avenue"}, "geometry": {"type": "LineString", "coordinates": [[-88.11062, 41.752025], [-88.1105294, 41.7520395], [-88.110519, 41.7520412], [-88.110059, 41.752115], [-88.109767, 41.752164], [-88.1095469, 41.7522009], [-88.1094448, 41.752218], [-88.109357, 41.7522308], [-88.109274, 41.752243], [-88.109221, 41.752252], [-88.1086267, 41.7523488], [-88.108503, 41.752369]]}}, {"type": "Feature", "id": 22094939, "properties": {"osm_id": 22094939, "osm_type": "way", "highway": "residential", "name": "Wexford Court", "oneway": "no"}, "geometry": {"type": "LineString", "coordinates": [[-88.118864, 41.76113], [-88.1188173, 41.7612071], [-88.118757, 41.7613067], [-88.1187375, 41.7613848]]}}, {"type": "Feature", "id": 22095494, "properties": {"osm_id": 22095494, "osm_type": "way", "highway": "residential", "name": "Little Berry Court"}, "geometry": {"type": "LineString", "coordinates": [[-88.090607, 41.748327], [-88.0906052, 41.7484162], [-88.090607, 41.74854], [-88.090613, 41.748571], [-88.090659, 41.748708]]}}, {"type": "Feature", "id": 22095534, "properties": {"osm_id": 22095534, "osm_type": "way", "highway": "residential", "lanes": "2", "maxspeed": "25 mph", "name": "Auburn Avenue", "oneway": "no"}, "geometry": {"type": "LineString", "coordinates": [[-88.10585925184579, 41.74004511506303], [-88.105267, 41.739868], [-88.1051, 41.739809], [-88.10505, 41.739785], [-88.104975, 41.739748], [-88.104782, 41.739632], [-88.104636, 41.739523], [-88.104538, 41.739433], [-88.104442, 41.739327], [-88.10436, 41.739212], [-88.1043176, 41.7391529], [-88.104289, 41.739113], [-88.10408, 41.738795], [-88.103949, 41.738596], [-88.103897, 41.738533], [-88.103843, 41.738477], [-88.103728, 41.738382], [-88.103619, 41.738312], [-88.103571, 41.738288], [-88.103486, 41.738254], [-88.103293, 41.738198], [-88.103164, 41.738176], [-88.103105, 41.738171], [-88.103052, 41.738166], [-88.102929, 41.738167], [-88.102783, 41.73818], [-88.10267, 41.7382], [-88.102547, 41.73823], [-88.102409, 41.738273], [-88.1023209, 41.7383041], [-88.102171, 41.738357], [-88.102016, 41.7384105], [-88.101505, 41.738587], [-88.1014347, 41.7386077], [-88.101342, 41.738635], [-88.1012444, 41.7386582], [-88.101098, 41.738693], [-88.100883, 41.73873], [-88.100682, 41.738754], [-88.100459, 41.73877], [-88.100249, 41.738773], [-88.100162, 41.738771], [-88.100048, 41.738762]]}}, {"type": "Feature", "id": 22095622, "properties": {"osm_id": 22095622, "osm_type": "way", "highway": "residential", "name": "Wydown Court", "oneway": "no"}, "geometry": {"type": "LineString", "coordinates": [[-88.1149285, 41.7558726], [-88.1148641, 41.755824], [-88.114702, 41.755705], [-88.114626, 41.755639], [-88.1145639, 41.755559], [-88.11453, 41.755466], [-88.1145159, 41.7553865], [-88.114525, 41.7553293], [-88.1145498, 41.7552692], [-88.1145958, 41.7552096]]}}, {"type": "Feature", "id": 22095852, "properties": {"osm_id": 22095852, "osm_type": "way", "highway": "residential", "lanes": "2", "maxspeed": "25 mph", "name": "Arthur Road"}, "geometry": {"type": "LineString", "coordinates": [[-88.12230573458082, 41.766600797288035], [-88.1209907, 41.7662566], [-88.1209668, 41.7662504], [-88.1208027, 41.7662185]]}}, {"type": "Feature", "id": 22096205, "properties": {"osm_id": 22096205, "osm_type": "way", "highway": "residential", "lanes": "2", "name": "Kallien Avenue"}, "geometry": {"type": "LineString", "coordinates": [[-88.112188, 41.771554], [-88.1122947, 41.771599], [-88.1124729, 41.771679], [-88.1126344, 41.7717435], [-88.112726, 41.7717748], [-88.1128304, 41.771804], [-88.112938, 41.7718285], [-88.1130405, 41.7718478], [-88.1131464, 41.771862], [-88.1133075, 41.771875], [-88.1152498, 41.7720068], [-88.1153638, 41.772013], [-88.115487, 41.7720203], [-88.1156534, 41.77203], [-88.115779, 41.7720358], [-88.1159399, 41.7720355], [-88.11671, 41.77199]]}}, {"type": "Feature", "id": 22097253, "properties": {"osm_id": 22097253, "osm_type": "way", "highway": "residential", "name": "Princeton Circle"}, "geometry": {"type": "LineString", "coordinates": [[-88.0955793, 41.7458813], [-88.0956995, 41.7459036], [-88.095904, 41.745957], [-88.096029, 41.745995], [-88.096125, 41.746031], [-88.096553, 41.746221], [-88.096597, 41.746248], [-88.0966103, 41.7462633], [-88.096623, 41.746278], [-88.0966324, 41.746322], [-88.096636, 41.746339], [-88.096444, 41.746921], [-88.09643, 41.746947], [-88.0963974, 41.7469752], [-88.096385, 41.746986], [-88.096348, 41.747], [-88.096294, 41.747006], [-88.095835, 41.746932], [-88.095664, 41.746899], [-88.0953107, 41.7468246], [-88.0952416, 41.74681]]}}, {"type": "Feature", "id": 22097386, "properties": {"osm_id": 22097386, "osm_type": "way", "highway": "residential", "name": "Cranshire Lane"}, "geometry": {"type": "LineString", "coordinates": [[-88.092653, 41.73978], [-88.0925468, 41.7397821], [-88.0915431, 41.7398021], [-88.091448, 41.739804], [-88.0913416, 41.7398062], [-88.0894149, 41.7398458], [-88.089307, 41.739848]]}}, {"type": "Feature", "id": 22098123, "properties": {"osm_id": 22098123, "osm_type": "way", "highway": "residential", "name": "Ithaca Drive"}, "geometry": {"type": "MultiLineString", "coordinates": [[[-88.100671, 41.732511], [-88.1007562, 41.7324801], [-88.10082, 41.732457], [-88.10109395933029, 41.73235072862251]], [[-88.10046114803693, 41.731328945674406], [-88.0984298, 41.7313622], [-88.09832, 41.731364]]]}}, {"type": "Feature", "id": 22098206, "properties": {"osm_id": 22098206, "osm_type": "way", "highway": "residential", "lanes": "2", "name": "Westmoreland Court"}, "geometry": {"type": "LineString", "coordinates": [[-88.1158544, 41.7738499], [-88.1154124, 41.7738323], [-88.1153031, 41.7738279]]}}, {"type": "Feature", "id": 22098305, "properties": {"osm_id": 22098305, "osm_type": "way", "highway": "residential", "lanes": "2", "maxspeed": "25 mph", "name": "Duquesne Avenue", "oneway": "no"}, "geometry": {"type": "LineString", "coordinates": [[-88.1053955, 41.740854], [-88.105169, 41.740882], [-88.105123, 41.740883], [-88.1046267, 41.7408221], [-88.104528, 41.74081], [-88.1044329, 41.740798], [-88.102963, 41.740613]]}}, {"type": "Feature", "id": 22098424, "properties": {"osm_id": 22098424, "osm_type": "way", "highway": "residential", "name": "Lazy Hollow Court"}, "geometry": {"type": "MultiLineString", "coordinates": [[[-88.089946, 41.748321], [-88.0899222, 41.7484106], [-88.089899, 41.748498], [-88.089884, 41.74853], [-88.089852, 41.748567], [-88.089811, 41.748597], [-88.089774, 41.748613], [-88.089707, 41.748626], [-88.089572, 41.74863], [-88.0894753, 41.74863]], [[-88.0894753, 41.74863], [-88.0894705, 41.7485654], [-88.0894142, 41.7485269], [-88.0892911, 41.7485271], [-88.0892426, 41.7485749], [-88.0892483, 41.7486969], [-88.089307, 41.748739], [-88.0894119, 41.7487375], [-88.0894707, 41.7487022], [-88.0894753, 41.74863]]]}}, {"type": "Feature", "id": 22098741, "properties": {"osm_id": 22098741, "osm_type": "way", "highway": "residential", "name": "Atwood Circle"}, "geometry": {"type": "LineString", "coordinates": [[-88.091448, 41.739804], [-88.0914515, 41.7398927], [-88.091478, 41.740558], [-88.09147, 41.740602], [-88.091447, 41.740637], [-88.091418, 41.740657], [-88.091363, 41.740676], [-88.0907814, 41.7406861], [-88.090672, 41.740688], [-88.0905878, 41.7406893], [-88.089703, 41.740703], [-88.089646, 41.740704], [-88.089547, 41.740686], [-88.08949, 41.740664], [-88.0894414, 41.7406379], [-88.089414, 41.740617], [-88.089387, 41.740592], [-88.089357, 41.740555], [-88.08934, 41.740525], [-88.089321, 41.740462], [-88.0893142, 41.7401616], [-88.0893086, 41.7399173], [-88.089307, 41.739848]]}}, {"type": "Feature", "id": 22099245, "properties": {"osm_id": 22099245, "osm_type": "way", "highway": "residential", "name": "Kallien Court", "oneway": "no"}, "geometry": {"type": "LineString", "coordinates": [[-88.11671, 41.77199], [-88.1168372, 41.771984], [-88.117047, 41.771974], [-88.117398, 41.771989], [-88.1179311, 41.7720224]]}}, {"type": "Feature", "id": 22100134, "properties": {"osm_id": 22100134, "osm_type": "way", "highway": "residential", "name": "Turnbridge Circle"}, "geometry": {"type": "LineString", "coordinates": [[-88.112253, 41.760679], [-88.1122226, 41.7607818], [-88.112219, 41.760794], [-88.112204, 41.760958], [-88.112282, 41.7627038], [-88.112285, 41.762772], [-88.1122885, 41.7628609], [-88.112294, 41.763003], [-88.112283, 41.763098], [-88.112254, 41.763191], [-88.112203, 41.763292], [-88.1121145, 41.7634036], [-88.112084, 41.763442], [-88.112047, 41.76347], [-88.112014, 41.763496], [-88.111883, 41.763567], [-88.111793, 41.763607], [-88.111725, 41.763631], [-88.111615, 41.763658], [-88.111457, 41.763679], [-88.110529, 41.763701], [-88.11041, 41.763713], [-88.110337, 41.763727], [-88.110281, 41.763729], [-88.110248, 41.763712], [-88.110225, 41.763687], [-88.110221, 41.763658], [-88.110239, 41.763549], [-88.11023, 41.763393], [-88.110199, 41.763263], [-88.110159, 41.763181], [-88.110117, 41.763118], [-88.110027, 41.763016], [-88.109955, 41.762943], [-88.109874, 41.762851], [-88.109826, 41.762778], [-88.109783, 41.762678], [-88.109767, 41.762614], [-88.109757, 41.762519], [-88.109689, 41.761092], [-88.109688, 41.761022]]}}, {"type": "Feature", "id": 22100226, "properties": {"osm_id": 22100226, "osm_type": "way", "highway": "residential", "name": "George Lane"}, "geometry": {"type": "LineString", "coordinates": [[-88.1255514469413, 41.7718415595487], [-88.1248428, 41.7720192], [-88.1247483, 41.7720293], [-88.1246484, 41.7720382], [-88.1245661, 41.772043], [-88.1244998, 41.7720409], [-88.1243852, 41.7720341]]}}, {"type": "Feature", "id": 22100374, "properties": {"osm_id": 22100374, "osm_type": "way", "highway": "residential", "lanes": "2", "name": "Durham Court"}, "geometry": {"type": "LineString", "coordinates": [[-88.1211044, 41.773134], [-88.1211118, 41.7730543], [-88.1211205, 41.77301], [-88.1211486, 41.77294], [-88.121261, 41.772664], [-88.121308, 41.772596], [-88.121336, 41.772525], [-88.121365, 41.772411], [-88.1213755, 41.7722805], [-88.1213863, 41.7722333], [-88.1214436, 41.7721355]]}}, {"type": "Feature", "id": 22102321, "properties": {"osm_id": 22102321, "osm_type": "way", "highway": "residential", "name": "Middleburg Road"}, "geometry": {"type": "LineString", "coordinates": [[-88.118219, 41.766516], [-88.1182046, 41.7666039], [-88.118121, 41.767112], [-88.118095, 41.767191], [-88.118062, 41.767245], [-88.118029, 41.767283], [-88.11799, 41.767319], [-88.117913, 41.767371], [-88.117843, 41.767404], [-88.117739, 41.767434], [-88.117632, 41.767447], [-88.117577, 41.767447], [-88.116099, 41.767356], [-88.115857, 41.767364], [-88.11577, 41.767375], [-88.115725, 41.767381], [-88.115564, 41.767425], [-88.115498, 41.767447], [-88.115402, 41.767486], [-88.115258, 41.767558], [-88.1149047, 41.7677914], [-88.114828, 41.767842]]}}, {"type": "Feature", "id": 22102438, "properties": {"osm_id": 22102438, "osm_type": "way", "highway": "residential", "lanes": "2", "name": "Crestwood Court"}, "geometry": {"type": "LineString", "coordinates": [[-88.120314, 41.769385], [-88.1201914, 41.7693765], [-88.1201692, 41.7693749], [-88.119619, 41.769335], [-88.11948, 41.769329], [-88.119318, 41.769335], [-88.119167, 41.769331], [-88.1182521, 41.7692905]]}}, {"type": "Feature", "id": 22102567, "properties": {"osm_id": 22102567, "osm_type": "way", "highway": "residential", "name": "Glenmore Court", "oneway": "no"}, "geometry": {"type": "LineString", "coordinates": [[-88.115005, 41.762811], [-88.1150016, 41.7627404], [-88.11498, 41.762297], [-88.114973, 41.762237], [-88.114935, 41.762134], [-88.114915, 41.762101], [-88.114856, 41.762029], [-88.114817, 41.761992], [-88.114759, 41.761949], [-88.114702, 41.761916], [-88.114612, 41.761876], [-88.11452, 41.761849], [-88.114406, 41.761831], [-88.114312, 41.761829], [-88.1141625, 41.7618343], [-88.1140769, 41.7618467], [-88.1139284, 41.7619217]]}}, {"type": "Feature", "id": 22103142, "properties": {"osm_id": 22103142, "osm_type": "way", "highway": "residential", "maxspeed": "25 mph", "name": "Pembroke Road"}, "geometry": {"type": "LineString", "coordinates": [[-88.122663, 41.7756262], [-88.122649, 41.775532], [-88.122644, 41.775461], [-88.122646, 41.775351], [-88.122778, 41.774381], [-88.122874, 41.77373], [-88.122894, 41.773557], [-88.1229, 41.773427], [-88.122883, 41.773339], [-88.122806, 41.773093], [-88.1228028, 41.7730871], [-88.122757, 41.773003], [-88.1227315, 41.7729403], [-88.122665, 41.772776], [-88.122654, 41.772694], [-88.122651, 41.772559], [-88.122677, 41.772446], [-88.122724, 41.772329], [-88.12278, 41.772234], [-88.12287, 41.772123], [-88.122979, 41.771956], [-88.123098, 41.771707], [-88.123143, 41.771572], [-88.123181, 41.771428], [-88.123207, 41.771278], [-88.123242, 41.770947], [-88.123295, 41.770781], [-88.123329, 41.7707095], [-88.123371, 41.770621]]}}, {"type": "Feature", "id": 22103158, "properties": {"osm_id": 22103158, "osm_type": "way", "highway": "residential", "lanes": "2", "maxspeed": "25 mph", "name": "Creighton Avenue", "oneway": "no"}, "geometry": {"type": "LineString", "coordinates": [[-88.10659467016346, 41.7412325747443], [-88.106013, 41.741595], [-88.10586, 41.741679], [-88.105767, 41.741716], [-88.105652, 41.741746], [-88.105584, 41.741757], [-88.105477, 41.741765], [-88.105396, 41.741764], [-88.1044458, 41.7416475], [-88.104344, 41.741635], [-88.103262, 41.741505]]}}, {"type": "Feature", "id": 22103347, "properties": {"osm_id": 22103347, "osm_type": "way", "highway": "residential", "name": "Bedford Court", "oneway": "no"}, "geometry": {"type": "LineString", "coordinates": [[-88.1191439, 41.7683992], [-88.1189276, 41.76821], [-88.118838, 41.768128]]}}, {"type": "Feature", "id": 22103850, "properties": {"osm_id": 22103850, "osm_type": "way", "highway": "residential", "name": "Brandeis Court"}, "geometry": {"type": "MultiLineString", "coordinates": [[[-88.0939797, 41.73957], [-88.0940675, 41.7395688], [-88.0945075, 41.739563], [-88.0946991, 41.739548]], [[-88.0946991, 41.739548], [-88.0950415, 41.7395212], [-88.0951059, 41.7394972], [-88.0951273, 41.7394611], [-88.0951166, 41.7394251], [-88.0950791, 41.7393891], [-88.0950361, 41.7393731], [-88.0949932, 41.7393771], [-88.0949557, 41.7393891], [-88.0946991, 41.739548]]]}}, {"type": "Feature", "id": 22104193, "properties": {"osm_id": 22104193, "osm_type": "way", "highway": "residential", "lanes": "2", "name": "Old Dominion Court"}, "geometry": {"type": "LineString", "coordinates": [[-88.115694, 41.766408], [-88.1155945, 41.7663973], [-88.1155667, 41.7663967], [-88.1155182, 41.7663955], [-88.1154051, 41.766403], [-88.1153335, 41.7664203], [-88.115082, 41.766485], [-88.115033, 41.766493], [-88.114966, 41.766497], [-88.1147595, 41.766486]]}}, {"type": "Feature", "id": 22105195, "properties": {"osm_id": 22105195, "osm_type": "way", "highway": "residential", "lanes": "2", "maxspeed": "25 mph", "name": "Dunrobin Road"}, "geometry": {"type": "LineString", "coordinates": [[-88.120139, 41.771047], [-88.1200067, 41.7710397], [-88.1199752, 41.7710379], [-88.119596, 41.771017], [-88.118342, 41.770939], [-88.117952, 41.770897], [-88.117825, 41.770888], [-88.117697, 41.770887], [-88.117524, 41.770903], [-88.117441, 41.770916], [-88.1174, 41.770928], [-88.117248, 41.770952], [-88.117196, 41.770957], [-88.117154, 41.770961], [-88.117043, 41.770965], [-88.1169225, 41.7709702], [-88.1168173, 41.7709631], [-88.116708, 41.7709555], [-88.1164105, 41.770938], [-88.1160741, 41.7709181], [-88.1159194, 41.7709], [-88.1157758, 41.770878], [-88.1155892, 41.7708395], [-88.1153921, 41.770787], [-88.1153463, 41.7707722], [-88.115216, 41.77073], [-88.11498, 41.770622], [-88.1148563, 41.7705598], [-88.114763, 41.770518], [-88.1146957, 41.7704852], [-88.114582, 41.770436], [-88.1145014, 41.7704075], [-88.114373, 41.770372], [-88.1142837, 41.770352], [-88.1141729, 41.7703385], [-88.1140674, 41.77033], [-88.1139157, 41.7703285], [-88.113812, 41.7703305], [-88.113703, 41.7703326], [-88.1126191, 41.7703474], [-88.1125117, 41.770348]]}}, {"type": "Feature", "id": 22105266, "properties": {"osm_id": 22105266, "osm_type": "way", "highway": "residential", "lanes": "2", "maxspeed": "25 mph", "name": "Knoll Drive", "oneway": "no"}, "geometry": {"type": "LineString", "coordinates": [[-88.10435401187323, 41.737614645580415], [-88.104342, 41.737609], [-88.104263, 41.737581], [-88.103712, 41.737433], [-88.103206, 41.7373], [-88.103126, 41.737288], [-88.103038, 41.737284], [-88.102942, 41.737292], [-88.102053, 41.737478]]}}, {"type": "Feature", "id": 22105438, "properties": {"osm_id": 22105438, "osm_type": "way", "highway": "residential", "lanes": "2", "name": "Liberty Drive"}, "geometry": {"type": "LineString", "coordinates": [[-88.107313, 41.7594], [-88.10731, 41.7593265], [-88.1072216, 41.7571458], [-88.1072131, 41.7570608]]}}, {"type": "Feature", "id": 22105785, "properties": {"osm_id": 22105785, "osm_type": "way", "highway": "residential", "name": "Clarkson Court", "oneway": "no"}, "geometry": {"type": "LineString", "coordinates": [[-88.101826, 41.739459], [-88.101578, 41.739502], [-88.100988, 41.73961], [-88.100772, 41.739635], [-88.100641, 41.739641], [-88.100461, 41.739638], [-88.100281, 41.739623], [-88.0999923, 41.7395925], [-88.099893, 41.739582], [-88.0997991, 41.7395723], [-88.099468, 41.739538], [-88.099173, 41.739495], [-88.098975, 41.739454], [-88.098837, 41.739421], [-88.09863, 41.739357]]}}, {"type": "Feature", "id": 22106902, "properties": {"osm_id": 22106902, "osm_type": "way", "highway": "residential", "lanes": "2", "maxspeed": "25 mph", "name": "Muirhead Avenue", "oneway": "no"}, "geometry": {"type": "LineString", "coordinates": [[-88.10918894846054, 41.745421484383535], [-88.109129, 41.745423], [-88.10901, 41.745432], [-88.108764, 41.745478], [-88.10865, 41.745516], [-88.108536, 41.745573], [-88.108336, 41.745704], [-88.1082512, 41.7458144], [-88.108134, 41.745967], [-88.1080379, 41.7460679], [-88.1079209, 41.7461618], [-88.1078676, 41.746198], [-88.1077201, 41.7462753], [-88.107654, 41.74631], [-88.1074528, 41.7463832], [-88.107195, 41.746428], [-88.1069821, 41.746437], [-88.1067404, 41.7464152], [-88.1065175, 41.7463469], [-88.1064056, 41.7463047], [-88.1063387, 41.7462737], [-88.1061739, 41.7461974], [-88.1060656, 41.7461538], [-88.1059336, 41.7461142], [-88.105753, 41.746073], [-88.10561, 41.746066], [-88.105523, 41.7460678], [-88.105412, 41.74607], [-88.1052875, 41.7460727], [-88.1043652, 41.7460926], [-88.104255, 41.746095], [-88.1041516, 41.7460976], [-88.1036652, 41.7461099], [-88.1034899, 41.7461135]]}}, {"type": "Feature", "id": 22106951, "properties": {"osm_id": 22106951, "osm_type": "way", "highway": "residential", "name": "Rossmere Court", "oneway": "no"}, "geometry": {"type": "LineString", "coordinates": [[-88.116619, 41.759191], [-88.1165406, 41.7592575], [-88.116474, 41.759314], [-88.116425, 41.759366], [-88.116356, 41.759468], [-88.116311, 41.759587], [-88.116299, 41.759692], [-88.116305, 41.759768], [-88.116325, 41.759843], [-88.11636, 41.759922], [-88.116398, 41.759987], [-88.116481, 41.760096], [-88.116526, 41.760144], [-88.1166456, 41.760245], [-88.1167406, 41.7602977]]}}, {"type": "Feature", "id": 22107192, "properties": {"osm_id": 22107192, "osm_type": "way", "highway": "residential", "name": "Mundelein Road"}, "geometry": {"type": "LineString", "coordinates": [[-88.093843, 41.738835], [-88.0938826, 41.7389185], [-88.093915, 41.738987], [-88.093943, 41.739074], [-88.093958, 41.739154], [-88.0939758, 41.7394951], [-88.0939797, 41.73957], [-88.0939805, 41.7396409], [-88.0939881, 41.7402969], [-88.093989, 41.740377], [-88.0939904, 41.7404398], [-88.093999, 41.740827], [-88.094007, 41.740968], [-88.0940119, 41.740985], [-88.094016, 41.740999], [-88.094038, 41.741026], [-88.094069, 41.741047], [-88.094114, 41.741065], [-88.0941497, 41.7410735], [-88.094177, 41.74108], [-88.095262, 41.741283], [-88.095411, 41.741295], [-88.095532, 41.741292], [-88.0957034, 41.7412731], [-88.095832, 41.741259]]}}, {"type": "Feature", "id": 22107220, "properties": {"osm_id": 22107220, "osm_type": "way", "highway": "residential", "lanes": "2", "name": "Brodie Court"}, "geometry": {"type": "LineString", "coordinates": [[-88.113812, 41.7703305], [-88.1138223, 41.7702519], [-88.1138385, 41.770085]]}}, {"type": "Feature", "id": 22107265, "properties": {"osm_id": 22107265, "osm_type": "way", "highway": "residential", "name": "Hidden Valley Drive"}, "geometry": {"type": "LineString", "coordinates": [[-88.09845699268881, 41.72809289129053], [-88.0983259, 41.7280924], [-88.098221, 41.728092]]}}, {"type": "Feature", "id": 22108296, "properties": {"osm_id": 22108296, "osm_type": "way", "highway": "residential", "lanes": "2", "name": "Jane Avenue"}, "geometry": {"type": "LineString", "coordinates": [[-88.115259, 41.772918], [-88.1151654, 41.7729145], [-88.1146282, 41.7728926], [-88.11459972945798, 41.77289030542021]]}}, {"type": "Feature", "id": 22108305, "properties": {"osm_id": 22108305, "osm_type": "way", "highway": "residential", "name": "Jane Avenue"}, "geometry": {"type": "LineString", "coordinates": [[-88.12605243781668, 41.77265049570232], [-88.125664, 41.772745], [-88.124634, 41.772985], [-88.124536, 41.772997], [-88.12443, 41.773], [-88.12427, 41.772986], [-88.1241769, 41.7729803], [-88.123255, 41.772924], [-88.123159, 41.772922], [-88.123061, 41.772931], [-88.1228696, 41.772982], [-88.122757, 41.773003], [-88.1226593, 41.7730287], [-88.122641, 41.773034], [-88.122519, 41.773056], [-88.122362, 41.773076], [-88.122235, 41.773087], [-88.122042, 41.773097], [-88.121577, 41.7731205], [-88.1211044, 41.773134], [-88.120994, 41.7731371], [-88.1200806, 41.7731623], [-88.1200648, 41.7731628], [-88.1199141, 41.7731671]]}}, {"type": "Feature", "id": 22109234, "properties": {"osm_id": 22109234, "osm_type": "way", "highway": "residential", "name": "Woodbine Court", "oneway": "no"}, "geometry": {"type": "LineString", "coordinates": [[-88.118087, 41.760706], [-88.11803, 41.76072], [-88.1179995, 41.760731], [-88.117911, 41.760763], [-88.117794, 41.76082], [-88.117714, 41.760871], [-88.117622, 41.760947], [-88.117515, 41.7610618], [-88.1174775, 41.7611358]]}}, {"type": "Feature", "id": 22109323, "properties": {"osm_id": 22109323, "osm_type": "way", "highway": "residential", "name": "Morgan Circle"}, "geometry": {"type": "LineString", "coordinates": [[-88.090229, 41.742959], [-88.0906526, 41.7429511], [-88.090762, 41.742949], [-88.0908385, 41.7429476], [-88.091158, 41.742942], [-88.091397, 41.742927], [-88.091575, 41.742898], [-88.091735, 41.742856], [-88.092105, 41.742723], [-88.092163, 41.742709], [-88.09221, 41.742702], [-88.092339, 41.742694], [-88.0923703, 41.7426962], [-88.092425, 41.7427], [-88.0924436, 41.7427036], [-88.092471, 41.742709], [-88.092547, 41.742734], [-88.092649, 41.742784], [-88.092687, 41.74281], [-88.0927057, 41.7428258], [-88.09275, 41.742863], [-88.092781, 41.742898], [-88.092825, 41.742966], [-88.092842, 41.743007], [-88.092856, 41.74306], [-88.092862, 41.743117], [-88.0928879, 41.743715], [-88.092891, 41.743786], [-88.0928955, 41.7438781], [-88.092928, 41.744536], [-88.092925, 41.744596], [-88.092903, 41.744677], [-88.092864, 41.744749], [-88.092819, 41.744805], [-88.092753, 41.744863], [-88.092657, 41.74492], [-88.092584, 41.74495], [-88.092505, 41.744971], [-88.092439, 41.744982], [-88.092382, 41.744987], [-88.090324, 41.745027], [-88.090173, 41.745035], [-88.0899795, 41.745067], [-88.089877, 41.745084]]}}, {"type": "Feature", "id": 22110563, "properties": {"osm_id": 22110563, "osm_type": "way", "highway": "residential", "lanes": "2", "maxspeed": "25 mph", "name": "Nevis Drive", "oneway": "no"}, "geometry": {"type": "LineString", "coordinates": [[-88.10419, 41.744659], [-88.1041938, 41.7447437], [-88.1042506, 41.7459974], [-88.104255, 41.746095]]}}, {"type": "Feature", "id": 22111722, "properties": {"osm_id": 22111722, "osm_type": "way", "highway": "residential", "lanes": "2", "maxspeed": "25 mph", "name": "Yale Court", "oneway": "no"}, "geometry": {"type": "LineString", "coordinates": [[-88.1044, 41.743362], [-88.1043198, 41.7434105], [-88.104243, 41.743457], [-88.104105, 41.743513], [-88.103999, 41.743533], [-88.103774, 41.743555]]}}, {"type": "Feature", "id": 22111946, "properties": {"osm_id": 22111946, "osm_type": "way", "highway": "residential", "name": "Citadel Drive"}, "geometry": {"type": "LineString", "coordinates": [[-88.100057, 41.737126], [-88.0998474, 41.7372447], [-88.099792, 41.737276], [-88.0992, 41.73765], [-88.0991283, 41.7377009], [-88.099107, 41.737716], [-88.099069, 41.737749], [-88.098988, 41.737843], [-88.09896, 41.73789], [-88.098911, 41.738], [-88.0987437, 41.7384389], [-88.098717, 41.738509]]}}, {"type": "Feature", "id": 22111981, "properties": {"osm_id": 22111981, "osm_type": "way", "highway": "residential", "name": "Bankfield Court"}, "geometry": {"type": "LineString", "coordinates": [[-88.110386, 41.759603], [-88.110443, 41.7595398], [-88.110817, 41.759115], [-88.110905, 41.759001], [-88.110965, 41.75889], [-88.111006, 41.758765], [-88.111018, 41.758708], [-88.111026, 41.758599], [-88.1110266, 41.7584034]]}}, {"type": "Feature", "id": 22112371, "properties": {"osm_id": 22112371, "osm_type": "way", "highway": "residential", "name": "Bent Creek Court"}, "geometry": {"type": "LineString", "coordinates": [[-88.091788, 41.748181], [-88.0918493, 41.7482629], [-88.091984, 41.748443], [-88.092003, 41.748477], [-88.092037, 41.748585]]}}, {"type": "Feature", "id": 22112455, "properties": {"osm_id": 22112455, "osm_type": "way", "highway": "residential", "lanes": "2", "name": "79th Street"}, "geometry": {"type": "LineString", "coordinates": [[-88.088567, 41.742045], [-88.08851280559847, 41.742046600143404]]}}, {"type": "Feature", "id": 22113060, "properties": {"osm_id": 22113060, "osm_type": "way", "highway": "residential", "name": "Carthage Court"}, "geometry": {"type": "LineString", "coordinates": [[-88.099429, 41.73438], [-88.0993501, 41.73443], [-88.099123, 41.734574]]}}, {"type": "Feature", "id": 22113061, "properties": {"osm_id": 22113061, "osm_type": "way", "highway": "residential", "name": "Carthage Court"}, "geometry": {"type": "LineString", "coordinates": [[-88.09932, 41.73397], [-88.0992684, 41.7339484], [-88.099081, 41.73387]]}}, {"type": "Feature", "id": 22113321, "properties": {"osm_id": 22113321, "osm_type": "way", "highway": "residential", "name": "Catherine Avenue"}, "geometry": {"type": "LineString", "coordinates": [[-88.124206, 41.773534], [-88.124165, 41.77385], [-88.124182, 41.773931], [-88.124209, 41.773969], [-88.124257, 41.773986], [-88.124318, 41.773985], [-88.125013, 41.773818], [-88.12549, 41.773672], [-88.125793, 41.773587], [-88.12636, 41.773455], [-88.1265244075645, 41.77341257224142]]}}, {"type": "Feature", "id": 22113357, "properties": {"osm_id": 22113357, "osm_type": "way", "highway": "residential", "lanes": "2", "name": "Camden Court"}, "geometry": {"type": "LineString", "coordinates": [[-88.1150081, 41.7709672], [-88.115074, 41.7709077], [-88.1151435, 41.7708352], [-88.1151624, 41.7708078], [-88.115216, 41.77073]]}}, {"type": "Feature", "id": 22113609, "properties": {"osm_id": 22113609, "osm_type": "way", "highway": "residential", "name": "Mustang Drive"}, "geometry": {"type": "LineString", "coordinates": [[-88.089918, 41.745655], [-88.0899149, 41.7455861], [-88.089899, 41.745231], [-88.0898898, 41.745147], [-88.089887, 41.745121], [-88.089877, 41.745084], [-88.0898469, 41.7450049], [-88.089782, 41.744899], [-88.089624, 41.744687], [-88.089585, 41.744623], [-88.089551, 41.744549], [-88.089525, 41.744473], [-88.089512, 41.744402], [-88.089507, 41.744376], [-88.089493, 41.7440943], [-88.089489, 41.744015], [-88.0894856, 41.7439411], [-88.08946, 41.743384], [-88.089466, 41.743315], [-88.089482, 41.743261], [-88.089509, 41.743205], [-88.089538, 41.743164], [-88.089606, 41.743097], [-88.089657, 41.74306], [-88.089714, 41.743029], [-88.089771, 41.743005], [-88.08982, 41.74299], [-88.089896, 41.742974], [-88.089982, 41.742964], [-88.090229, 41.742959]]}}, {"type": "Feature", "id": 22114297, "properties": {"osm_id": 22114297, "osm_type": "way", "highway": "residential", "name": "Strawbridge Court"}, "geometry": {"type": "MultiLineString", "coordinates": [[[-88.093832, 41.74756], [-88.0938604, 41.7476456], [-88.093885, 41.747685], [-88.093918, 41.747717], [-88.093979, 41.74776], [-88.093999, 41.747785], [-88.094013, 41.747818], [-88.0940343, 41.7479206]], [[-88.0940343, 41.7479206], [-88.0941109, 41.7479456], [-88.0941505, 41.747993], [-88.0941564, 41.7481227], [-88.0940974, 41.7481582], [-88.0939847, 41.7481587], [-88.093928, 41.7481258], [-88.0939257, 41.7479986], [-88.0939643, 41.7479462], [-88.0940343, 41.7479206]]]}}, {"type": "Feature", "id": 22114302, "properties": {"osm_id": 22114302, "osm_type": "way", "highway": "residential", "name": "Slippery Rock Court"}, "geometry": {"type": "LineString", "coordinates": [[-88.097217, 41.73518], [-88.0973138, 41.7351403], [-88.097378, 41.735114], [-88.097452, 41.735088], [-88.0976032, 41.7350523], [-88.0977452, 41.7350423], [-88.09786, 41.735046]]}}, {"type": "Feature", "id": 22115350, "properties": {"osm_id": 22115350, "osm_type": "way", "highway": "residential", "lanes": "2", "name": "Market Avenue"}, "geometry": {"type": "LineString", "coordinates": [[-88.11331861518212, 41.75208954337951], [-88.113144, 41.752113], [-88.1126549, 41.7521791], [-88.112449, 41.752207], [-88.1123887, 41.7522161], [-88.1119689, 41.7522792], [-88.1119361, 41.7522841], [-88.111824, 41.752301]]}}, {"type": "Feature", "id": 22116174, "properties": {"osm_id": 22116174, "osm_type": "way", "highway": "residential", "name": "Shetland Road"}, "geometry": {"type": "LineString", "coordinates": [[-88.096098, 41.74425], [-88.0959855, 41.7442228], [-88.095337, 41.744066], [-88.095255, 41.744033], [-88.095215, 41.744007], [-88.095151, 41.743946], [-88.095129, 41.743913], [-88.095113, 41.743878], [-88.095103, 41.743817], [-88.095067, 41.743191], [-88.09504, 41.743125], [-88.095022, 41.743097], [-88.09499, 41.74306], [-88.094935, 41.743014], [-88.094862, 41.742974], [-88.094776, 41.742946], [-88.094688, 41.742933], [-88.0941364, 41.7429449], [-88.094037, 41.742947]]}}, {"type": "Feature", "id": 22116413, "properties": {"osm_id": 22116413, "osm_type": "way", "highway": "residential", "name": "Lynchburg Court"}, "geometry": {"type": "LineString", "coordinates": [[-88.117286, 41.764366], [-88.117322, 41.7642893], [-88.117376, 41.764174], [-88.117429, 41.764091], [-88.117478, 41.764038], [-88.117548, 41.763974], [-88.117632, 41.763909], [-88.11772, 41.763857], [-88.117795, 41.763818], [-88.117919, 41.763766]]}}, {"type": "Feature", "id": 22116949, "properties": {"osm_id": 22116949, "osm_type": "way", "highway": "residential", "name": "Iona Court"}, "geometry": {"type": "LineString", "coordinates": [[-88.098197, 41.736708], [-88.0982979, 41.7367063], [-88.098501, 41.736703], [-88.098719, 41.736692], [-88.098843, 41.736673], [-88.099091, 41.736538]]}}, {"type": "Feature", "id": 22117334, "properties": {"osm_id": 22117334, "osm_type": "way", "highway": "residential", "lanes": "2", "name": "Ashfield Road"}, "geometry": {"type": "LineString", "coordinates": [[-88.112047, 41.76347], [-88.1121293, 41.7635273], [-88.112159, 41.763548], [-88.112231, 41.763592], [-88.112327, 41.763637], [-88.112456, 41.76368], [-88.112608, 41.763711], [-88.112664, 41.763717], [-88.112821, 41.763722], [-88.1129694, 41.7637265], [-88.113014, 41.7637279], [-88.1131898, 41.763731]]}}, {"type": "Feature", "id": 22118461, "properties": {"osm_id": 22118461, "osm_type": "way", "highway": "residential", "name": "Friar Lane"}, "geometry": {"type": "LineString", "coordinates": [[-88.090762, 41.742949], [-88.0907593, 41.7428768], [-88.0907304, 41.7420918], [-88.0907271, 41.742004], [-88.0907241, 41.7419317], [-88.0906756, 41.7407742], [-88.090672, 41.740688]]}}, {"type": "Feature", "id": 22118493, "properties": {"osm_id": 22118493, "osm_type": "way", "highway": "residential", "name": "Hollow Bend Court"}, "geometry": {"type": "LineString", "coordinates": [[-88.090978, 41.74598], [-88.0908679, 41.7459826], [-88.090806, 41.745984], [-88.090607, 41.745988], [-88.090528, 41.746001], [-88.090427, 41.746027], [-88.090285, 41.746041]]}}, {"type": "Feature", "id": 22119357, "properties": {"osm_id": 22119357, "osm_type": "way", "highway": "residential", "name": "Pleasant Run Court"}, "geometry": {"type": "LineString", "coordinates": [[-88.08963, 41.748011], [-88.0895235, 41.7480139], [-88.089175, 41.748018]]}}, {"type": "Feature", "id": 22119577, "properties": {"osm_id": 22119577, "osm_type": "way", "highway": "residential", "lanes": "2", "name": "Keswick Lane"}, "geometry": {"type": "MultiLineString", "coordinates": [[[-88.1097062, 41.7770669], [-88.10981579970145, 41.77706406446217]], [[-88.11164898346205, 41.77766985754017], [-88.111667, 41.7776798], [-88.1117336, 41.7777292]]]}}, {"type": "Feature", "id": 22119698, "properties": {"osm_id": 22119698, "osm_type": "way", "highway": "residential", "name": "Penn Court"}, "geometry": {"type": "LineString", "coordinates": [[-88.097731, 41.743773], [-88.0976337, 41.7437662], [-88.097401, 41.74375]]}}, {"type": "Feature", "id": 22120229, "properties": {"osm_id": 22120229, "osm_type": "way", "highway": "secondary", "lanes": "5", "maxspeed": "35 mph", "name": "Naper Boulevard"}, "geometry": {"type": "LineString", "coordinates": [[-88.1095777, 41.7780442], [-88.1095763, 41.7780919], [-88.109574, 41.778137], [-88.109591, 41.778354], [-88.109603, 41.778422]]}}, {"type": "Feature", "id": 22120774, "properties": {"osm_id": 22120774, "osm_type": "way", "highway": "residential", "lanes": "2", "name": "Old Dominion Road"}, "geometry": {"type": "LineString", "coordinates": [[-88.1207154, 41.76675], [-88.1205791, 41.7667353], [-88.1205568, 41.7667332], [-88.1195705, 41.7666419], [-88.119442, 41.766629], [-88.118219, 41.766516], [-88.116929, 41.766396], [-88.116794, 41.766387], [-88.116622, 41.766386], [-88.116457, 41.766394], [-88.116185, 41.766421], [-88.115987, 41.766425], [-88.115831, 41.7664159], [-88.1158084, 41.7664146], [-88.115694, 41.766408]]}}, {"type": "Feature", "id": 22120866, "properties": {"osm_id": 22120866, "osm_type": "way", "highway": "residential", "name": "Fairfax Road"}, "geometry": {"type": "LineString", "coordinates": [[-88.11577, 41.767375], [-88.1157449, 41.7673086], [-88.115699, 41.767187], [-88.115667, 41.767067], [-88.115646, 41.766923], [-88.115642, 41.766794], [-88.115647, 41.766702], [-88.1156813, 41.7664886], [-88.115694, 41.766408], [-88.1157073, 41.7663273], [-88.115775, 41.765907], [-88.115783, 41.765788], [-88.115775, 41.765691], [-88.115751, 41.765601], [-88.1157101, 41.765499], [-88.115668, 41.765395]]}}, {"type": "Feature", "id": 22120946, "properties": {"osm_id": 22120946, "osm_type": "way", "highway": "residential", "lanes": "2", "name": "Pamela Court"}, "geometry": {"type": "LineString", "coordinates": [[-88.1202261, 41.7702364], [-88.1200993, 41.7702262], [-88.1200752, 41.7702244], [-88.1181135, 41.770075]]}}, {"type": "Feature", "id": 22121028, "properties": {"osm_id": 22121028, "osm_type": "way", "highway": "residential", "lanes": "2", "name": "Lantern Circle"}, "geometry": {"type": "LineString", "coordinates": [[-88.1084014, 41.756856], [-88.1082954, 41.7568728], [-88.1073194, 41.7570412], [-88.1072131, 41.7570608], [-88.1071115, 41.7570785], [-88.1048965, 41.7574651], [-88.1048453, 41.7574718], [-88.1048087, 41.7574978], [-88.1047977, 41.7575152], [-88.1047914, 41.757535], [-88.1047901, 41.7575624], [-88.1048631, 41.7593736], [-88.1048647, 41.7594499]]}}, {"type": "Feature", "id": 22121347, "properties": {"osm_id": 22121347, "osm_type": "way", "highway": "residential", "name": "Shanahan Court"}, "geometry": {"type": "LineString", "coordinates": [[-88.117883, 41.762676], [-88.1178609, 41.7626105], [-88.117829, 41.762516], [-88.117786, 41.762365], [-88.117737, 41.76228], [-88.117694, 41.762238], [-88.117586, 41.762169], [-88.11747, 41.762131]]}}, {"type": "Feature", "id": 40933868, "properties": {"osm_id": 40933868, "osm_type": "way", "highway": "residential", "maxspeed": "35 mph", "name": "Wehrli Road"}, "geometry": {"type": "LineString", "coordinates": [[-88.099939, 41.736604], [-88.099776, 41.736498], [-88.099458, 41.736274], [-88.099207, 41.736078], [-88.099018, 41.735903], [-88.098894, 41.735768], [-88.098833, 41.735695], [-88.098828, 41.7356875], [-88.098786, 41.735625], [-88.0987548, 41.7355772], [-88.098655, 41.735424], [-88.098578, 41.735269], [-88.0985, 41.735067], [-88.098449, 41.734867], [-88.09842, 41.734642], [-88.0983718, 41.7331181], [-88.098369, 41.733031], [-88.0983457, 41.7322739], [-88.098343, 41.732188], [-88.09832, 41.731364], [-88.0982987, 41.7306344], [-88.098221, 41.728092], [-88.09820466731604, 41.727685468467996]]}}, {"type": "Feature", "id": 62343637, "properties": {"osm_id": 62343637, "osm_type": "way", "highway": "residential", "name": "East Bailey Road"}, "geometry": {"type": "LineString", "coordinates": [[-88.10313, 41.742366], [-88.1029784, 41.7424083], [-88.102886, 41.742434], [-88.102787, 41.742476], [-88.102697, 41.742526], [-88.102605, 41.742591], [-88.1023458, 41.7428023], [-88.101473, 41.743514], [-88.101433, 41.7435446], [-88.101358, 41.743602], [-88.101283, 41.743661], [-88.1012514, 41.7436806], [-88.101199, 41.743713], [-88.101095, 41.743767], [-88.100979, 41.743815], [-88.100883, 41.743847], [-88.100873, 41.7438494], [-88.100791, 41.743869], [-88.1007027, 41.7438862], [-88.100627, 41.743901], [-88.100484, 41.743911], [-88.100312, 41.743909], [-88.100163, 41.743895], [-88.100042, 41.743876], [-88.099879, 41.743841], [-88.09971, 41.743797], [-88.09955, 41.743747], [-88.099431, 41.743705], [-88.099243, 41.743627], [-88.099007, 41.743513], [-88.0989906, 41.7435026], [-88.098901, 41.743446], [-88.0988188, 41.7433953], [-88.098565, 41.743239], [-88.0985, 41.743206], [-88.098404, 41.743164], [-88.098239, 41.74311], [-88.098032, 41.743062], [-88.0979955, 41.7430573], [-88.097899, 41.743045], [-88.097806, 41.7430329], [-88.097209, 41.742955], [-88.097127, 41.742947], [-88.096901, 41.742936], [-88.09679, 41.742934], [-88.096525, 41.742942], [-88.0962812, 41.7429601], [-88.096147, 41.74297]]}}, {"type": "Feature", "id": 62393519, "properties": {"osm_id": 62393519, "osm_type": "way", "highway": "residential", "name": "87th Street"}, "geometry": {"type": "LineString", "coordinates": [[-88.09795014921337, 41.72727450510496], [-88.09794358853219, 41.727274615578494]]}}, {"type": "Feature", "id": 62410151, "properties": {"osm_id": 62410151, "osm_type": "way", "highway": "service"}, "geometry": {"type": "LineString", "coordinates": [[-88.1001351, 41.7361728], [-88.1002148, 41.7361122], [-88.1002305, 41.7361003], [-88.1003105, 41.7360395], [-88.1004328, 41.7359466], [-88.0995262, 41.735202], [-88.0993706, 41.7351379], [-88.099215, 41.7351459], [-88.098861, 41.7352901]]}}, {"type": "Feature", "id": 62410153, "properties": {"osm_id": 62410153, "osm_type": "way", "highway": "service"}, "geometry": {"type": "LineString", "coordinates": [[-88.1001351, 41.7361728], [-88.0999607, 41.7362828], [-88.0990184, 41.7355446], [-88.0989027, 41.7353575], [-88.0988841, 41.7353274], [-88.098861, 41.7352901]]}}, {"type": "Feature", "id": 62410154, "properties": {"osm_id": 62410154, "osm_type": "way", "highway": "service"}, "geometry": {"type": "LineString", "coordinates": [[-88.1003027, 41.736305], [-88.1002498, 41.7362632], [-88.1002424, 41.7362574], [-88.100182, 41.7362098], [-88.1001351, 41.7361728], [-88.0992794, 41.7354982], [-88.0991989, 41.7354822], [-88.0990184, 41.7355446], [-88.0989073, 41.7355831], [-88.0988581, 41.7356], [-88.098786, 41.735625]]}}, {"type": "Feature", "id": 62484960, "properties": {"osm_id": 62484960, "osm_type": "way", "highway": "service", "oneway": "yes"}, "geometry": {"type": "LineString", "coordinates": [[-88.0957728, 41.7384245], [-88.095791, 41.738508], [-88.0958086, 41.7385885], [-88.0958998, 41.7386365], [-88.0971551, 41.7384924], [-88.0971984, 41.738471], [-88.0972212, 41.7384389], [-88.0972359, 41.7383999], [-88.0972344, 41.7383689], [-88.0972301, 41.7382819]]}}, {"type": "Feature", "id": 62484961, "properties": {"osm_id": 62484961, "osm_type": "way", "highway": "footway"}, "geometry": {"type": "LineString", "coordinates": [[-88.099299, 41.7406482], [-88.0988921, 41.7404632], [-88.0985123, 41.7402857], [-88.0980509, 41.7400135], [-88.0975682, 41.7396813], [-88.0974501, 41.7396092], [-88.0972892, 41.7395692], [-88.0970532, 41.7395692]]}}, {"type": "Feature", "id": 62484965, "properties": {"osm_id": 62484965, "osm_type": "way", "highway": "service", "oneway": "yes"}, "geometry": {"type": "LineString", "coordinates": [[-88.0956638, 41.7390088], [-88.0955985, 41.7390162], [-88.0955025, 41.739027], [-88.0953754, 41.7390413]]}}, {"type": "Feature", "id": 62486504, "properties": {"osm_id": 62486504, "osm_type": "way", "highway": "service"}, "geometry": {"type": "LineString", "coordinates": [[-88.0966884, 41.739241], [-88.0967474, 41.7395252], [-88.0966938, 41.7395892], [-88.0966412, 41.7395949], [-88.0966029, 41.739599]]}}, {"type": "Feature", "id": 62486505, "properties": {"osm_id": 62486505, "osm_type": "way", "highway": "service", "oneway": "yes"}, "geometry": {"type": "LineString", "coordinates": [[-88.0957979, 41.7396853], [-88.0957074, 41.7392288], [-88.0956638, 41.7390088]]}}, {"type": "Feature", "id": 62486507, "properties": {"osm_id": 62486507, "osm_type": "way", "highway": "service", "oneway": "yes"}, "geometry": {"type": "LineString", "coordinates": [[-88.0966029, 41.739599], [-88.0957979, 41.7396853], [-88.0958194, 41.7397934], [-88.0966187, 41.7397053], [-88.0966029, 41.739599]]}}, {"type": "Feature", "id": 62486508, "properties": {"osm_id": 62486508, "osm_type": "way", "highway": "service"}, "geometry": {"type": "LineString", "coordinates": [[-88.0956638, 41.7390088], [-88.0957657, 41.7388727]]}}, {"type": "Feature", "id": 62486510, "properties": {"osm_id": 62486510, "osm_type": "way", "highway": "service"}, "geometry": {"type": "LineString", "coordinates": [[-88.0957979, 41.7396853], [-88.0957604, 41.7396895], [-88.0956434, 41.7397027], [-88.0955146, 41.7397172]]}}, {"type": "Feature", "id": 62552401, "properties": {"osm_id": 62552401, "osm_type": "way", "highway": "footway"}, "geometry": {"type": "LineString", "coordinates": [[-88.0951166, 41.7394251], [-88.0952195, 41.7394233], [-88.0953157, 41.7394205]]}}, {"type": "Feature", "id": 62555508, "properties": {"osm_id": 62555508, "osm_type": "way", "highway": "pedestrian"}, "geometry": {"type": "LineString", "coordinates": [[-88.0972794, 41.7391326], [-88.0972629, 41.7390414], [-88.0971952, 41.7387129], [-88.0971729, 41.7386049], [-88.0971712, 41.7385965], [-88.0971097, 41.7386063], [-88.0969459, 41.7386325], [-88.0969814, 41.7388008], [-88.0970225, 41.7389953], [-88.0970456, 41.7391049], [-88.0970664, 41.7392152], [-88.0971624, 41.7392097], [-88.0971519, 41.7391469], [-88.0972794, 41.7391326]]}}, {"type": "Feature", "id": 62572266, "properties": {"osm_id": 62572266, "osm_type": "way", "highway": "service"}, "geometry": {"type": "LineString", "coordinates": [[-88.095658, 41.7404138], [-88.0957925, 41.7404138], [-88.0961895, 41.7404138], [-88.0961895, 41.7404818]]}}, {"type": "Feature", "id": 62602511, "properties": {"osm_id": 62602511, "osm_type": "way", "highway": "footway"}, "geometry": {"type": "LineString", "coordinates": [[-88.099091, 41.736538], [-88.0992209, 41.7364425], [-88.0992258, 41.7364389], [-88.0992831, 41.7363961]]}}, {"type": "Feature", "id": 62602512, "properties": {"osm_id": 62602512, "osm_type": "way", "highway": "footway"}, "geometry": {"type": "LineString", "coordinates": [[-88.100057, 41.737126], [-88.1001926, 41.7370405], [-88.1002758, 41.7369879]]}}, {"type": "Feature", "id": 62602514, "properties": {"osm_id": 62602514, "osm_type": "way", "highway": "footway"}, "geometry": {"type": "LineString", "coordinates": [[-88.101033, 41.737705], [-88.1011126, 41.7375962], [-88.1011166, 41.7375907], [-88.1011741, 41.7375121]]}}, {"type": "Feature", "id": 62603921, "properties": {"osm_id": 62603921, "osm_type": "way", "highway": "footway"}, "geometry": {"type": "LineString", "coordinates": [[-88.101183, 41.736849], [-88.1010067, 41.7369193], [-88.1009061, 41.737028]]}}, {"type": "Feature", "id": 62603925, "properties": {"osm_id": 62603925, "osm_type": "way", "highway": "footway"}, "geometry": {"type": "LineString", "coordinates": [[-88.102053, 41.737478], [-88.1018637, 41.7375253], [-88.1018543, 41.7375277], [-88.1017643, 41.7375809], [-88.1017543, 41.7375868]]}}, {"type": "Feature", "id": 67267988, "properties": {"osm_id": 67267988, "osm_type": "way", "highway": "residential"}, "geometry": {"type": "LineString", "coordinates": [[-88.103121, 41.739097], [-88.103071, 41.7390784], [-88.1030518, 41.7390713], [-88.103013, 41.7390568]]}}, {"type": "Feature", "id": 67267989, "properties": {"osm_id": 67267989, "osm_type": "way", "highway": "footway"}, "geometry": {"type": "LineString", "coordinates": [[-88.103013, 41.7390568], [-88.1028038, 41.7390778], [-88.1025402, 41.7390793]]}}, {"type": "Feature", "id": 67282651, "properties": {"osm_id": 67282651, "osm_type": "way", "highway": "residential", "lanes": "2", "maxspeed": "25 mph", "name": "Fordham Court", "oneway": "no"}, "geometry": {"type": "LineString", "coordinates": [[-88.101183, 41.736849], [-88.10168, 41.736643], [-88.10179, 41.736594], [-88.10187, 41.736549], [-88.10195, 41.736497], [-88.101999, 41.736457], [-88.102346, 41.7361286], [-88.10241, 41.736068], [-88.1024669, 41.7360149], [-88.102711, 41.735787], [-88.102758, 41.735753], [-88.102869, 41.735693], [-88.102987, 41.735649], [-88.10312101715466, 41.73562376300334]]}}, {"type": "Feature", "id": 67282740, "properties": {"osm_id": 67282740, "osm_type": "way", "highway": "residential"}, "geometry": {"type": "LineString", "coordinates": [[-88.1004813, 41.7350667], [-88.1004723, 41.7351363], [-88.1004649, 41.735194]]}}, {"type": "Feature", "id": 67463302, "properties": {"osm_id": 67463302, "osm_type": "way", "highway": "residential", "name": "77th Street", "oneway": "yes"}, "geometry": {"type": "LineString", "coordinates": [[-88.093987, 41.745587], [-88.0942429, 41.7456305], [-88.0944568, 41.7456692], [-88.0954247, 41.7458949], [-88.0955793, 41.7458813]]}}, {"type": "Feature", "id": 67463306, "properties": {"osm_id": 67463306, "osm_type": "way", "highway": "residential", "maxspeed": "25 mph", "name": "Ranchview Drive", "oneway": "yes"}, "geometry": {"type": "LineString", "coordinates": [[-88.0947877, 41.7491184], [-88.094783, 41.7490373], [-88.0947792, 41.7488272], [-88.0948036, 41.748389], [-88.0948591, 41.7480546], [-88.0949501, 41.7476275], [-88.0950683, 41.7472461], [-88.0952416, 41.74681], [-88.0955967, 41.7459726], [-88.0955793, 41.7458813]]}}, {"type": "Feature", "id": 67463307, "properties": {"osm_id": 67463307, "osm_type": "way", "highway": "residential", "name": "77th Street", "oneway": "yes"}, "geometry": {"type": "LineString", "coordinates": [[-88.0955793, 41.7458813], [-88.0954697, 41.7458022], [-88.0945104, 41.7455812], [-88.0942476, 41.7455571], [-88.093987, 41.745587]]}}, {"type": "Feature", "id": 67463309, "properties": {"osm_id": 67463309, "osm_type": "way", "highway": "residential", "name": "Ranchview Drive"}, "geometry": {"type": "LineString", "coordinates": [[-88.098786, 41.735625], [-88.098574, 41.7357105], [-88.098357, 41.735798], [-88.098169, 41.735858], [-88.098017, 41.735887], [-88.097966, 41.735894], [-88.097819, 41.7359], [-88.09769, 41.735894], [-88.097304, 41.735859], [-88.097256, 41.735853], [-88.097091, 41.735847], [-88.096994, 41.735848], [-88.096817, 41.735865], [-88.096647, 41.735905], [-88.09656, 41.735934], [-88.096484, 41.735965], [-88.096369, 41.736022], [-88.096259, 41.736092], [-88.0955763, 41.7366322], [-88.095507, 41.736687], [-88.0954428, 41.7367385], [-88.095284, 41.736866], [-88.095167, 41.736989], [-88.095119, 41.737057], [-88.095065, 41.737158], [-88.095043, 41.737218], [-88.095021, 41.737319], [-88.095017, 41.737393], [-88.095037, 41.737565], [-88.095036, 41.737608], [-88.0950383, 41.7376172], [-88.095051, 41.737667], [-88.095202, 41.738236], [-88.0952407, 41.7384139], [-88.095256, 41.738484]]}}, {"type": "Feature", "id": 67463319, "properties": {"osm_id": 67463319, "osm_type": "way", "highway": "residential", "name": "Hatchwood Court"}, "geometry": {"type": "MultiLineString", "coordinates": [[[-88.0893231, 41.7456676], [-88.0893268, 41.7457611], [-88.0893445, 41.7462055]], [[-88.0893445, 41.7462055], [-88.0894364, 41.7462378], [-88.0894572, 41.7463056], [-88.0894293, 41.7463686], [-88.0893499, 41.7463816], [-88.0892737, 41.7463703], [-88.0892426, 41.7463056], [-88.0892617, 41.7462392], [-88.0893445, 41.7462055]]]}}, {"type": "Feature", "id": 67463384, "properties": {"osm_id": 67463384, "osm_type": "way", "highway": "residential"}, "geometry": {"type": "LineString", "coordinates": [[-88.092571, 41.7477057], [-88.0925438, 41.74766], [-88.0925274, 41.7476325], [-88.0924568, 41.7475954], [-88.0923647, 41.7476024], [-88.0923085, 41.7476619], [-88.0923226, 41.7477348], [-88.0923389, 41.7477543], [-88.0923855, 41.74781]]}}, {"type": "Feature", "id": 67470237, "properties": {"osm_id": 67470237, "osm_type": "way", "highway": "residential", "maxspeed": "25 mph", "name": "Ranchview Drive", "oneway": "yes"}, "geometry": {"type": "LineString", "coordinates": [[-88.0955793, 41.7458813], [-88.0954868, 41.7459344], [-88.0954671, 41.7459561], [-88.095122, 41.7467739], [-88.0949396, 41.7472381], [-88.0948329, 41.7476122], [-88.0947304, 41.7480586], [-88.0946821, 41.7483788], [-88.0946678, 41.7487817], [-88.0946715, 41.7490196], [-88.0946718, 41.749042], [-88.094671, 41.74912]]}}, {"type": "Feature", "id": 67470239, "properties": {"osm_id": 67470239, "osm_type": "way", "highway": "secondary", "lanes": "2", "maxspeed": "45 mph", "name": "75th Street", "oneway": "yes"}, "geometry": {"type": "LineString", "coordinates": [[-88.08889728755904, 41.749350671844624], [-88.0911515, 41.7493054]]}}, {"type": "Feature", "id": 67553115, "properties": {"osm_id": 67553115, "osm_type": "way", "highway": "residential", "maxspeed": "25 mph", "name": "College Drive"}, "geometry": {"type": "MultiLineString", "coordinates": [[[-88.0986449, 41.7528032], [-88.0987536, 41.7527639], [-88.0987645, 41.75276], [-88.09877666819798, 41.75273987891512]], [[-88.09874864215003, 41.749226113665124], [-88.0987603, 41.7491586], [-88.0987706397235, 41.74909864948774]], [[-88.09877715396664, 41.748209411021364], [-88.0987643, 41.7478344], [-88.0987735, 41.7477864], [-88.0987967, 41.7477524], [-88.0988084, 41.7477439], [-88.0988304, 41.747728], [-88.0988753, 41.7477059], [-88.0989249, 41.7476942], [-88.0990697, 41.747688], [-88.1001344, 41.7476732]], [[-88.1001344, 41.7476732], [-88.1005074, 41.747668], [-88.1005825, 41.747696], [-88.1006066, 41.747742], [-88.1005986, 41.7477901], [-88.1005476, 41.7478221], [-88.1004698, 41.7478281], [-88.100376, 41.7477761], [-88.1001344, 41.7476732]]]}}, {"type": "Feature", "id": 67553368, "properties": {"osm_id": 67553368, "osm_type": "way", "highway": "secondary", "lanes": "2", "maxspeed": "40 mph", "name": "College Road"}, "geometry": {"type": "LineString", "coordinates": [[-88.10370689475917, 41.759907025799556], [-88.1037231, 41.7598778], [-88.1037934, 41.7597313], [-88.103861, 41.7595557], [-88.103888, 41.759467], [-88.10391, 41.759375], [-88.1039292, 41.7592674], [-88.1039414, 41.759172], [-88.1039507, 41.7590488], [-88.1039527, 41.7588397], [-88.103926, 41.7580323], [-88.1038982, 41.7573838]]}}, {"type": "Feature", "id": 67553369, "properties": {"osm_id": 67553369, "osm_type": "way", "highway": "secondary", "lanes": "2", "maxspeed": "45 mph", "name": "75th Street", "oneway": "yes"}, "geometry": {"type": "LineString", "coordinates": [[-88.10120016241544, 41.74911600126331], [-88.1013564, 41.7491133], [-88.1018512, 41.7491023]]}}, {"type": "Feature", "id": 67553451, "properties": {"osm_id": 67553451, "osm_type": "way", "highway": "residential", "lanes": "1", "name": "Shiva Lane", "oneway": "yes"}, "geometry": {"type": "LineString", "coordinates": [[-88.1019385, 41.7473318], [-88.1019053, 41.7473051], [-88.1018599, 41.7472918], [-88.1018112, 41.7472945], [-88.1017689, 41.7473127], [-88.1017414, 41.7473428], [-88.1017342, 41.7473788], [-88.1017486, 41.7474136], [-88.1017818, 41.7474403], [-88.1018272, 41.7474536]]}}, {"type": "Feature", "id": 67554633, "properties": {"osm_id": 67554633, "osm_type": "way", "highway": "service"}, "geometry": {"type": "LineString", "coordinates": [[-88.0925076, 41.7492787], [-88.0925215, 41.7495167], [-88.0925224, 41.7495339], [-88.092531, 41.7496949]]}}, {"type": "Feature", "id": 67554892, "properties": {"osm_id": 67554892, "osm_type": "way", "highway": "service"}, "geometry": {"type": "LineString", "coordinates": [[-88.0930407, 41.750775], [-88.0935295, 41.7503618], [-88.0933596, 41.7502502], [-88.0930117, 41.7500215], [-88.0929803, 41.7497384], [-88.092531, 41.7496949], [-88.092101, 41.7497806], [-88.0921057, 41.7500534], [-88.0917689, 41.7503159], [-88.0916241, 41.7504288], [-88.0921725, 41.7508071]]}}, {"type": "Feature", "id": 67587497, "properties": {"osm_id": 67587497, "osm_type": "way", "highway": "residential"}, "geometry": {"type": "LineString", "coordinates": [[-88.092649, 41.742784], [-88.0926781, 41.7427436], [-88.0927563, 41.7426353], [-88.0927756, 41.7425715], [-88.0927241, 41.7425152], [-88.0926284, 41.7424981], [-88.0925471, 41.7425352], [-88.0924705, 41.7426599], [-88.0924436, 41.7427036]]}}, {"type": "Feature", "id": 67690081, "properties": {"osm_id": 67690081, "osm_type": "way", "highway": "residential", "name": "77th Street"}, "geometry": {"type": "LineString", "coordinates": [[-88.088737, 41.74568], [-88.0888522, 41.7456776], [-88.0893231, 41.7456676], [-88.0898088, 41.7456573], [-88.089918, 41.745655], [-88.0900232, 41.7456528], [-88.0908635, 41.7456352], [-88.090967, 41.745633], [-88.0910737, 41.7456314], [-88.093987, 41.745587]]}}, {"type": "Feature", "id": 67713023, "properties": {"osm_id": 67713023, "osm_type": "way", "highway": "footway"}, "geometry": {"type": "LineString", "coordinates": [[-88.0968761, 41.7402697], [-88.0962485, 41.7402697], [-88.0957657, 41.7402657]]}}, {"type": "Feature", "id": 67735228, "properties": {"osm_id": 67735228, "osm_type": "way", "highway": "service", "oneway": "yes"}, "geometry": {"type": "LineString", "coordinates": [[-88.107881, 41.7449564], [-88.1078898, 41.7450648], [-88.1079103, 41.7456454], [-88.1079136, 41.7457372], [-88.1079215, 41.7459614], [-88.1079616, 41.7459981], [-88.1079702, 41.7460059], [-88.1080379, 41.7460679]]}}, {"type": "Feature", "id": 67735325, "properties": {"osm_id": 67735325, "osm_type": "way", "highway": "service", "oneway": "yes"}, "geometry": {"type": "LineString", "coordinates": [[-88.1082512, 41.7458144], [-88.1081635, 41.745739], [-88.1081522, 41.7457292], [-88.1081459, 41.7456529], [-88.10812, 41.7449448]]}}, {"type": "Feature", "id": 67736209, "properties": {"osm_id": 67736209, "osm_type": "way", "highway": "service"}, "geometry": {"type": "LineString", "coordinates": [[-88.1063873, 41.7458613], [-88.106536, 41.7459711], [-88.1068218, 41.7459694]]}}, {"type": "Feature", "id": 67736395, "properties": {"osm_id": 67736395, "osm_type": "way", "highway": "footway"}, "geometry": {"type": "LineString", "coordinates": [[-88.1078071, 41.7450659], [-88.1075474, 41.7450735], [-88.1074911, 41.7450752], [-88.1072994, 41.7450808], [-88.1072829, 41.7450813], [-88.1070243, 41.7450889], [-88.1067627, 41.7450966], [-88.1066799, 41.745099], [-88.1064785, 41.7451049], [-88.1064906, 41.7452546], [-88.106491, 41.745268], [-88.1064913, 41.7452813], [-88.1064968, 41.7454912], [-88.106509, 41.7456888], [-88.1065318, 41.7457621], [-88.1069107, 41.7457532]]}}, {"type": "Feature", "id": 67736396, "properties": {"osm_id": 67736396, "osm_type": "way", "highway": "footway"}, "geometry": {"type": "LineString", "coordinates": [[-88.1064785, 41.7451049], [-88.1064709, 41.7450151], [-88.1064705, 41.745005], [-88.10647, 41.7450013], [-88.1064612, 41.7449893], [-88.106392, 41.7448947], [-88.1063477, 41.7447998], [-88.1062751, 41.7447504], [-88.1062443, 41.7446915], [-88.1062263, 41.7446326], [-88.1061991, 41.7445032], [-88.10616, 41.7443997], [-88.1061069, 41.7442987], [-88.1060777, 41.7442599], [-88.1060317, 41.7442249], [-88.1059606, 41.7441799], [-88.1058669, 41.7436439], [-88.1058618, 41.7436384], [-88.105738, 41.743507]]}}, {"type": "Feature", "id": 67737234, "properties": {"osm_id": 67737234, "osm_type": "way", "highway": "footway"}, "geometry": {"type": "LineString", "coordinates": [[-88.1077656, 41.7445038], [-88.1077616, 41.7445536], [-88.1077719, 41.7446293], [-88.1077806, 41.7446938], [-88.1077997, 41.7448637], [-88.1078015, 41.7449603], [-88.1078065, 41.7450543], [-88.1078071, 41.7450659], [-88.1078172, 41.7452311], [-88.1078197, 41.7452722], [-88.1078443, 41.7456757], [-88.1078432, 41.7457441], [-88.1078587, 41.7459603], [-88.107878, 41.7460033], [-88.107917, 41.7460394]]}}, {"type": "Feature", "id": 67737237, "properties": {"osm_id": 67737237, "osm_type": "way", "highway": "footway"}, "geometry": {"type": "LineString", "coordinates": [[-88.106536, 41.7460245], [-88.1065568, 41.7461657], [-88.1065556, 41.7461751], [-88.1065484, 41.7461875]]}}, {"type": "Feature", "id": 67737238, "properties": {"osm_id": 67737238, "osm_type": "way", "highway": "footway"}, "geometry": {"type": "LineString", "coordinates": [[-88.1078432, 41.7457441], [-88.1074545, 41.7457492]]}}, {"type": "Feature", "id": 67738263, "properties": {"osm_id": 67738263, "osm_type": "way", "highway": "footway"}, "geometry": {"type": "LineString", "coordinates": [[-88.103774, 41.743555], [-88.1036023, 41.743571], [-88.1035942, 41.7435718], [-88.1035429, 41.7435765]]}}, {"type": "Feature", "id": 67760964, "properties": {"osm_id": 67760964, "osm_type": "way", "highway": "service"}, "geometry": {"type": "LineString", "coordinates": [[-88.1052875, 41.7460727], [-88.1052946, 41.7461788]]}}, {"type": "Feature", "id": 67760965, "properties": {"osm_id": 67760965, "osm_type": "way", "highway": "service", "oneway": "no"}, "geometry": {"type": "LineString", "coordinates": [[-88.1060656, 41.7461538], [-88.1061165, 41.746049], [-88.1061512, 41.7459774]]}}, {"type": "Feature", "id": 67760966, "properties": {"osm_id": 67760966, "osm_type": "way", "highway": "service", "oneway": "yes"}, "geometry": {"type": "LineString", "coordinates": [[-88.1052983, 41.7463016], [-88.1051469, 41.7463043], [-88.105073, 41.7463056], [-88.1050783, 41.7464617], [-88.1051674, 41.7464595], [-88.1055665, 41.7464497], [-88.1056362, 41.7464737], [-88.1057167, 41.7465617], [-88.1057482, 41.7465472], [-88.1058991, 41.7464777], [-88.1058025, 41.7463736], [-88.1057273, 41.7463272], [-88.1056362, 41.7462976], [-88.1054004, 41.7463004], [-88.1052983, 41.7463016]]}}, {"type": "Feature", "id": 67760967, "properties": {"osm_id": 67760967, "osm_type": "way", "highway": "service", "oneway": "yes"}, "geometry": {"type": "LineString", "coordinates": [[-88.1061512, 41.7459774], [-88.1063873, 41.7458613], [-88.1064516, 41.7457933], [-88.1064609, 41.7457445], [-88.1064677, 41.7457092], [-88.1064463, 41.7452329], [-88.1064034, 41.7451609], [-88.1062961, 41.7451449], [-88.1061941, 41.7451649], [-88.106119, 41.7452249], [-88.1061512, 41.7459774]]}}, {"type": "Feature", "id": 67762118, "properties": {"osm_id": 67762118, "osm_type": "way", "highway": "residential"}, "geometry": {"type": "LineString", "coordinates": [[-88.0992867, 41.7302567], [-88.0992241, 41.7303089], [-88.0990165, 41.7304822]]}}, {"type": "Feature", "id": 67762412, "properties": {"osm_id": 67762412, "osm_type": "way", "highway": "footway"}, "geometry": {"type": "LineString", "coordinates": [[-88.0983975, 41.7306323], [-88.0984058, 41.7306321], [-88.0988377, 41.7305261], [-88.0990165, 41.7304822]]}}, {"type": "Feature", "id": 67883195, "properties": {"osm_id": 67883195, "osm_type": "way", "highway": "residential"}, "geometry": {"type": "LineString", "coordinates": [[-88.0962944, 41.737381], [-88.0962542, 41.7374213], [-88.0961841, 41.7374917]]}}, {"type": "Feature", "id": 67955943, "properties": {"osm_id": 67955943, "osm_type": "way", "highway": "footway"}, "geometry": {"type": "LineString", "coordinates": [[-88.1021988, 41.739455], [-88.1020261, 41.7394568], [-88.101826, 41.739459]]}}, {"type": "Feature", "id": 67959034, "properties": {"osm_id": 67959034, "osm_type": "way", "highway": "footway"}, "geometry": {"type": "LineString", "coordinates": [[-88.102963, 41.740613], [-88.1027689, 41.7405922], [-88.1025707, 41.740571]]}}, {"type": "Feature", "id": 67959036, "properties": {"osm_id": 67959036, "osm_type": "way", "highway": "footway"}, "geometry": {"type": "LineString", "coordinates": [[-88.1017614, 41.740435], [-88.1019597, 41.7404459], [-88.1019669, 41.7404463], [-88.1022193, 41.7404601]]}}, {"type": "Feature", "id": 67975667, "properties": {"osm_id": 67975667, "osm_type": "way", "highway": "residential"}, "geometry": {"type": "LineString", "coordinates": [[-88.1023458, 41.7428023], [-88.1024317, 41.742861], [-88.1024863, 41.7428982]]}}, {"type": "Feature", "id": 67975668, "properties": {"osm_id": 67975668, "osm_type": "way", "highway": "footway"}, "geometry": {"type": "LineString", "coordinates": [[-88.102857, 41.74455], [-88.1030586, 41.7445524], [-88.1030667, 41.7445525], [-88.1032531, 41.7445567]]}}, {"type": "Feature", "id": 67975669, "properties": {"osm_id": 67975669, "osm_type": "way", "highway": "footway"}, "geometry": {"type": "LineString", "coordinates": [[-88.102828, 41.743694], [-88.1030302, 41.743715], [-88.1030399, 41.743716], [-88.1032152, 41.7437159]]}}, {"type": "Feature", "id": 69330036, "properties": {"osm_id": 69330036, "osm_type": "way", "highway": "service"}, "geometry": {"type": "LineString", "coordinates": [[-88.1136244, 41.7529917], [-88.1137209, 41.753286], [-88.1137921, 41.7535949], [-88.1138126, 41.7536551], [-88.1138229, 41.7536854], [-88.1138614, 41.7537939]]}}, {"type": "Feature", "id": 69330075, "properties": {"osm_id": 69330075, "osm_type": "way", "highway": "service", "oneway": "yes"}, "geometry": {"type": "LineString", "coordinates": [[-88.1141627786103, 41.7534525907925], [-88.1141213, 41.7534646], [-88.1140784, 41.7534686], [-88.1140355, 41.7534626], [-88.1140114, 41.7534486], [-88.1139929, 41.7534228], [-88.1138656, 41.7530225], [-88.1138434, 41.7529526]]}}, {"type": "Feature", "id": 69330076, "properties": {"osm_id": 69330076, "osm_type": "way", "highway": "service", "oneway": "yes"}, "geometry": {"type": "LineString", "coordinates": [[-88.1137921, 41.7535949], [-88.11420647785627, 41.753523150760145]]}}, {"type": "Feature", "id": 69330081, "properties": {"osm_id": 69330081, "osm_type": "way", "highway": "service"}, "geometry": {"type": "LineString", "coordinates": [[-88.112787, 41.7531413], [-88.1127135, 41.7526058], [-88.1126902, 41.7524354], [-88.1126799, 41.7523609], [-88.1126719, 41.7523026], [-88.1126549, 41.7521791]]}}, {"type": "Feature", "id": 69330112, "properties": {"osm_id": 69330112, "osm_type": "way", "highway": "service", "oneway": "yes"}, "geometry": {"type": "MultiLineString", "coordinates": [[[-88.1127135, 41.7526058], [-88.1135382, 41.7524631], [-88.11352790655367, 41.75242748038676]], [[-88.11345126856433, 41.75230373513837], [-88.1126902, 41.7524354]]]}}, {"type": "Feature", "id": 69330153, "properties": {"osm_id": 69330153, "osm_type": "way", "highway": "service"}, "geometry": {"type": "LineString", "coordinates": [[-88.1129793, 41.7531069], [-88.1131412, 41.753598]]}}, {"type": "Feature", "id": 69330154, "properties": {"osm_id": 69330154, "osm_type": "way", "highway": "service"}, "geometry": {"type": "LineString", "coordinates": [[-88.1134096, 41.7530301], [-88.1135648, 41.7535255], [-88.1133579, 41.7535609], [-88.1131412, 41.753598], [-88.1129104, 41.7536376], [-88.1127924, 41.7532734], [-88.112787, 41.7531413]]}}, {"type": "Feature", "id": 69330155, "properties": {"osm_id": 69330155, "osm_type": "way", "highway": "service"}, "geometry": {"type": "LineString", "coordinates": [[-88.1132046, 41.7530667], [-88.1133579, 41.7535609]]}}, {"type": "Feature", "id": 69331572, "properties": {"osm_id": 69331572, "osm_type": "way", "highway": "footway"}, "geometry": {"type": "LineString", "coordinates": [[-88.1144407, 41.7561383], [-88.114112, 41.7559026], [-88.1139994, 41.7557906], [-88.1139511, 41.7557105], [-88.113935, 41.7556265], [-88.113876, 41.7553424], [-88.1138492, 41.7551823], [-88.1137794, 41.7550702], [-88.1136936, 41.7550585], [-88.1134468, 41.7550382], [-88.1132913, 41.7549942], [-88.1132162, 41.7549462], [-88.1131893, 41.7548741], [-88.1131732, 41.7547221], [-88.1131357, 41.7542058], [-88.113023, 41.7542058], [-88.1130229, 41.754103]]}}, {"type": "Feature", "id": 69331949, "properties": {"osm_id": 69331949, "osm_type": "way", "highway": "footway"}, "geometry": {"type": "LineString", "coordinates": [[-88.113023, 41.7542058], [-88.1127334, 41.7542218], [-88.1125832, 41.7542619], [-88.1124206, 41.7542827]]}}, {"type": "Feature", "id": 69331950, "properties": {"osm_id": 69331950, "osm_type": "way", "highway": "service"}, "geometry": {"type": "LineString", "coordinates": [[-88.1124013, 41.754055], [-88.112413, 41.7542008], [-88.1124206, 41.7542827], [-88.1124812, 41.7549342]]}}, {"type": "Feature", "id": 69331970, "properties": {"osm_id": 69331970, "osm_type": "way", "highway": "residential", "name": "Cleander Court"}, "geometry": {"type": "LineString", "coordinates": [[-88.1114741, 41.7542225], [-88.1114737, 41.7543115], [-88.1115097, 41.7547268], [-88.1116283, 41.7549692]]}}, {"type": "Feature", "id": 69333475, "properties": {"osm_id": 69333475, "osm_type": "way", "highway": "residential", "lanes": "2", "name": "Huntleigh Drive"}, "geometry": {"type": "LineString", "coordinates": [[-88.118929037235, 41.761148537182926], [-88.118864, 41.76113], [-88.118474, 41.761003], [-88.118379, 41.760966], [-88.118299, 41.760918], [-88.118237, 41.760869], [-88.11817, 41.760805], [-88.118087, 41.760706], [-88.118066, 41.760645], [-88.118042, 41.760516], [-88.118012, 41.759998], [-88.117985, 41.759894], [-88.117969, 41.759857], [-88.11794, 41.759809], [-88.117902, 41.759759], [-88.117859, 41.759714], [-88.117809, 41.759673], [-88.117746, 41.759632], [-88.117674, 41.759596], [-88.117572, 41.759556], [-88.116796, 41.75929], [-88.116705, 41.759248], [-88.116619, 41.759191], [-88.116571, 41.759148], [-88.116505, 41.759071], [-88.116466, 41.759005], [-88.116442, 41.758935], [-88.116417, 41.758738], [-88.116382, 41.758347]]}}, {"type": "Feature", "id": 69333478, "properties": {"osm_id": 69333478, "osm_type": "way", "highway": "residential"}, "geometry": {"type": "LineString", "coordinates": [[-88.1150406, 41.75595], [-88.1149285, 41.7558726]]}}, {"type": "Feature", "id": 69333515, "properties": {"osm_id": 69333515, "osm_type": "way", "highway": "residential"}, "geometry": {"type": "LineString", "coordinates": [[-88.1139808, 41.756572], [-88.1141066, 41.756655]]}}, {"type": "Feature", "id": 69333516, "properties": {"osm_id": 69333516, "osm_type": "way", "highway": "residential"}, "geometry": {"type": "LineString", "coordinates": [[-88.1142521, 41.7565433], [-88.1143092, 41.7565892], [-88.1143867, 41.7566515], [-88.1144044, 41.7566862], [-88.1143984, 41.7567202], [-88.1143828, 41.7567441], [-88.1143492, 41.7567623], [-88.1143143, 41.7567691], [-88.1142753, 41.7567681], [-88.1142334, 41.7567533], [-88.1141642, 41.7566997], [-88.1141066, 41.756655]]}}, {"type": "Feature", "id": 69501598, "properties": {"osm_id": 69501598, "osm_type": "way", "highway": "residential", "lanes": "2", "name": "Barcroft Court"}, "geometry": {"type": "LineString", "coordinates": [[-88.1132875, 41.757253], [-88.11322, 41.7572264], [-88.1131849, 41.7572126], [-88.112993, 41.757137], [-88.112809, 41.75706], [-88.11272, 41.757015], [-88.112614, 41.756946], [-88.112512, 41.756862], [-88.11246, 41.756803], [-88.111933, 41.7561105]]}}, {"type": "Feature", "id": 69501604, "properties": {"osm_id": 69501604, "osm_type": "way", "highway": "residential"}, "geometry": {"type": "LineString", "coordinates": [[-88.1132875, 41.757253], [-88.1134275, 41.7573083]]}}, {"type": "Feature", "id": 69504570, "properties": {"osm_id": 69504570, "osm_type": "way", "highway": "residential", "lanes": "2", "name": "Everwood Road"}, "geometry": {"type": "LineString", "coordinates": [[-88.1036578, 41.750525], [-88.1038599, 41.7505215], [-88.1046438, 41.750512], [-88.1047483, 41.7505278], [-88.1047641, 41.7505302], [-88.1048691, 41.75056]]}}, {"type": "Feature", "id": 69504902, "properties": {"osm_id": 69504902, "osm_type": "way", "highway": "residential", "lanes": "2", "name": "Stonebriar Court"}, "geometry": {"type": "LineString", "coordinates": [[-88.1063499, 41.7497303], [-88.1064584, 41.7497298], [-88.1065033, 41.7497338], [-88.1065366, 41.7497434], [-88.1065629, 41.749759], [-88.1065757, 41.7497808], [-88.1065806, 41.7498157], [-88.1065904, 41.7501464], [-88.1065889, 41.750179], [-88.1065775, 41.7502063], [-88.1065544, 41.7502235], [-88.1065135, 41.7502385], [-88.1064756, 41.7502444], [-88.1064432, 41.7502421], [-88.1064156, 41.7502332], [-88.1063901, 41.750216], [-88.1063717, 41.7501913], [-88.1063669, 41.7501536], [-88.1063499, 41.7497303]]}}, {"type": "Feature", "id": 121868819, "properties": {"osm_id": 121868819, "osm_type": "way", "highway": "tertiary", "lanes": "4", "maxspeed": "40 mph", "name": "Wehrli Road"}, "geometry": {"type": "LineString", "coordinates": [[-88.1035319, 41.7472916], [-88.1034938, 41.7462246], [-88.1034899, 41.7461135], [-88.103486, 41.7460009], [-88.1034624, 41.745383], [-88.1034585, 41.7453035], [-88.1034321, 41.7447617], [-88.103428, 41.744677], [-88.1034244, 41.7446017], [-88.1033818, 41.7437159], [-88.1033759, 41.7435921], [-88.103362, 41.743302], [-88.103342, 41.743128], [-88.103297, 41.74287], [-88.103226, 41.74263], [-88.1031728, 41.7424712], [-88.103169, 41.74246], [-88.10313, 41.742366]]}}, {"type": "Feature", "id": 121870170, "properties": {"osm_id": 121870170, "osm_type": "way", "highway": "secondary", "lanes": "2", "maxspeed": "35 mph", "name": "Naper Boulevard", "oneway": "yes"}, "geometry": {"type": "LineString", "coordinates": [[-88.1130651, 41.7581682], [-88.1130794, 41.7580955], [-88.1131126, 41.7579703], [-88.1131765, 41.7577804], [-88.1132397, 41.7576291], [-88.1133145, 41.757485], [-88.1133763, 41.7573829], [-88.1134275, 41.7573083], [-88.1134833, 41.7572402], [-88.1135726, 41.7571311], [-88.1137311, 41.7569631], [-88.1139025, 41.7568141], [-88.1141066, 41.756655], [-88.1142521, 41.7565433], [-88.114963, 41.7560084], [-88.1150406, 41.75595], [-88.1151181, 41.7558866], [-88.1151944, 41.7558243], [-88.1153732, 41.7556414], [-88.11544792532592, 41.75552768176134]]}}, {"type": "Feature", "id": 147559164, "properties": {"osm_id": 147559164, "osm_type": "way", "highway": "residential", "name": "Tranquility Court", "oneway": "yes"}, "geometry": {"type": "LineString", "coordinates": [[-88.1059001, 41.7540846], [-88.105929, 41.7540973], [-88.1059594, 41.754102], [-88.1059902, 41.7540993], [-88.1060184, 41.7540896], [-88.1060412, 41.7540739], [-88.1060562, 41.7540536], [-88.1060619, 41.7540308], [-88.1060579, 41.7540078], [-88.1060445, 41.753987], [-88.1060229, 41.7539703], [-88.1059932, 41.7539588], [-88.1059599, 41.7539555], [-88.1059271, 41.7539607], [-88.1058986, 41.7539738], [-88.1058777, 41.7539933], [-88.1058667, 41.754017], [-88.105867, 41.754042], [-88.1058786, 41.7540654], [-88.1059001, 41.7540846]]}}, {"type": "Feature", "id": 147559212, "properties": {"osm_id": 147559212, "osm_type": "way", "highway": "residential", "name": "Murdock Court", "oneway": "yes"}, "geometry": {"type": "LineString", "coordinates": [[-88.1051064, 41.7550171], [-88.1051306, 41.7550051], [-88.1051536, 41.754984], [-88.1051663, 41.754956], [-88.1051638, 41.7549241], [-88.1051475, 41.7548981], [-88.1051238, 41.75488], [-88.1050912, 41.7548677], [-88.1050659, 41.7548643], [-88.1050425, 41.7548652], [-88.105013, 41.754872], [-88.1049794, 41.7548907], [-88.1049609, 41.754912], [-88.1049523, 41.7549357], [-88.1049544, 41.7549627], [-88.1049673, 41.7549864], [-88.1049931, 41.7550081], [-88.1050244, 41.7550208], [-88.1050635, 41.7550251], [-88.1051064, 41.7550171]]}}, {"type": "Feature", "id": 147560812, "properties": {"osm_id": 147560812, "osm_type": "way", "highway": "residential", "name": "Shamrock Court"}, "geometry": {"type": "MultiLineString", "coordinates": [[[-88.0965028, 41.7547174], [-88.0963497, 41.7545878], [-88.0962909, 41.7545291], [-88.0962852, 41.7544842], [-88.0963043, 41.7544503], [-88.096349, 41.7544286], [-88.0964057, 41.7544244], [-88.0964624, 41.7544345], [-88.09649, 41.7544664], [-88.0965028, 41.7547174]], [[-88.0965028, 41.7547174], [-88.0965338, 41.7553258], [-88.0965779, 41.756192], [-88.0965951, 41.7564956], [-88.0966004, 41.7566028]]]}}, {"type": "Feature", "id": 189914963, "properties": {"osm_id": 189914963, "osm_type": "way", "highway": "service"}, "geometry": {"type": "LineString", "coordinates": [[-88.1205499, 41.7765054], [-88.1205567094974, 41.7765211793178]]}}, {"type": "Feature", "id": 190002607, "properties": {"osm_id": 190002607, "osm_type": "way", "highway": "residential", "name": "Wickham Court", "oneway": "no"}, "geometry": {"type": "LineString", "coordinates": [[-88.1101004, 41.7574103], [-88.1100218, 41.7573736], [-88.1099235, 41.7573277], [-88.1097736, 41.7572227], [-88.1097178, 41.7571779], [-88.1096348, 41.7570424]]}}, {"type": "Feature", "id": 190002617, "properties": {"osm_id": 190002617, "osm_type": "way", "highway": "residential", "name": "Dartford Court", "oneway": "no"}, "geometry": {"type": "LineString", "coordinates": [[-88.1151732, 41.7575081], [-88.1150429, 41.7575216], [-88.114886, 41.757534], [-88.11469, 41.757545], [-88.114474, 41.757542], [-88.114285, 41.757528], [-88.114129, 41.757508], [-88.11395, 41.757474], [-88.113763, 41.757427], [-88.113538, 41.757352], [-88.1135179, 41.7573441], [-88.1134275, 41.7573083]]}}, {"type": "Feature", "id": 190849167, "properties": {"osm_id": 190849167, "osm_type": "way", "highway": "service", "oneway": "yes"}, "geometry": {"type": "LineString", "coordinates": [[-88.1134576, 41.7592661], [-88.113361, 41.7594362], [-88.1133557, 41.7594662], [-88.11336, 41.7595073], [-88.1133825, 41.7595422], [-88.1134217, 41.7595593], [-88.1134791, 41.7595662], [-88.11353, 41.7595582], [-88.1135649, 41.7595382], [-88.1135837, 41.7595122], [-88.1135944, 41.7594822], [-88.113589, 41.7594522], [-88.1135649, 41.7594202], [-88.1134576, 41.7592661]]}}, {"type": "Feature", "id": 190849168, "properties": {"osm_id": 190849168, "osm_type": "way", "highway": "service", "oneway": "yes"}, "geometry": {"type": "LineString", "coordinates": [[-88.1136656, 41.7596977], [-88.1137007, 41.7604891]]}}, {"type": "Feature", "id": 190849169, "properties": {"osm_id": 190849169, "osm_type": "way", "highway": "service", "oneway": "yes"}, "geometry": {"type": "LineString", "coordinates": [[-88.1136373, 41.7604906], [-88.1137007, 41.7604891], [-88.1139366, 41.7604838], [-88.1139887, 41.7604826], [-88.1140386, 41.7604697], [-88.1140761, 41.7604477], [-88.1140987, 41.7604166], [-88.1141067, 41.7603785], [-88.1140868, 41.7598114], [-88.1140842, 41.7597694], [-88.1140691, 41.7597383], [-88.1140423, 41.7597143], [-88.1140075, 41.7596983]]}}, {"type": "Feature", "id": 190849170, "properties": {"osm_id": 190849170, "osm_type": "way", "highway": "service", "oneway": "yes"}, "geometry": {"type": "LineString", "coordinates": [[-88.1139366, 41.7604838], [-88.1139072, 41.7596917]]}}, {"type": "Feature", "id": 190849172, "properties": {"osm_id": 190849172, "osm_type": "way", "highway": "residential", "name": "Kallien Court", "oneway": "yes"}, "geometry": {"type": "LineString", "coordinates": [[-88.1179311, 41.7720224], [-88.1180105, 41.772046], [-88.118066, 41.7720814], [-88.1181326, 41.7721418], [-88.1181808, 41.7721758], [-88.1182211, 41.7721958], [-88.118264, 41.7722018], [-88.1183042, 41.7722018], [-88.1183418, 41.7721818], [-88.1183659, 41.7721578], [-88.1184035, 41.7719858], [-88.1184061, 41.7719578], [-88.1183981, 41.7719338], [-88.1183847, 41.7719078], [-88.1183552, 41.7718898], [-88.1183149, 41.7718838], [-88.118272, 41.7718878], [-88.1182201, 41.771905], [-88.1181448, 41.7719491], [-88.1180736, 41.7719867], [-88.1180166, 41.7720049], [-88.1179311, 41.7720224]]}}, {"type": "Feature", "id": 190849175, "properties": {"osm_id": 190849175, "osm_type": "way", "highway": "service", "oneway": "no"}, "geometry": {"type": "LineString", "coordinates": [[-88.1132638, 41.758915], [-88.113345, 41.7589175], [-88.1133798, 41.758918], [-88.1134147, 41.758936], [-88.1134351, 41.7589571], [-88.1134592, 41.7589891], [-88.1134737, 41.759036], [-88.113471, 41.759084], [-88.1134576, 41.7592661]]}}, {"type": "Feature", "id": 190849187, "properties": {"osm_id": 190849187, "osm_type": "way", "highway": "service", "lanes": "3", "oneway": "no"}, "geometry": {"type": "LineString", "coordinates": [[-88.1131295, 41.7597302], [-88.113178, 41.7597267], [-88.1131882, 41.759726]]}}, {"type": "Feature", "id": 190849852, "properties": {"osm_id": 190849852, "osm_type": "way", "highway": "service"}, "geometry": {"type": "LineString", "coordinates": [[-88.1113716, 41.778183], [-88.1099325, 41.7786298], [-88.1098734, 41.778648]]}}, {"type": "Feature", "id": 190849861, "properties": {"osm_id": 190849861, "osm_type": "way", "highway": "service"}, "geometry": {"type": "LineString", "coordinates": [[-88.1116824, 41.7780168], [-88.1115455, 41.7780019], [-88.1114596, 41.7779956], [-88.1112627, 41.7779875], [-88.1110007, 41.7779767], [-88.1106788, 41.7780767], [-88.109792, 41.7780681], [-88.1097252, 41.7780899], [-88.1095763, 41.7780919]]}}, {"type": "Feature", "id": 190849864, "properties": {"osm_id": 190849864, "osm_type": "way", "highway": "service"}, "geometry": {"type": "LineString", "coordinates": [[-88.1112627, 41.7779875], [-88.1113343, 41.778116], [-88.1113716, 41.778183], [-88.111469, 41.7783579], [-88.1111748, 41.7784494], [-88.1100324, 41.7788048], [-88.1099325, 41.7786298], [-88.1098018, 41.7784007], [-88.1097969, 41.778234], [-88.109792, 41.7780681]]}}, {"type": "Feature", "id": 190852180, "properties": {"osm_id": 190852180, "osm_type": "way", "highway": "residential", "name": "Oxford Court", "oneway": "no"}, "geometry": {"type": "LineString", "coordinates": [[-88.1216068, 41.7709394], [-88.121783, 41.770676], [-88.121866, 41.770518], [-88.1219764, 41.7701948], [-88.122004, 41.770114]]}}, {"type": "Feature", "id": 190852184, "properties": {"osm_id": 190852184, "osm_type": "way", "highway": "residential", "name": "Kent Court", "oneway": "no"}, "geometry": {"type": "LineString", "coordinates": [[-88.1233141, 41.769442], [-88.1231609, 41.7691348], [-88.1231239, 41.7690586]]}}, {"type": "Feature", "id": 190852187, "properties": {"osm_id": 190852187, "osm_type": "way", "highway": "residential", "name": "Dorset Court", "oneway": "no"}, "geometry": {"type": "LineString", "coordinates": [[-88.1220012, 41.7671542], [-88.122186, 41.767062], [-88.122284, 41.767], [-88.122338, 41.766954], [-88.122375, 41.766913], [-88.122433, 41.766821], [-88.12243685794391, 41.766812518567185]]}}, {"type": "Feature", "id": 241409523, "properties": {"osm_id": 241409523, "osm_type": "way", "highway": "service", "oneway": "yes"}, "geometry": {"type": "LineString", "coordinates": [[-88.11064496177265, 41.765629623016224], [-88.1106414, 41.765574], [-88.1106304, 41.7654014], [-88.1105916, 41.7652591]]}}, {"type": "Feature", "id": 241409525, "properties": {"osm_id": 241409525, "osm_type": "way", "highway": "service", "oneway": "no"}, "geometry": {"type": "LineString", "coordinates": [[-88.1119193, 41.7653735], [-88.1119284, 41.7655353], [-88.11193134268908, 41.7655873588451]]}}, {"type": "Feature", "id": 241409526, "properties": {"osm_id": 241409526, "osm_type": "way", "highway": "service", "oneway": "no"}, "geometry": {"type": "LineString", "coordinates": [[-88.1130811, 41.7645867], [-88.1129266, 41.7645625], [-88.1126841, 41.7645277]]}}, {"type": "Feature", "id": 241409527, "properties": {"osm_id": 241409527, "osm_type": "way", "highway": "service", "oneway": "yes"}, "geometry": {"type": "LineString", "coordinates": [[-88.1114851, 41.7649149], [-88.110573, 41.764946]]}}, {"type": "Feature", "id": 241409528, "properties": {"osm_id": 241409528, "osm_type": "way", "highway": "service", "oneway": "yes"}, "geometry": {"type": "LineString", "coordinates": [[-88.1105916, 41.7652591], [-88.1105387, 41.7654044], [-88.110549, 41.7655759], [-88.1105527714895, 41.76563265193701]]}}, {"type": "Feature", "id": 241409529, "properties": {"osm_id": 241409529, "osm_type": "way", "highway": "service"}, "geometry": {"type": "LineString", "coordinates": [[-88.111509, 41.7652281], [-88.1114978, 41.7650891], [-88.1114851, 41.7649149]]}}, {"type": "Feature", "id": 241409530, "properties": {"osm_id": 241409530, "osm_type": "way", "highway": "service", "oneway": "yes"}, "geometry": {"type": "LineString", "coordinates": [[-88.1105634, 41.764798], [-88.111474, 41.764763], [-88.1114851, 41.7649149]]}}, {"type": "Feature", "id": 241409531, "properties": {"osm_id": 241409531, "osm_type": "way", "highway": "service", "oneway": "yes"}, "geometry": {"type": "LineString", "coordinates": [[-88.1126126, 41.764816], [-88.1126841, 41.7645277], [-88.1127441, 41.7642858], [-88.1127414, 41.7642618], [-88.1127253, 41.7642418], [-88.1126904, 41.7642218], [-88.1126502, 41.7642098], [-88.1126059, 41.7642057], [-88.112563, 41.7642157], [-88.1125241, 41.7642298], [-88.1125013, 41.7642617], [-88.1123927, 41.764744], [-88.11239, 41.764782], [-88.112398, 41.764812], [-88.1124222, 41.764838], [-88.1124651, 41.764852], [-88.112508, 41.764858], [-88.1125483, 41.764854], [-88.1125831, 41.764844], [-88.1126126, 41.764816]]}}, {"type": "Feature", "id": 241409532, "properties": {"osm_id": 241409532, "osm_type": "way", "highway": "service", "oneway": "yes"}, "geometry": {"type": "LineString", "coordinates": [[-88.1105387, 41.7654044], [-88.1106304, 41.7654014], [-88.1117731, 41.7653642], [-88.1118456, 41.7653424]]}}, {"type": "Feature", "id": 241409533, "properties": {"osm_id": 241409533, "osm_type": "way", "highway": "service", "oneway": "yes"}, "geometry": {"type": "LineString", "coordinates": [[-88.1119193, 41.7653735], [-88.1119606, 41.7653654], [-88.1119921, 41.7653438], [-88.1120054, 41.7653187], [-88.1120039, 41.7652905], [-88.1119873, 41.765266], [-88.1119643, 41.7652509], [-88.1119291, 41.7652417], [-88.1118986, 41.7652428], [-88.1118655, 41.7652541], [-88.1118416, 41.7652739], [-88.1118303, 41.765298], [-88.1118352, 41.7653308], [-88.1118456, 41.7653424], [-88.1118573, 41.7653555], [-88.1118869, 41.7653692], [-88.1119193, 41.7653735]]}}, {"type": "Feature", "id": 241409534, "properties": {"osm_id": 241409534, "osm_type": "way", "highway": "service"}, "geometry": {"type": "LineString", "coordinates": [[-88.1105634, 41.764798], [-88.110573, 41.764946], [-88.1105845, 41.7651221], [-88.1105916, 41.7652591]]}}, {"type": "Feature", "id": 241409535, "properties": {"osm_id": 241409535, "osm_type": "way", "highway": "service", "oneway": "yes"}, "geometry": {"type": "LineString", "coordinates": [[-88.1105845, 41.7651221], [-88.1114978, 41.7650891]]}}, {"type": "Feature", "id": 241409536, "properties": {"osm_id": 241409536, "osm_type": "way", "highway": "service", "oneway": "yes"}, "geometry": {"type": "LineString", "coordinates": [[-88.1118655, 41.7652541], [-88.1118053, 41.765218], [-88.111509, 41.7652281], [-88.1105916, 41.7652591]]}}, {"type": "Feature", "id": 307966395, "properties": {"osm_id": 307966395, "osm_type": "way", "highway": "residential", "name": "Huntleigh Drive"}, "geometry": {"type": "MultiLineString", "coordinates": [[[-88.1159759, 41.7566106], [-88.1160478, 41.7565515], [-88.11607046798972, 41.7565328842364]], [[-88.11596808913379, 41.75636757592042], [-88.1158838, 41.7564296], [-88.11581, 41.756484]]]}}, {"type": "Feature", "id": 321167847, "properties": {"osm_id": 321167847, "osm_type": "way", "highway": "cycleway"}, "geometry": {"type": "LineString", "coordinates": [[-88.08854217401003, 41.742004408600344], [-88.088567, 41.742045]]}}, {"type": "Feature", "id": 354637895, "properties": {"osm_id": 354637895, "osm_type": "way", "highway": "residential", "name": "Justin Court", "oneway": "yes"}, "geometry": {"type": "LineString", "coordinates": [[-88.1083344, 41.7540886], [-88.1083533, 41.7541136], [-88.1083823, 41.7541324], [-88.108418, 41.7541429], [-88.1084564, 41.7541439], [-88.1084931, 41.7541352], [-88.1085237, 41.7541179], [-88.1085449, 41.754094], [-88.108554, 41.7540661], [-88.1085501, 41.7540376], [-88.108535, 41.754013], [-88.1085102, 41.7539933], [-88.1084783, 41.7539805], [-88.1084427, 41.7539758], [-88.1084069, 41.7539797], [-88.1083745, 41.7539919], [-88.108349, 41.7540111], [-88.1083329, 41.7540353], [-88.1083279, 41.754062], [-88.1083344, 41.7540886]]}}, {"type": "Feature", "id": 354637902, "properties": {"osm_id": 354637902, "osm_type": "way", "highway": "service"}, "geometry": {"type": "LineString", "coordinates": [[-88.11385215471648, 41.7529510349554], [-88.1138434, 41.7529526], [-88.1136244, 41.7529917], [-88.1134096, 41.7530301], [-88.1132046, 41.7530667], [-88.1129793, 41.7531069], [-88.112787, 41.7531413]]}}, {"type": "Feature", "id": 354637905, "properties": {"osm_id": 354637905, "osm_type": "way", "highway": "residential", "name": "Murdock Court", "oneway": "no"}, "geometry": {"type": "LineString", "coordinates": [[-88.1051064, 41.7550171], [-88.1051252, 41.7550514], [-88.105144, 41.7550934], [-88.1051574, 41.7551469], [-88.1051699, 41.7552094], [-88.1051909, 41.7553137]]}}, {"type": "Feature", "id": 354637908, "properties": {"osm_id": 354637908, "osm_type": "way", "highway": "residential", "name": "Hamilton Lane", "oneway": "yes"}, "geometry": {"type": "LineString", "coordinates": [[-88.1065018, 41.7527768], [-88.1064699, 41.752761], [-88.1064327, 41.7527542], [-88.1063946, 41.752757], [-88.10636, 41.7527692], [-88.1063328, 41.7527894], [-88.1063163, 41.7528151], [-88.1063122, 41.7528435], [-88.1063212, 41.7528713], [-88.1063421, 41.7528953], [-88.1063705, 41.7529118], [-88.1064044, 41.7529208], [-88.1064405, 41.7529213], [-88.1064749, 41.7529134], [-88.1065042, 41.7528977], [-88.1065253, 41.752876], [-88.1065362, 41.7528503], [-88.1065357, 41.7528234], [-88.1065238, 41.7527981], [-88.1065018, 41.7527768]]}}, {"type": "Feature", "id": 354637911, "properties": {"osm_id": 354637911, "osm_type": "way", "highway": "residential", "name": "Tranquility Court", "oneway": "no"}, "geometry": {"type": "LineString", "coordinates": [[-88.105929, 41.7540973], [-88.105895, 41.754167], [-88.1058843, 41.754213], [-88.1058816, 41.754261], [-88.1058824, 41.7543241], [-88.1059425, 41.7550659], [-88.1059517, 41.7551858]]}}, {"type": "Feature", "id": 354637912, "properties": {"osm_id": 354637912, "osm_type": "way", "highway": "residential", "name": "Hamilton Lane", "oneway": "no"}, "geometry": {"type": "LineString", "coordinates": [[-88.1064032, 41.7512923], [-88.1065592, 41.7514037], [-88.106631, 41.751455]]}}, {"type": "Feature", "id": 354637915, "properties": {"osm_id": 354637915, "osm_type": "way", "highway": "residential", "name": "Hamilton Lane", "oneway": "no"}, "geometry": {"type": "LineString", "coordinates": [[-88.1067195, 41.7526533], [-88.1066249, 41.752707], [-88.1065018, 41.7527768]]}}, {"type": "Feature", "id": 440205622, "properties": {"osm_id": 440205622, "osm_type": "way", "highway": "residential", "name": "Elijah Drive"}, "geometry": {"type": "LineString", "coordinates": [[-88.1027586, 41.7473015], [-88.1027577, 41.7472209], [-88.1027264, 41.7464073], [-88.1026957, 41.7453942]]}}, {"type": "Feature", "id": 440205624, "properties": {"osm_id": 440205624, "osm_type": "way", "highway": "residential", "name": "Mya Court"}, "geometry": {"type": "MultiLineString", "coordinates": [[[-88.1027264, 41.7464073], [-88.102622, 41.74641], [-88.1025834, 41.746411], [-88.1015154, 41.7464315], [-88.1013335, 41.746435], [-88.1012315, 41.7464711], [-88.1011886, 41.7465391], [-88.1011886, 41.7467072]], [[-88.1011886, 41.7467072], [-88.101135, 41.7467832], [-88.1010813, 41.7468753], [-88.1011296, 41.7469393], [-88.1011886, 41.7469473], [-88.101253, 41.7469273], [-88.1012852, 41.7468673], [-88.1012423, 41.7467832], [-88.1011886, 41.7467072]]]}}, {"type": "Feature", "id": 465286359, "properties": {"osm_id": 465286359, "osm_type": "way", "highway": "residential", "name": "Horseguards Court"}, "geometry": {"type": "LineString", "coordinates": [[-88.1094448, 41.752218], [-88.1094678, 41.7523057], [-88.1095494, 41.7526163], [-88.1096266, 41.7528541], [-88.1096492, 41.7529478], [-88.1096771, 41.7531752], [-88.1096674, 41.7533406], [-88.1096781, 41.7535847], [-88.1095976, 41.7538369]]}}, {"type": "Feature", "id": 479561348, "properties": {"osm_id": 479561348, "osm_type": "way", "highway": "residential", "lanes": "2", "maxspeed": "25 mph", "name": "Sara Lane", "oneway": "no"}, "geometry": {"type": "LineString", "coordinates": [[-88.10863085643372, 41.74452034857503], [-88.1079621, 41.7445467]]}}, {"type": "Feature", "id": 479561353, "properties": {"osm_id": 479561353, "osm_type": "way", "highway": "residential", "lanes": "2", "maxspeed": "25 mph", "name": "East Bailey Road", "oneway": "no"}, "geometry": {"type": "LineString", "coordinates": [[-88.10709561613481, 41.74204143839262], [-88.107013, 41.742103], [-88.106848, 41.742208], [-88.106676, 41.742301], [-88.106421, 41.74242], [-88.106089, 41.742564], [-88.105948, 41.742606], [-88.105781, 41.742639], [-88.105689, 41.742652], [-88.10552, 41.742663], [-88.105334, 41.742656], [-88.10515, 41.742629], [-88.104448, 41.742502], [-88.10412, 41.742455], [-88.103739, 41.742404], [-88.103413, 41.742365], [-88.103367, 41.742363], [-88.1033101, 41.7423613], [-88.103265, 41.74236], [-88.10313, 41.742366]]}}, {"type": "Feature", "id": 479561382, "properties": {"osm_id": 479561382, "osm_type": "way", "highway": "secondary", "lanes": "2", "maxspeed": "35 mph", "name": "Naper Boulevard", "oneway": "yes"}, "geometry": {"type": "LineString", "coordinates": [[-88.1149285, 41.7558726], [-88.1148514, 41.7559269], [-88.1145026, 41.7561741], [-88.1139808, 41.756572], [-88.1137479, 41.756759], [-88.1135863, 41.7569031], [-88.1134286, 41.7570712], [-88.1133396, 41.7571859], [-88.1132875, 41.757253], [-88.1132316, 41.7573268], [-88.1132067, 41.7573721], [-88.1131422, 41.7574845], [-88.1130781, 41.7576162], [-88.1130274, 41.7577267]]}}, {"type": "Feature", "id": 479561383, "properties": {"osm_id": 479561383, "osm_type": "way", "highway": "secondary", "lanes": "3", "maxspeed": "40 mph", "name": "Hobson Road"}, "geometry": {"type": "LineString", "coordinates": [[-88.1138614, 41.7537939], [-88.1128896, 41.7539659]]}}, {"type": "Feature", "id": 480681913, "properties": {"osm_id": 480681913, "osm_type": "way", "highway": "residential", "lanes": "2", "name": "Jane Avenue"}, "geometry": {"type": "LineString", "coordinates": [[-88.1199141, 41.7731671], [-88.1197474, 41.773172], [-88.1197231, 41.7731705], [-88.1180953, 41.7730712], [-88.1179871, 41.7730651]]}}, {"type": "Feature", "id": 480681915, "properties": {"osm_id": 480681915, "osm_type": "way", "highway": "tertiary", "lanes": "2", "maxspeed": "25 mph", "name": "Olesen Drive"}, "geometry": {"type": "LineString", "coordinates": [[-88.1199141, 41.7731671], [-88.1199036, 41.7732509], [-88.119852, 41.7737431], [-88.1198434, 41.7738256], [-88.1197925, 41.7743175], [-88.1197567, 41.7746628], [-88.1197415, 41.7748101], [-88.1196915, 41.7752928], [-88.1196397, 41.7757926], [-88.1196216, 41.7759668]]}}, {"type": "Feature", "id": 480681918, "properties": {"osm_id": 480681918, "osm_type": "way", "highway": "tertiary", "lanes": "2", "maxspeed": "25 mph", "name": "Olesen Drive"}, "geometry": {"type": "LineString", "coordinates": [[-88.1205024, 41.768008], [-88.1204861, 41.7680977], [-88.1204241, 41.7685129], [-88.1203952, 41.7687151], [-88.1203717, 41.7689088], [-88.1203644, 41.7689695], [-88.120314, 41.769385], [-88.1203062, 41.7694647], [-88.1202648, 41.7698954], [-88.1202538, 41.7699921], [-88.1202261, 41.7702364], [-88.120139, 41.771047], [-88.120103, 41.771414], [-88.1199235, 41.7730921], [-88.1199141, 41.7731671]]}}, {"type": "Feature", "id": 480681924, "properties": {"osm_id": 480681924, "osm_type": "way", "highway": "tertiary", "lanes": "2", "maxspeed": "25 mph", "name": "Olesen Drive"}, "geometry": {"type": "LineString", "coordinates": [[-88.12102765927348, 41.76453712432719], [-88.1209591, 41.765251], [-88.1209223, 41.765496], [-88.1208027, 41.7662185], [-88.1207906, 41.7663051], [-88.1207154, 41.76675], [-88.1205024, 41.768008]]}}, {"type": "Feature", "id": 480681925, "properties": {"osm_id": 480681925, "osm_type": "way", "highway": "residential", "name": "Huntleigh Drive"}, "geometry": {"type": "LineString", "coordinates": [[-88.116382, 41.758347], [-88.116271, 41.757093], [-88.116241, 41.756981], [-88.116209, 41.756904], [-88.11614, 41.75679], [-88.116054, 41.756686], [-88.1159759, 41.7566106], [-88.11581, 41.756484], [-88.115591, 41.756336], [-88.1151084, 41.7559976], [-88.1150406, 41.75595]]}}, {"type": "Feature", "id": 480681926, "properties": {"osm_id": 480681926, "osm_type": "way", "highway": "secondary", "lanes": "2", "maxspeed": "35 mph", "name": "Naper Boulevard", "oneway": "yes"}, "geometry": {"type": "LineString", "coordinates": [[-88.1129287, 41.7597448], [-88.1129317, 41.7598295], [-88.1129653, 41.7606835], [-88.1129695, 41.7607618], [-88.1130462, 41.762317]]}}, {"type": "Feature", "id": 480681928, "properties": {"osm_id": 480681928, "osm_type": "way", "highway": "secondary", "lanes": "4", "maxspeed": "35 mph", "name": "Naper Boulevard"}, "geometry": {"type": "LineString", "coordinates": [[-88.11192811152053, 41.76865218027177], [-88.1119696, 41.7686006], [-88.1120361, 41.7685026], [-88.1120978, 41.7683913], [-88.1121361, 41.7683171], [-88.1121648, 41.768261], [-88.1122039, 41.7681691], [-88.1122434, 41.7680515], [-88.1122666, 41.7679781], [-88.1123744, 41.7675066], [-88.1124836, 41.7670117]]}}, {"type": "Feature", "id": 480681929, "properties": {"osm_id": 480681929, "osm_type": "way", "highway": "residential", "lanes": "2", "name": "Millcreek Lane"}, "geometry": {"type": "LineString", "coordinates": [[-88.1125117, 41.770348], [-88.1125226, 41.7702672], [-88.112695, 41.769187], [-88.112735, 41.769109], [-88.112812, 41.769042], [-88.112846, 41.769025], [-88.112924, 41.768999], [-88.112971, 41.768991], [-88.113023, 41.768988], [-88.113602, 41.769024], [-88.114134, 41.769057], [-88.1152899, 41.7691332], [-88.115399, 41.7691395], [-88.1155167, 41.7691462], [-88.1160916, 41.769178], [-88.116217, 41.769192], [-88.116349, 41.769223], [-88.116422, 41.769248], [-88.1165727, 41.7693168], [-88.1166537, 41.7693689], [-88.1167225, 41.769427], [-88.1167797, 41.7694826], [-88.1168293, 41.7695477], [-88.116843, 41.769575], [-88.11688, 41.769646], [-88.116905, 41.769707], [-88.116931, 41.7698], [-88.11693, 41.76989], [-88.1168251, 41.7708825], [-88.1168173, 41.7709631], [-88.1168089, 41.77105], [-88.1167857, 41.7712309], [-88.116737, 41.7717196], [-88.116718, 41.7719098], [-88.11671, 41.77199]]}}, {"type": "Feature", "id": 480681930, "properties": {"osm_id": 480681930, "osm_type": "way", "highway": "residential", "lanes": "2", "name": "Dunrobin Road"}, "geometry": {"type": "LineString", "coordinates": [[-88.1125117, 41.770348], [-88.1124105, 41.7703467], [-88.1122353, 41.7703355], [-88.112082, 41.7703225], [-88.111519, 41.7702351]]}}, {"type": "Feature", "id": 480681931, "properties": {"osm_id": 480681931, "osm_type": "way", "highway": "residential", "lanes": "2", "name": "Millcreek Lane"}, "geometry": {"type": "LineString", "coordinates": [[-88.11182784244002, 41.77220275123829], [-88.111883, 41.771972], [-88.111901, 41.771914], [-88.111937, 41.771835], [-88.112043, 41.7717], [-88.1121201, 41.7716224], [-88.112188, 41.771554], [-88.1122376, 41.7714929], [-88.112253, 41.771474], [-88.112316, 41.771362], [-88.112346, 41.771293], [-88.112373, 41.771189], [-88.1125008, 41.7704327], [-88.1125117, 41.770348]]}}, {"type": "Feature", "id": 505882166, "properties": {"osm_id": 505882166, "osm_type": "way", "highway": "service"}, "geometry": {"type": "LineString", "coordinates": [[-88.1039256, 41.7480532], [-88.1039982, 41.7480746], [-88.1040658, 41.7480946], [-88.1045003, 41.7480976], [-88.1045687, 41.7481116], [-88.1046304, 41.7481417], [-88.1046626, 41.7481897], [-88.1046699, 41.7485099], [-88.1046718, 41.7485913], [-88.1046841, 41.7486339]]}}, {"type": "Feature", "id": 505882168, "properties": {"osm_id": 505882168, "osm_type": "way", "highway": "service", "oneway": "yes"}, "geometry": {"type": "LineString", "coordinates": [[-88.1046841, 41.7486339], [-88.1046747, 41.748732], [-88.1046658, 41.7487534], [-88.1046492, 41.748793], [-88.104613, 41.7488381], [-88.1045459, 41.7488821], [-88.1044427, 41.7489248]]}}, {"type": "Feature", "id": 513693382, "properties": {"osm_id": 513693382, "osm_type": "way", "highway": "secondary", "lanes": "2", "maxspeed": "35 mph", "name": "Naper Boulevard", "oneway": "yes"}, "geometry": {"type": "LineString", "coordinates": [[-88.1131468, 41.7628649], [-88.1132181, 41.7627165], [-88.1131555, 41.7613052]]}}, {"type": "Feature", "id": 576981925, "properties": {"osm_id": 576981925, "osm_type": "way", "highway": "service"}, "geometry": {"type": "LineString", "coordinates": [[-88.1187387, 41.7752404], [-88.1195251, 41.7752823], [-88.1196915, 41.7752928]]}}, {"type": "Feature", "id": 576981926, "properties": {"osm_id": 576981926, "osm_type": "way", "highway": "service"}, "geometry": {"type": "LineString", "coordinates": [[-88.1187764, 41.7750884], [-88.1187387, 41.7752404], [-88.1187308, 41.7752724], [-88.1186771, 41.7753524], [-88.1185082, 41.7755284]]}}, {"type": "Feature", "id": 576981927, "properties": {"osm_id": 576981927, "osm_type": "way", "highway": "service"}, "geometry": {"type": "LineString", "coordinates": [[-88.1188035, 41.7747559], [-88.1195709, 41.7747995], [-88.1197415, 41.7748101]]}}, {"type": "Feature", "id": 576981928, "properties": {"osm_id": 576981928, "osm_type": "way", "highway": "service"}, "geometry": {"type": "LineString", "coordinates": [[-88.1188166, 41.7745983], [-88.1188035, 41.7747559], [-88.1187817, 41.7750163]]}}, {"type": "Feature", "id": 576981929, "properties": {"osm_id": 576981929, "osm_type": "way", "highway": "service"}, "geometry": {"type": "LineString", "coordinates": [[-88.1188658, 41.774258], [-88.1196232, 41.7743053], [-88.1197925, 41.7743175]]}}, {"type": "Feature", "id": 576981930, "properties": {"osm_id": 576981930, "osm_type": "way", "highway": "service"}, "geometry": {"type": "LineString", "coordinates": [[-88.118881, 41.7740942], [-88.1188658, 41.774258], [-88.1188408, 41.7745283]]}}, {"type": "Feature", "id": 576981931, "properties": {"osm_id": 576981931, "osm_type": "way", "highway": "service"}, "geometry": {"type": "LineString", "coordinates": [[-88.1196594, 41.773814], [-88.1196765, 41.7738152], [-88.1197801, 41.7738216]]}}, {"type": "Feature", "id": 576981932, "properties": {"osm_id": 576981932, "osm_type": "way", "highway": "service"}, "geometry": {"type": "LineString", "coordinates": [[-88.1189159, 41.7736201], [-88.1189058, 41.7737623], [-88.1188864, 41.7740362]]}}, {"type": "Feature", "id": 577049691, "properties": {"osm_id": 577049691, "osm_type": "way", "highway": "service"}, "geometry": {"type": "LineString", "coordinates": [[-88.120361, 41.7685085], [-88.120285, 41.7685032], [-88.1202723, 41.7685024]]}}, {"type": "Feature", "id": 577053501, "properties": {"osm_id": 577053501, "osm_type": "way", "highway": "service", "oneway": "yes"}, "geometry": {"type": "LineString", "coordinates": [[-88.1140075, 41.7596983], [-88.1139619, 41.7596903], [-88.1139072, 41.7596917], [-88.1136656, 41.7596977], [-88.1134844, 41.7597023], [-88.1133623, 41.7597208]]}}, {"type": "Feature", "id": 577053504, "properties": {"osm_id": 577053504, "osm_type": "way", "highway": "service", "oneway": "yes"}, "geometry": {"type": "LineString", "coordinates": [[-88.1133623, 41.7597208], [-88.1134177, 41.7597523], [-88.1134549, 41.7597763], [-88.1134817, 41.7598043], [-88.1135032, 41.7598363], [-88.1135166, 41.7598784], [-88.1135354, 41.7604006], [-88.1135461, 41.7604366], [-88.1135703, 41.7604666], [-88.1136051, 41.7604806], [-88.1136373, 41.7604906]]}}, {"type": "Feature", "id": 607163879, "properties": {"osm_id": 607163879, "osm_type": "way", "highway": "footway"}, "geometry": {"type": "LineString", "coordinates": [[-88.1041081, 41.7594336], [-88.1041077, 41.7593889], [-88.1041403, 41.7589141], [-88.1040544, 41.756906]]}}, {"type": "Feature", "id": 607163882, "properties": {"osm_id": 607163882, "osm_type": "way", "highway": "footway"}, "geometry": {"type": "LineString", "coordinates": [[-88.1040544, 41.756906], [-88.1040529, 41.7568516], [-88.1040514, 41.7567933]]}}, {"type": "Feature", "id": 607163884, "properties": {"osm_id": 607163884, "osm_type": "way", "highway": "footway"}, "geometry": {"type": "LineString", "coordinates": [[-88.1040514, 41.7567933], [-88.1040095, 41.7557066], [-88.1040215, 41.7556765], [-88.104037, 41.7556636]]}}, {"type": "Feature", "id": 608119682, "properties": {"osm_id": 608119682, "osm_type": "way", "highway": "service"}, "geometry": {"type": "LineString", "coordinates": [[-88.0930407, 41.750775], [-88.0921725, 41.7508071]]}}, {"type": "Feature", "id": 608119683, "properties": {"osm_id": 608119683, "osm_type": "way", "highway": "service"}, "geometry": {"type": "LineString", "coordinates": [[-88.0933596, 41.7502502], [-88.0932696, 41.7503278], [-88.0929334, 41.7506177], [-88.0922738, 41.7506429], [-88.0918828, 41.7503896], [-88.0917689, 41.7503159]]}}, {"type": "Feature", "id": 608119684, "properties": {"osm_id": 608119684, "osm_type": "way", "highway": "service", "oneway": "yes"}, "geometry": {"type": "LineString", "coordinates": [[-88.0918828, 41.7503896], [-88.0921337, 41.7501778], [-88.0921686, 41.7501433], [-88.0921596, 41.7500896], [-88.0921057, 41.7500534]]}}, {"type": "Feature", "id": 609078546, "properties": {"osm_id": 609078546, "osm_type": "way", "highway": "footway"}, "geometry": {"type": "LineString", "coordinates": [[-88.104037, 41.7556636], [-88.1040839, 41.75564], [-88.1041698, 41.7556116], [-88.1042805, 41.7555931], [-88.1045276, 41.7555547], [-88.1049458, 41.7554864], [-88.1052453, 41.7554368], [-88.1059019, 41.7553226]]}}, {"type": "Feature", "id": 609078547, "properties": {"osm_id": 609078547, "osm_type": "way", "highway": "footway"}, "geometry": {"type": "LineString", "coordinates": [[-88.1059019, 41.7553226], [-88.1059788, 41.755309], [-88.1060591, 41.7552948]]}}, {"type": "Feature", "id": 609078549, "properties": {"osm_id": 609078549, "osm_type": "way", "highway": "footway"}, "geometry": {"type": "LineString", "coordinates": [[-88.1060591, 41.7552948], [-88.1064024, 41.7552357], [-88.1065866, 41.7552044], [-88.1069509, 41.7551372], [-88.1073825, 41.7550544], [-88.1075181, 41.7550302], [-88.107663, 41.755007]]}}, {"type": "Feature", "id": 609078550, "properties": {"osm_id": 609078550, "osm_type": "way", "highway": "footway"}, "geometry": {"type": "LineString", "coordinates": [[-88.107663, 41.755007], [-88.1077275, 41.7549962], [-88.1077889, 41.7549858]]}}, {"type": "Feature", "id": 609078551, "properties": {"osm_id": 609078551, "osm_type": "way", "highway": "footway"}, "geometry": {"type": "LineString", "coordinates": [[-88.1077889, 41.7549858], [-88.1079382, 41.7549707], [-88.1082401, 41.7549183], [-88.1084393, 41.7548838], [-88.1087076, 41.7547979], [-88.1090545, 41.7547392], [-88.1092791, 41.7547043], [-88.1093198, 41.754698], [-88.1094842, 41.7546694], [-88.1097015, 41.7546224], [-88.1097531, 41.7546142], [-88.1097867, 41.7546075], [-88.1098117, 41.7546022], [-88.1098361, 41.7545966], [-88.1098599, 41.7545916], [-88.1099871, 41.7545707], [-88.1100247, 41.7545645], [-88.1101797, 41.7545413], [-88.1102868, 41.7545274], [-88.1103703, 41.7545098], [-88.1104499, 41.7544889], [-88.110519, 41.7544736]]}}, {"type": "Feature", "id": 609080205, "properties": {"osm_id": 609080205, "osm_type": "way", "highway": "footway"}, "geometry": {"type": "LineString", "coordinates": [[-88.1113689, 41.7543289], [-88.1114737, 41.7543115], [-88.1115627, 41.7542968]]}}, {"type": "Feature", "id": 609080206, "properties": {"osm_id": 609080206, "osm_type": "way", "highway": "cycleway"}, "geometry": {"type": "LineString", "coordinates": [[-88.1115627, 41.7542968], [-88.111601, 41.7542955], [-88.1116553, 41.7542919], [-88.1119761, 41.754237], [-88.112097, 41.7542195], [-88.1122609, 41.7542149], [-88.1123609, 41.7542052]]}}, {"type": "Feature", "id": 609080208, "properties": {"osm_id": 609080208, "osm_type": "way", "highway": "footway"}, "geometry": {"type": "LineString", "coordinates": [[-88.1123609, 41.7542052], [-88.112413, 41.7542008], [-88.1124743, 41.7541949]]}}, {"type": "Feature", "id": 609080209, "properties": {"osm_id": 609080209, "osm_type": "way", "highway": "cycleway"}, "geometry": {"type": "LineString", "coordinates": [[-88.1124743, 41.7541949], [-88.1126211, 41.7541691], [-88.1128251, 41.7541297], [-88.1129434, 41.7541124], [-88.1130229, 41.754103], [-88.1130389, 41.7541011], [-88.1131246, 41.7541002], [-88.1131848, 41.7540937], [-88.1132653, 41.7540642], [-88.1133784, 41.7540308], [-88.1137266, 41.7539689], [-88.1137446, 41.7539695], [-88.1137752, 41.7539721], [-88.1138273, 41.7539673], [-88.11442051011653, 41.753868742749674]]}}, {"type": "Feature", "id": 609361906, "properties": {"osm_id": 609361906, "osm_type": "way", "highway": "service"}, "geometry": {"type": "LineString", "coordinates": [[-88.1202228, 41.775766], [-88.1201252, 41.7757991], [-88.1198977, 41.7758018], [-88.1198361, 41.7757993], [-88.1198189, 41.7757986]]}}, {"type": "Feature", "id": 611247880, "properties": {"osm_id": 611247880, "osm_type": "way", "highway": "footway"}, "geometry": {"type": "LineString", "coordinates": [[-88.1177861, 41.7730564], [-88.1176352, 41.7730447], [-88.1174881, 41.7730429], [-88.1172453, 41.7730386], [-88.1170118, 41.7730325], [-88.1166942, 41.7730229], [-88.1166558, 41.7730229], [-88.116175, 41.7729727]]}}, {"type": "Feature", "id": 611695704, "properties": {"osm_id": 611695704, "osm_type": "way", "highway": "service"}, "geometry": {"type": "LineString", "coordinates": [[-88.11361988123782, 41.77806693830882], [-88.1135749, 41.7779467], [-88.1134558, 41.777632]]}}, {"type": "Feature", "id": 611696072, "properties": {"osm_id": 611696072, "osm_type": "way", "highway": "footway"}, "geometry": {"type": "LineString", "coordinates": [[-88.1134591, 41.77797], [-88.1132979, 41.7775077], [-88.1133514, 41.7774461], [-88.11337067317807, 41.77742057393695]]}}, {"type": "Feature", "id": 611696073, "properties": {"osm_id": 611696073, "osm_type": "way", "highway": "footway"}, "geometry": {"type": "LineString", "coordinates": [[-88.1118993, 41.7783525], [-88.112158, 41.7782778], [-88.1123833, 41.7782172], [-88.1125698, 41.7781722], [-88.112893, 41.7780992], [-88.1132148, 41.7780292], [-88.1134591, 41.77797], [-88.1135368, 41.7779544]]}}, {"type": "Feature", "id": 611696074, "properties": {"osm_id": 611696074, "osm_type": "way", "crossing": "unmarked", "highway": "footway"}, "geometry": {"type": "LineString", "coordinates": [[-88.1135368, 41.7779544], [-88.1135749, 41.7779467], [-88.1136191, 41.7779378]]}}, {"type": "Feature", "id": 611697026, "properties": {"osm_id": 611697026, "osm_type": "way", "highway": "service"}, "geometry": {"type": "LineString", "coordinates": [[-88.1046718, 41.7485913], [-88.104609, 41.7485924], [-88.1039994, 41.7486031], [-88.1039441, 41.7485719], [-88.1039256, 41.7480532]]}}, {"type": "Feature", "id": 611697027, "properties": {"osm_id": 611697027, "osm_type": "way", "highway": "service"}, "geometry": {"type": "LineString", "coordinates": [[-88.1039256, 41.7480532], [-88.103922, 41.7479658], [-88.1039142, 41.7479219], [-88.1038858, 41.7479034], [-88.1038312, 41.7478986], [-88.1037528, 41.7479005], [-88.1037363, 41.7479009], [-88.1035609, 41.747904]]}}, {"type": "Feature", "id": 614266578, "properties": {"osm_id": 614266578, "osm_type": "way", "highway": "service"}, "geometry": {"type": "LineString", "coordinates": [[-88.11012277385923, 41.76564677955131], [-88.1101189, 41.7655904], [-88.1100964, 41.765242], [-88.1100826, 41.7651958], [-88.1098427, 41.7650209], [-88.1098096, 41.764989], [-88.1097986, 41.7649561], [-88.1097876, 41.7645808], [-88.1097986, 41.7645448], [-88.1098413, 41.7645221], [-88.1098786, 41.764519], [-88.1100923, 41.764516], [-88.1101433, 41.7645201], [-88.1101598, 41.7645448], [-88.1101681, 41.7648019]]}}, {"type": "Feature", "id": 614313515, "properties": {"osm_id": 614313515, "osm_type": "way", "highway": "footway"}, "geometry": {"type": "LineString", "coordinates": [[-88.1084995, 41.7767834], [-88.1084965, 41.7767561], [-88.108484, 41.7767279], [-88.1083854, 41.7766108], [-88.1083756, 41.7765832], [-88.1083674, 41.7765431], [-88.1083545, 41.7763954], [-88.1083454, 41.776234], [-88.1083398, 41.7761275], [-88.1083347, 41.7761118], [-88.1083209, 41.776096], [-88.1082257, 41.7760187]]}}, {"type": "Feature", "id": 614313517, "properties": {"osm_id": 614313517, "osm_type": "way", "highway": "service"}, "geometry": {"type": "LineString", "coordinates": [[-88.1076455, 41.7785285], [-88.1078474, 41.778523]]}}, {"type": "Feature", "id": 614313518, "properties": {"osm_id": 614313518, "osm_type": "way", "highway": "service"}, "geometry": {"type": "LineString", "coordinates": [[-88.107853, 41.7786716], [-88.1078474, 41.778523], [-88.1078421, 41.778382]]}}, {"type": "Feature", "id": 614938641, "properties": {"osm_id": 614938641, "osm_type": "way", "highway": "footway"}, "geometry": {"type": "LineString", "coordinates": [[-88.10971278259727, 41.7656056623131], [-88.1097926, 41.7656025], [-88.1100662, 41.7655913], [-88.1101189, 41.7655904], [-88.1101601, 41.7655891], [-88.110304, 41.7655843], [-88.1105175, 41.7655767]]}}, {"type": "Feature", "id": 614938642, "properties": {"osm_id": 614938642, "osm_type": "way", "highway": "footway"}, "geometry": {"type": "LineString", "coordinates": [[-88.1105175, 41.7655767], [-88.110549, 41.7655759], [-88.1106414, 41.765574], [-88.1106897, 41.7655725]]}}, {"type": "Feature", "id": 614938643, "properties": {"osm_id": 614938643, "osm_type": "way", "highway": "footway"}, "geometry": {"type": "LineString", "coordinates": [[-88.1106897, 41.7655725], [-88.1109773, 41.7655653], [-88.1111836, 41.7655589], [-88.1114132, 41.7655515], [-88.1116039, 41.7655457], [-88.1118647, 41.7655373], [-88.1119001, 41.7655357]]}}, {"type": "Feature", "id": 614938644, "properties": {"osm_id": 614938644, "osm_type": "way", "highway": "footway"}, "geometry": {"type": "LineString", "coordinates": [[-88.1119001, 41.7655357], [-88.1119284, 41.7655353], [-88.112007, 41.7655342]]}}, {"type": "Feature", "id": 614938645, "properties": {"osm_id": 614938645, "osm_type": "way", "crossing": "zebra", "highway": "footway"}, "geometry": {"type": "LineString", "coordinates": [[-88.112007, 41.7655342], [-88.1122296, 41.7655255], [-88.112523, 41.7655138], [-88.1126971, 41.7655055], [-88.1127532, 41.7655041]]}}, {"type": "Feature", "id": 614938646, "properties": {"osm_id": 614938646, "osm_type": "way", "crossing": "zebra", "highway": "footway"}, "geometry": {"type": "LineString", "coordinates": [[-88.1127532, 41.7655041], [-88.1128555, 41.7655015], [-88.1129672, 41.7654992]]}}, {"type": "Feature", "id": 615021929, "properties": {"osm_id": 615021929, "osm_type": "way", "highway": "service"}, "geometry": {"type": "LineString", "coordinates": [[-88.1111748, 41.7784494], [-88.1112268, 41.7785432], [-88.11128201400425, 41.77864781098904]]}}, {"type": "Feature", "id": 655496699, "properties": {"osm_id": 655496699, "osm_type": "way", "crossing": "traffic_signals", "highway": "footway"}, "geometry": {"type": "LineString", "coordinates": [[-88.10959077889764, 41.77914853384981], [-88.1095905, 41.7791454], [-88.1095816, 41.7790459]]}}, {"type": "Feature", "id": 655496704, "properties": {"osm_id": 655496704, "osm_type": "way", "crossing": "traffic_signals", "highway": "footway"}, "geometry": {"type": "LineString", "coordinates": [[-88.10995616081041, 41.7790466384874], [-88.1099226, 41.7789559]]}}, {"type": "Feature", "id": 655496705, "properties": {"osm_id": 655496705, "osm_type": "way", "crossing": "traffic_signals", "highway": "footway"}, "geometry": {"type": "LineString", "coordinates": [[-88.1096148, 41.7790044], [-88.1097267, 41.7789792], [-88.1098716, 41.7789464]]}}, {"type": "Feature", "id": 655496706, "properties": {"osm_id": 655496706, "osm_type": "way", "highway": "footway"}, "geometry": {"type": "LineString", "coordinates": [[-88.1099226, 41.7789559], [-88.1099138, 41.7789344], [-88.1098388, 41.7787395]]}}, {"type": "Feature", "id": 681344187, "properties": {"osm_id": 681344187, "osm_type": "way", "highway": "service"}, "geometry": {"type": "LineString", "coordinates": [[-88.097717, 41.7564437], [-88.0977084, 41.7563499], [-88.0977073, 41.7563336], [-88.0976824, 41.7560666], [-88.0976711, 41.7559929], [-88.0976608, 41.755946], [-88.0976341, 41.7558808], [-88.0975877, 41.7558278], [-88.0975288, 41.7557707], [-88.0974928, 41.7557425], [-88.0974585, 41.7557315], [-88.0974041, 41.7557332]]}}, {"type": "Feature", "id": 681344188, "properties": {"osm_id": 681344188, "osm_type": "way", "highway": "secondary", "lanes": "2", "maxspeed": "45 mph", "name": "Hobson Road"}, "geometry": {"type": "LineString", "coordinates": [[-88.097717, 41.7564437], [-88.0973897, 41.7564876], [-88.0968449, 41.7565693], [-88.0966004, 41.7566028]]}}, {"type": "Feature", "id": 681387362, "properties": {"osm_id": 681387362, "osm_type": "way", "highway": "service"}, "geometry": {"type": "LineString", "coordinates": [[-88.1013564, 41.7491133], [-88.1013752, 41.7493257], [-88.1013887, 41.7495248], [-88.1013915, 41.7496635], [-88.1013945, 41.7498106], [-88.1013974, 41.7499557], [-88.1014005, 41.7501066]]}}, {"type": "Feature", "id": 681387363, "properties": {"osm_id": 681387363, "osm_type": "way", "highway": "service"}, "geometry": {"type": "LineString", "coordinates": [[-88.1031554, 41.7500403], [-88.1030627, 41.7500239], [-88.1030255, 41.7499983], [-88.1029998, 41.7499567], [-88.102995, 41.7499287], [-88.1029912, 41.7499066], [-88.1029741, 41.7494749], [-88.1029598, 41.7494397], [-88.1029212, 41.7494152], [-88.1028655, 41.7494045], [-88.102281, 41.7494152], [-88.1022439, 41.7494237], [-88.1022067, 41.7494461], [-88.102181, 41.7494781], [-88.1021824, 41.7495085], [-88.1021877, 41.7496529], [-88.102193, 41.7497981], [-88.1021983, 41.7499421], [-88.1022039, 41.7500949]]}}, {"type": "Feature", "id": 681387364, "properties": {"osm_id": 681387364, "osm_type": "way", "highway": "service", "oneway": "yes"}, "geometry": {"type": "LineString", "coordinates": [[-88.1013887, 41.7495248], [-88.1021824, 41.7495085]]}}, {"type": "Feature", "id": 681387365, "properties": {"osm_id": 681387365, "osm_type": "way", "highway": "service"}, "geometry": {"type": "LineString", "coordinates": [[-88.1034238, 41.7500356], [-88.1034322, 41.7500355], [-88.1035441, 41.7500335]]}}, {"type": "Feature", "id": 681387366, "properties": {"osm_id": 681387366, "osm_type": "way", "highway": "service", "oneway": "yes"}, "geometry": {"type": "LineString", "coordinates": [[-88.1014005, 41.7501066], [-88.1022039, 41.7500949], [-88.1029674, 41.7500839], [-88.1031554, 41.7500403]]}}, {"type": "Feature", "id": 681387367, "properties": {"osm_id": 681387367, "osm_type": "way", "highway": "secondary", "lanes": "5", "maxspeed": "40 mph", "name": "Wehrli Road"}, "geometry": {"type": "LineString", "coordinates": [[-88.103641, 41.7500318], [-88.1036151, 41.7491637], [-88.1036144, 41.7491429], [-88.1036121, 41.7490694]]}}, {"type": "Feature", "id": 703079461, "properties": {"osm_id": 703079461, "osm_type": "way", "highway": "service"}, "geometry": {"type": "LineString", "coordinates": [[-88.109955, 41.7544819], [-88.1099871, 41.7545707], [-88.1100024, 41.7547902]]}}, {"type": "Feature", "id": 703079462, "properties": {"osm_id": 703079462, "osm_type": "way", "highway": "secondary", "lanes": "2", "maxspeed": "45 mph", "name": "Hobson Road"}, "geometry": {"type": "LineString", "coordinates": [[-88.1001108, 41.7561123], [-88.0996594, 41.7561749], [-88.0993659, 41.7562176], [-88.0988261, 41.756291]]}}, {"type": "Feature", "id": 703286123, "properties": {"osm_id": 703286123, "osm_type": "way", "highway": "service"}, "geometry": {"type": "LineString", "coordinates": [[-88.1197567, 41.7746628], [-88.1199266, 41.7746685], [-88.1206636, 41.7746822], [-88.1206774, 41.7743925], [-88.1206855, 41.7742211], [-88.1206934, 41.7740549], [-88.120709, 41.7737281], [-88.1200016, 41.7737425], [-88.119852, 41.7737431]]}}, {"type": "Feature", "id": 711514094, "properties": {"osm_id": 711514094, "osm_type": "way", "highway": "residential"}, "geometry": {"type": "LineString", "coordinates": [[-88.1188149, 41.7653755], [-88.1188813, 41.7654479], [-88.1189355, 41.7655069], [-88.1189779, 41.7655518], [-88.1190046, 41.7656056], [-88.1189967, 41.7656541], [-88.1189434, 41.7656865], [-88.1188684, 41.7656924], [-88.1188013, 41.7656718], [-88.118748, 41.7656262], [-88.1186833, 41.7655451], [-88.118625, 41.765472]]}}, {"type": "Feature", "id": 711514095, "properties": {"osm_id": 711514095, "osm_type": "way", "highway": "residential", "lanes": "1", "name": "Millcreek Lane", "oneway": "yes"}, "geometry": {"type": "LineString", "coordinates": [[-88.1167797, 41.7694826], [-88.1168476, 41.7694367], [-88.116917, 41.7693971], [-88.1169528, 41.7693679], [-88.116975, 41.7693297], [-88.1169698, 41.7692942], [-88.1169494, 41.7692637], [-88.1169068, 41.7692433], [-88.1168506, 41.7692395], [-88.1168063, 41.7692548], [-88.116725, 41.7693196], [-88.1166537, 41.7693689]]}}, {"type": "Feature", "id": 722422312, "properties": {"osm_id": 722422312, "osm_type": "way", "highway": "service"}, "geometry": {"type": "MultiLineString", "coordinates": [[[-88.1105417, 41.7543801], [-88.110561, 41.7544659], [-88.1105735, 41.7545331], [-88.1105676, 41.7545875], [-88.1105155, 41.7546782], [-88.110526, 41.7547998], [-88.1105555, 41.7548753], [-88.1106364, 41.7549363], [-88.1107436, 41.7549264], [-88.1108726, 41.7549192], [-88.1109133, 41.7549391]], [[-88.1109133, 41.7549391], [-88.1109213, 41.7549864], [-88.1109416, 41.7550157], [-88.1109732, 41.7550302], [-88.111021, 41.7550346], [-88.1110701, 41.7550185], [-88.1110961, 41.7549953], [-88.1111085, 41.7549613], [-88.1111023, 41.7549327], [-88.1110815, 41.7549072], [-88.1110474, 41.7548894], [-88.1109976, 41.7548887], [-88.1109625, 41.7548942], [-88.1109444, 41.7549024], [-88.1109319, 41.7549126], [-88.1109184, 41.7549235], [-88.1109133, 41.7549391]]]}}, {"type": "Feature", "id": 722422313, "properties": {"osm_id": 722422313, "osm_type": "way", "highway": "service"}, "geometry": {"type": "LineString", "coordinates": [[-88.107689, 41.7548734], [-88.1077275, 41.7549962], [-88.1077313, 41.7550083], [-88.1077641, 41.7551157], [-88.1078993, 41.7555586], [-88.107974, 41.7556179], [-88.1080292, 41.7557997], [-88.1080735, 41.7559456], [-88.1080629, 41.7559802], [-88.1080261, 41.7560717], [-88.1079676, 41.7561639], [-88.1078853, 41.7562578], [-88.1077954, 41.7563239], [-88.1076372, 41.7563918], [-88.1074235, 41.7564483], [-88.107268, 41.7564682], [-88.1072203, 41.7564549], [-88.1071726, 41.7563015], [-88.1071232, 41.7561429], [-88.1070682, 41.755966], [-88.107026, 41.7558304], [-88.1070105, 41.7557803]]}}, {"type": "Feature", "id": 722422314, "properties": {"osm_id": 722422314, "osm_type": "way", "highway": "service"}, "geometry": {"type": "LineString", "coordinates": [[-88.1059517, 41.7551858], [-88.1059753, 41.7552929], [-88.1059788, 41.755309], [-88.1059937, 41.7554169], [-88.1060035, 41.7555051], [-88.106033, 41.7558245], [-88.1060446, 41.7559475]]}}, {"type": "Feature", "id": 722422315, "properties": {"osm_id": 722422315, "osm_type": "way", "highway": "service"}, "geometry": {"type": "LineString", "coordinates": [[-88.107974, 41.7556179], [-88.1076893, 41.7556664], [-88.1074631, 41.7557049], [-88.1072333, 41.755744], [-88.1070105, 41.7557803], [-88.1067815, 41.75582], [-88.106577, 41.7558554], [-88.1063647, 41.7558921], [-88.106127, 41.7559333], [-88.1060446, 41.7559475], [-88.1059478, 41.7559671], [-88.1057925, 41.755975], [-88.1055614, 41.7559868], [-88.1053332, 41.7559918], [-88.1051053, 41.7559933], [-88.1050754, 41.7559935], [-88.1049603, 41.7559645], [-88.1049055, 41.7558721], [-88.104909, 41.7556523], [-88.1049727, 41.7555883], [-88.1050887, 41.7555674], [-88.105316, 41.7555265], [-88.1055428, 41.7554891], [-88.1057792, 41.7554511], [-88.1058607, 41.755438], [-88.1059937, 41.7554169], [-88.1061042, 41.7553981], [-88.1062083, 41.7553804], [-88.1064207, 41.7553443], [-88.1066254, 41.7553095], [-88.1068561, 41.7552702], [-88.107077, 41.7552326], [-88.1073067, 41.7551935], [-88.107533, 41.755155], [-88.1077641, 41.7551157]]}}, {"type": "Feature", "id": 722422317, "properties": {"osm_id": 722422317, "osm_type": "way", "highway": "service"}, "geometry": {"type": "LineString", "coordinates": [[-88.1070105, 41.7557803], [-88.1068561, 41.7552702]]}}, {"type": "Feature", "id": 722422320, "properties": {"osm_id": 722422320, "osm_type": "way", "highway": "secondary", "lanes": "5", "maxspeed": "40 mph", "name": "College Road"}, "geometry": {"type": "LineString", "coordinates": [[-88.1038789, 41.7568566], [-88.1038354, 41.7556835], [-88.1038289, 41.7555497]]}}, {"type": "Feature", "id": 722422321, "properties": {"osm_id": 722422321, "osm_type": "way", "highway": "service"}, "geometry": {"type": "LineString", "coordinates": [[-88.1060446, 41.7559475], [-88.1060538, 41.7566294], [-88.105982, 41.7566862], [-88.1057751, 41.7567147], [-88.105534, 41.7567359], [-88.1052041, 41.7567281], [-88.1050153, 41.756716], [-88.1048875, 41.7567126]]}}, {"type": "Feature", "id": 722422322, "properties": {"osm_id": 722422322, "osm_type": "way", "highway": "service"}, "geometry": {"type": "LineString", "coordinates": [[-88.1046398, 41.7567433], [-88.1045573, 41.7567882], [-88.1044481, 41.7568259], [-88.1043005, 41.75685], [-88.1040529, 41.7568516], [-88.1038789, 41.7568566]]}}, {"type": "Feature", "id": 722442672, "properties": {"osm_id": 722442672, "osm_type": "way", "highway": "residential", "lanes": "2"}, "geometry": {"type": "LineString", "coordinates": [[-88.1159366, 41.777025], [-88.1160554, 41.7769993], [-88.1161587, 41.7769772], [-88.1168886, 41.7768089]]}}, {"type": "Feature", "id": 722442673, "properties": {"osm_id": 722442673, "osm_type": "way", "highway": "service"}, "geometry": {"type": "MultiLineString", "coordinates": [[[-88.11762986578236, 41.77716657497748], [-88.1175922, 41.7770473], [-88.1176061, 41.776885]], [[-88.1176061, 41.776885], [-88.1177319, 41.7767818], [-88.1177888, 41.7761478], [-88.1175327, 41.7761331], [-88.1174513, 41.7767301], [-88.1176061, 41.776885]]]}}, {"type": "Feature", "id": 722442674, "properties": {"osm_id": 722442674, "osm_type": "way", "highway": "service"}, "geometry": {"type": "LineString", "coordinates": [[-88.11864292542177, 41.7769432046012], [-88.1186029, 41.776847], [-88.1185568, 41.7767318], [-88.1185532, 41.7765975], [-88.1186626, 41.7765836], [-88.118809, 41.7765125], [-88.1188439, 41.7764623], [-88.1188602, 41.7764061], [-88.1189012, 41.7762643], [-88.1188738, 41.7761076], [-88.118862, 41.7759414], [-88.1192914, 41.7758279], [-88.1194631, 41.7757878]]}}, {"type": "Feature", "id": 722481485, "properties": {"osm_id": 722481485, "osm_type": "way", "highway": "service"}, "geometry": {"type": "LineString", "coordinates": [[-88.0988261, 41.756291], [-88.0988166, 41.756206], [-88.0988182, 41.7559843], [-88.098803, 41.7557395], [-88.0987878, 41.7556585], [-88.0987635, 41.7555774], [-88.0986967, 41.7554698], [-88.0986557, 41.755387], [-88.0986587, 41.7553133], [-88.0987088, 41.7551932], [-88.0988046, 41.7550708], [-88.0988669, 41.7549982], [-88.0988942, 41.754911], [-88.0988927, 41.7548033], [-88.0988395, 41.7546299], [-88.0988228, 41.754546], [-88.098803, 41.7543816], [-88.0988106, 41.7542615], [-88.098841, 41.7541255], [-88.0988167, 41.7539589], [-88.0987878, 41.7537163], [-88.0987924, 41.753323], [-88.0987635, 41.7529081], [-88.0987536, 41.7527639]]}}, {"type": "Feature", "id": 722488552, "properties": {"osm_id": 722488552, "osm_type": "way", "highway": "service"}, "geometry": {"type": "LineString", "coordinates": [[-88.0986449, 41.7528032], [-88.0983846, 41.752814], [-88.09821490961392, 41.752819590996886]]}}, {"type": "Feature", "id": 722488553, "properties": {"osm_id": 722488553, "osm_type": "way", "highway": "service"}, "geometry": {"type": "LineString", "coordinates": [[-88.0964057, 41.7544244], [-88.0963791, 41.7543652], [-88.0963791, 41.7543204], [-88.0963857, 41.754212], [-88.0964184, 41.7541143], [-88.0964294, 41.7540149], [-88.0964119, 41.7538373], [-88.0963748, 41.7537021], [-88.0963267, 41.7536434]]}}, {"type": "Feature", "id": 722491030, "properties": {"osm_id": 722491030, "osm_type": "way", "highway": "service"}, "geometry": {"type": "LineString", "coordinates": [[-88.1036659, 41.7507553], [-88.1035602, 41.7507573], [-88.10354260110908, 41.7507576233868]]}}, {"type": "Feature", "id": 722491031, "properties": {"osm_id": 722491031, "osm_type": "way", "highway": "service"}, "geometry": {"type": "LineString", "coordinates": [[-88.1036495, 41.7503214], [-88.10354903768138, 41.75032274909112]]}}, {"type": "Feature", "id": 722491032, "properties": {"osm_id": 722491032, "osm_type": "way", "highway": "service"}, "geometry": {"type": "LineString", "coordinates": [[-88.10381126043188, 41.75216602589433], [-88.1037136, 41.7521672]]}}, {"type": "Feature", "id": 722491033, "properties": {"osm_id": 722491033, "osm_type": "way", "highway": "service"}, "geometry": {"type": "LineString", "coordinates": [[-88.10381881643269, 41.752351972835235], [-88.1037225, 41.7523544]]}}, {"type": "Feature", "id": 722491034, "properties": {"osm_id": 722491034, "osm_type": "way", "highway": "service"}, "geometry": {"type": "MultiLineString", "coordinates": [[[-88.1037635, 41.7534609], [-88.10386381985444, 41.75345946988592]], [[-88.10384666951025, 41.75303741407602], [-88.1037454, 41.7530363]]]}}, {"type": "Feature", "id": 723335316, "properties": {"osm_id": 723335316, "osm_type": "way", "highway": "secondary", "lanes": "4", "maxspeed": "40 mph", "name": "Chicago Avenue"}, "geometry": {"type": "LineString", "coordinates": [[-88.1215375, 41.7762745], [-88.12244820324293, 41.77606821783159]]}}, {"type": "Feature", "id": 723715252, "properties": {"osm_id": 723715252, "osm_type": "way", "highway": "secondary", "lanes": "2", "maxspeed": "45 mph", "name": "Hobson Road"}, "geometry": {"type": "LineString", "coordinates": [[-88.0988261, 41.756291], [-88.097717, 41.7564437]]}}, {"type": "Feature", "id": 762403630, "properties": {"osm_id": 762403630, "osm_type": "way", "highway": "footway"}, "geometry": {"type": "LineString", "coordinates": [[-88.1082502, 41.7792188], [-88.1082393, 41.7789313]]}}, {"type": "Feature", "id": 762403631, "properties": {"osm_id": 762403631, "osm_type": "way", "highway": "footway"}, "geometry": {"type": "LineString", "coordinates": [[-88.1082551, 41.7792834], [-88.1082529, 41.7792543], [-88.1082502, 41.7792188]]}}, {"type": "Feature", "id": 762403634, "properties": {"osm_id": 762403634, "osm_type": "way", "highway": "footway"}, "geometry": {"type": "LineString", "coordinates": [[-88.1096148, 41.7790044], [-88.1095752, 41.7790149], [-88.1093203, 41.7790798], [-88.1088965, 41.7791853], [-88.1082583, 41.7793384], [-88.1082232, 41.7793469], [-88.10759403980863, 41.779497220636514]]}}, {"type": "Feature", "id": 762403635, "properties": {"osm_id": 762403635, "osm_type": "way", "highway": "footway"}, "geometry": {"type": "LineString", "coordinates": [[-88.1094524, 41.7780939], [-88.1094577, 41.7782888], [-88.1094678, 41.7784073], [-88.1094953, 41.7785433], [-88.1095395, 41.7787713], [-88.1095752, 41.7790149], [-88.1095816, 41.7790459]]}}, {"type": "Feature", "id": 762403636, "properties": {"osm_id": 762403636, "osm_type": "way", "highway": "footway"}, "geometry": {"type": "LineString", "coordinates": [[-88.1094584, 41.7779777], [-88.1094552, 41.7780383], [-88.1094524, 41.7780939]]}}, {"type": "Feature", "id": 762403637, "properties": {"osm_id": 762403637, "osm_type": "way", "highway": "footway"}, "geometry": {"type": "LineString", "coordinates": [[-88.1092391, 41.7759535], [-88.1092586, 41.7760215], [-88.109329, 41.776236], [-88.1094859, 41.7766851], [-88.1095368, 41.7768371], [-88.109559, 41.7769581], [-88.1095697, 41.7770476], [-88.1095791, 41.7771591], [-88.1095791, 41.7773427], [-88.1095523, 41.7774822], [-88.1094765, 41.7778137], [-88.1094584, 41.7779777]]}}, {"type": "Feature", "id": 762403638, "properties": {"osm_id": 762403638, "osm_type": "way", "highway": "footway"}, "geometry": {"type": "LineString", "coordinates": [[-88.1092103, 41.7758675], [-88.1092234, 41.7759067], [-88.1092391, 41.7759535]]}}, {"type": "Feature", "id": 762403639, "properties": {"osm_id": 762403639, "osm_type": "way", "highway": "footway"}, "geometry": {"type": "LineString", "coordinates": [[-88.10917287015573, 41.77577830547747], [-88.1092103, 41.7758675]]}}, {"type": "Feature", "id": 778161933, "properties": {"osm_id": 778161933, "osm_type": "way", "highway": "service"}, "geometry": {"type": "LineString", "coordinates": [[-88.1238124, 41.7753345], [-88.1237596, 41.7754608], [-88.1237276, 41.7755706], [-88.1237203, 41.7756622], [-88.12374850929889, 41.775754981414934]]}}, {"type": "Feature", "id": 781998228, "properties": {"osm_id": 781998228, "osm_type": "way", "highway": "service"}, "geometry": {"type": "LineString", "coordinates": [[-88.0911515, 41.7493054], [-88.0911757, 41.749654], [-88.0911983, 41.7499512], [-88.0911997, 41.7499859], [-88.09118773656523, 41.750009657175426]]}}, {"type": "Feature", "id": 786459856, "properties": {"osm_id": 786459856, "osm_type": "way", "highway": "service"}, "geometry": {"type": "LineString", "coordinates": [[-88.10928, 41.7545993], [-88.1092791, 41.7547043], [-88.1093092, 41.7548746], [-88.1093312, 41.7549248], [-88.1092923, 41.7550493], [-88.1093165, 41.755152]]}}, {"type": "Feature", "id": 788333539, "properties": {"osm_id": 788333539, "osm_type": "way", "highway": "service"}, "geometry": {"type": "LineString", "coordinates": [[-88.09649, 41.7544664], [-88.0965515, 41.7544024], [-88.096658, 41.754237], [-88.0966609, 41.7541411], [-88.0966077, 41.7540341], [-88.0965944, 41.7539106]]}}, {"type": "Feature", "id": 788338326, "properties": {"osm_id": 788338326, "osm_type": "way", "highway": "residential"}, "geometry": {"type": "LineString", "coordinates": [[-88.1105975, 41.7563931], [-88.1106562, 41.7563321], [-88.11067, 41.7563178], [-88.1107867, 41.756184], [-88.1108058, 41.7561318], [-88.1107846, 41.7560962], [-88.1107453, 41.756078], [-88.1106933, 41.7560669], [-88.1106318, 41.7560835], [-88.1105639, 41.7561373], [-88.1104697, 41.7562364], [-88.110414, 41.756295]]}}, {"type": "Feature", "id": 788781595, "properties": {"osm_id": 788781595, "osm_type": "way", "highway": "service"}, "geometry": {"type": "LineString", "coordinates": [[-88.0956212, 41.7567202], [-88.0956107, 41.7566148], [-88.0956157, 41.7565813], [-88.0956341, 41.756458], [-88.0957025, 41.7563607], [-88.0958436, 41.756273], [-88.0959997, 41.756222], [-88.0962776, 41.7561932], [-88.0965106, 41.7561964], [-88.0965779, 41.756192]]}}, {"type": "Feature", "id": 789786500, "properties": {"osm_id": 789786500, "osm_type": "way", "highway": "service"}, "geometry": {"type": "LineString", "coordinates": [[-88.107533, 41.755155], [-88.1076893, 41.7556664]]}}, {"type": "Feature", "id": 789786501, "properties": {"osm_id": 789786501, "osm_type": "way", "highway": "service"}, "geometry": {"type": "LineString", "coordinates": [[-88.1073067, 41.7551935], [-88.1074631, 41.7557049]]}}, {"type": "Feature", "id": 789786502, "properties": {"osm_id": 789786502, "osm_type": "way", "highway": "service"}, "geometry": {"type": "LineString", "coordinates": [[-88.107077, 41.7552326], [-88.1072333, 41.755744]]}}, {"type": "Feature", "id": 789786503, "properties": {"osm_id": 789786503, "osm_type": "way", "highway": "service"}, "geometry": {"type": "LineString", "coordinates": [[-88.1066254, 41.7553095], [-88.1067815, 41.75582]]}}, {"type": "Feature", "id": 789786504, "properties": {"osm_id": 789786504, "osm_type": "way", "highway": "service"}, "geometry": {"type": "LineString", "coordinates": [[-88.1064207, 41.7553443], [-88.106577, 41.7558554]]}}, {"type": "Feature", "id": 789786505, "properties": {"osm_id": 789786505, "osm_type": "way", "highway": "service"}, "geometry": {"type": "LineString", "coordinates": [[-88.1062083, 41.7553804], [-88.1063647, 41.7558921]]}}, {"type": "Feature", "id": 789802971, "properties": {"osm_id": 789802971, "osm_type": "way", "highway": "service"}, "geometry": {"type": "LineString", "coordinates": [[-88.1185532, 41.7765975], [-88.1183223, 41.7766018], [-88.1181305, 41.7765752], [-88.118085, 41.7765475], [-88.1180609, 41.7764455], [-88.1180643, 41.7763575], [-88.1180978, 41.7762895], [-88.1181215, 41.7758362]]}}, {"type": "Feature", "id": 795469487, "properties": {"osm_id": 795469487, "osm_type": "way", "highway": "service"}, "geometry": {"type": "LineString", "coordinates": [[-88.1203717, 41.7689088], [-88.1202414, 41.7689032], [-88.120147, 41.7688861], [-88.1201377, 41.7688347], [-88.1201573, 41.7687639], [-88.1202206, 41.7687029], [-88.1202612, 41.7687049], [-88.1203322, 41.7687084], [-88.1203952, 41.7687151]]}}, {"type": "Feature", "id": 814586951, "properties": {"osm_id": 814586951, "osm_type": "way", "highway": "service"}, "geometry": {"type": "LineString", "coordinates": [[-88.12639310041207, 41.775117832654274], [-88.1263535, 41.7750192], [-88.126232, 41.7747159]]}}, {"type": "Feature", "id": 833076734, "properties": {"osm_id": 833076734, "osm_type": "way", "highway": "footway"}, "geometry": {"type": "MultiLineString", "coordinates": [[[-88.1079685, 41.7462022], [-88.1080122, 41.7462377], [-88.1080192, 41.7462425], [-88.1080794, 41.7462808], [-88.1082041, 41.7463273]], [[-88.1082041, 41.7463273], [-88.1081496, 41.746394], [-88.1080638, 41.7464552], [-88.1079546, 41.7465092], [-88.1078341, 41.7465514], [-88.1076509, 41.746594], [-88.1075528, 41.746601], [-88.1074707, 41.7465997], [-88.1073188, 41.7465993], [-88.1072013, 41.7465941], [-88.1071096, 41.7465878], [-88.1070632, 41.746585], [-88.1070189, 41.7465859], [-88.1069723, 41.7465968], [-88.1069394, 41.746618], [-88.1068754, 41.7466592], [-88.1068501, 41.7466745], [-88.1068046, 41.7467592], [-88.1066554, 41.7467463], [-88.1064118, 41.7467689], [-88.1061975, 41.7468248], [-88.1059643, 41.7468223], [-88.1059032, 41.7468175], [-88.1058502, 41.7467951], [-88.1058327, 41.7467816], [-88.10579, 41.7467488], [-88.1057417, 41.7466984], [-88.1056964, 41.7466311], [-88.1056914, 41.7466237], [-88.1056285, 41.7465716], [-88.1055778, 41.7465575], [-88.1055271, 41.7465544], [-88.1051675, 41.7465582], [-88.1051043, 41.7465589], [-88.1050237, 41.7465788], [-88.1049791, 41.7465879], [-88.1049243, 41.7465883], [-88.1046688, 41.7465901], [-88.104445, 41.7465917], [-88.1042305, 41.7465933], [-88.1040171, 41.7465949], [-88.1038904, 41.7466684], [-88.1039251, 41.7473637], [-88.1039499, 41.7474011], [-88.1039903, 41.7474344], [-88.1040494, 41.7474582], [-88.104114, 41.7474736], [-88.1041835, 41.7474806], [-88.1042949, 41.7474692], [-88.1046358, 41.7473806], [-88.1047985, 41.7473755], [-88.104945, 41.7473986], [-88.1050514, 41.7474374], [-88.1051888, 41.7475097], [-88.1052569, 41.7475321], [-88.1053309, 41.7475435], [-88.1054287, 41.7475498], [-88.1055228, 41.7475419], [-88.1056712, 41.7475307], [-88.1058109, 41.7475277], [-88.105997, 41.7475354], [-88.1061613, 41.7475548], [-88.1063426, 41.7475497], [-88.1064362, 41.7475435], [-88.1065827, 41.7475491], [-88.1066569, 41.7475346], [-88.1067401, 41.7475156], [-88.1068593, 41.7475135], [-88.1070334, 41.7475181], [-88.1071871, 41.7475082], [-88.1073416, 41.747482], [-88.1075056, 41.7474501], [-88.1078232, 41.7473399], [-88.1081382, 41.7472275], [-88.1082516, 41.747199], [-88.1084022, 41.747172], [-88.1084499, 41.7471419], [-88.108488, 41.7471117], [-88.1085486, 41.7469953], [-88.1085641, 41.7469277], [-88.1085675, 41.7468631], [-88.1085458, 41.7467453], [-88.1085186, 41.7466999], [-88.1084915, 41.746672], [-88.1084795, 41.7466378], [-88.108477, 41.7466006], [-88.1084704, 41.7465565], [-88.1084474, 41.7464906], [-88.108396, 41.7464237], [-88.1082988, 41.7463606], [-88.1082041, 41.7463273]]]}}, {"type": "Feature", "id": 833077385, "properties": {"osm_id": 833077385, "osm_type": "way", "highway": "path"}, "geometry": {"type": "LineString", "coordinates": [[-88.1051675, 41.7465582], [-88.1051674, 41.7464595]]}}, {"type": "Feature", "id": 839684938, "properties": {"osm_id": 839684938, "osm_type": "way", "highway": "residential", "lanes": "2", "maxspeed": "25 mph", "name": "East Gartner Road"}, "geometry": {"type": "LineString", "coordinates": [[-88.1198445183878, 41.762626739359526], [-88.119587, 41.762604], [-88.119355, 41.762577], [-88.119012, 41.762529], [-88.11877, 41.762516], [-88.118632, 41.762522], [-88.118535, 41.762531], [-88.118454, 41.762543], [-88.118247, 41.762588], [-88.118068, 41.762639], [-88.117992, 41.762657], [-88.117883, 41.762676], [-88.117723, 41.762707], [-88.117468, 41.762742], [-88.117242, 41.762761], [-88.116977, 41.762773], [-88.116798, 41.76277], [-88.116655, 41.762762], [-88.116473, 41.762759], [-88.116351, 41.762761], [-88.116179, 41.762771], [-88.115751, 41.762792], [-88.115005, 41.762811], [-88.1133465, 41.7628592], [-88.1133211, 41.76286], [-88.1131468, 41.7628649]]}}, {"type": "Feature", "id": 842195163, "properties": {"osm_id": 842195163, "osm_type": "way", "highway": "residential", "name": "Auburn Avenue"}, "geometry": {"type": "LineString", "coordinates": [[-88.092631, 41.738913], [-88.0925267, 41.7389152], [-88.090082, 41.738966], [-88.089968, 41.738981], [-88.089926, 41.73899], [-88.089794, 41.73903], [-88.08967, 41.739085], [-88.089629, 41.739108], [-88.089536, 41.739173], [-88.089483, 41.739219], [-88.089447, 41.739259], [-88.08938, 41.73935], [-88.089338, 41.739432], [-88.089313, 41.739511], [-88.089304, 41.739576], [-88.0893062, 41.7397745], [-88.089307, 41.739848]]}}, {"type": "Feature", "id": 842195164, "properties": {"osm_id": 842195164, "osm_type": "way", "highway": "residential", "name": "Auburn Avenue"}, "geometry": {"type": "LineString", "coordinates": [[-88.095256, 41.738484], [-88.0951379, 41.7384983], [-88.094892, 41.738528], [-88.094809, 41.738544], [-88.094617, 41.738598], [-88.0939601, 41.7388041], [-88.093938, 41.738811], [-88.093843, 41.738835], [-88.0937449, 41.7388598], [-88.093539, 41.738887], [-88.093439, 41.738894], [-88.0933947, 41.738895], [-88.0927437, 41.7389103], [-88.092631, 41.738913]]}}, {"type": "Feature", "id": 842195165, "properties": {"osm_id": 842195165, "osm_type": "way", "highway": "residential", "name": "Ranchview Drive", "oneway": "no"}, "geometry": {"type": "LineString", "coordinates": [[-88.095832, 41.741259], [-88.0958165, 41.7411836], [-88.095658, 41.7404138], [-88.0956358, 41.7403059], [-88.0955146, 41.7397172], [-88.0954528, 41.7394173], [-88.0954212, 41.7392636], [-88.0953754, 41.7390413], [-88.0952738, 41.7385672], [-88.095256, 41.738484]]}}, {"type": "Feature", "id": 842195166, "properties": {"osm_id": 842195166, "osm_type": "way", "highway": "residential", "name": "Ranchview Drive"}, "geometry": {"type": "LineString", "coordinates": [[-88.096147, 41.74297], [-88.096154, 41.7430533], [-88.096161, 41.743137], [-88.096167, 41.743294], [-88.096167, 41.743525], [-88.096149, 41.743883], [-88.096128, 41.744066], [-88.0961095, 41.7441792], [-88.096098, 41.74425], [-88.0960877, 41.7443132], [-88.096072, 41.74441], [-88.096032, 41.744602], [-88.095992, 41.744757], [-88.0959171, 41.7450091], [-88.095896, 41.74508], [-88.0958677, 41.7451571], [-88.095764, 41.74544], [-88.095729, 41.745522], [-88.0956096, 41.7458061], [-88.0955793, 41.7458813]]}}, {"type": "Feature", "id": 857649699, "properties": {"osm_id": 857649699, "osm_type": "way", "highway": "tertiary", "lanes": "4", "maxspeed": "40 mph", "name": "Wehrli Road"}, "geometry": {"type": "LineString", "coordinates": [[-88.10313, 41.742366], [-88.1031052, 41.7423051], [-88.103082, 41.742248], [-88.102991, 41.742053], [-88.102892, 41.741879], [-88.102795, 41.741707], [-88.102643, 41.741399], [-88.102586, 41.74126], [-88.102495, 41.740987], [-88.10243, 41.740709], [-88.102402, 41.740553], [-88.1023933, 41.7404697], [-88.102378, 41.740322], [-88.102375, 41.740294], [-88.102367, 41.739985], [-88.10237, 41.7394531], [-88.102371, 41.739276], [-88.102371, 41.739221], [-88.102368, 41.739097], [-88.1023644, 41.7390605], [-88.102345, 41.738865], [-88.102319, 41.738736], [-88.102245, 41.738506], [-88.1022103, 41.7384362], [-88.102171, 41.738357]]}}, {"type": "Feature", "id": 857946730, "properties": {"osm_id": 857946730, "osm_type": "way", "crossing": "unmarked", "highway": "cycleway", "name": "Southern Dupage Regional Trail"}, "geometry": {"type": "LineString", "coordinates": [[-88.0976752, 41.7563556], [-88.0977084, 41.7563499], [-88.0977366, 41.7563452]]}}, {"type": "Feature", "id": 857946731, "properties": {"osm_id": 857946731, "osm_type": "way", "highway": "cycleway", "name": "Southern Dupage Regional Trail"}, "geometry": {"type": "LineString", "coordinates": [[-88.1040228, 41.7553854], [-88.1041905, 41.7553535], [-88.1043058, 41.7553515], [-88.1049603, 41.7552374], [-88.1050503, 41.7552254], [-88.1050846, 41.7552208]]}}, {"type": "Feature", "id": 870552575, "properties": {"osm_id": 870552575, "osm_type": "way", "highway": "service", "oneway": "no"}, "geometry": {"type": "LineString", "coordinates": [[-88.1078926, 41.7447171], [-88.1078682, 41.7447658], [-88.1078716, 41.7448188], [-88.1078757, 41.7448607]]}}, {"type": "Feature", "id": 870552576, "properties": {"osm_id": 870552576, "osm_type": "way", "highway": "service", "oneway": "yes"}, "geometry": {"type": "LineString", "coordinates": [[-88.10812, 41.7449448], [-88.108077, 41.7448807], [-88.1079912, 41.7448567], [-88.1078757, 41.7448607]]}}, {"type": "Feature", "id": 870552577, "properties": {"osm_id": 870552577, "osm_type": "way", "highway": "service", "oneway": "yes"}, "geometry": {"type": "LineString", "coordinates": [[-88.1078757, 41.7448607], [-88.107881, 41.7449564]]}}, {"type": "Feature", "id": 870552579, "properties": {"osm_id": 870552579, "osm_type": "way", "crossing": "uncontrolled", "highway": "footway"}, "geometry": {"type": "LineString", "coordinates": [[-88.1078836, 41.7461301], [-88.1079209, 41.7461618], [-88.1079685, 41.7462022]]}}, {"type": "Feature", "id": 870552585, "properties": {"osm_id": 870552585, "osm_type": "way", "highway": "service", "oneway": "yes"}, "geometry": {"type": "LineString", "coordinates": [[-88.1052946, 41.7461788], [-88.1052765, 41.7462073], [-88.1052507, 41.7462407], [-88.1052285, 41.7462658], [-88.1051882, 41.7462901], [-88.1051469, 41.7463043]]}}, {"type": "Feature", "id": 870552586, "properties": {"osm_id": 870552586, "osm_type": "way", "highway": "service", "oneway": "yes"}, "geometry": {"type": "LineString", "coordinates": [[-88.1054004, 41.7463004], [-88.1053509, 41.7462559], [-88.1053236, 41.7462176], [-88.1052946, 41.7461788]]}}, {"type": "Feature", "id": 870552589, "properties": {"osm_id": 870552589, "osm_type": "way", "highway": "footway"}, "geometry": {"type": "LineString", "coordinates": [[-88.1044528, 41.7464667], [-88.1045148, 41.7464652], [-88.1045421, 41.7464595], [-88.1045684, 41.7464437], [-88.1045807, 41.7464289], [-88.1045863, 41.7464075], [-88.1045827, 41.7463877], [-88.1045765, 41.7463685], [-88.1045768, 41.7463446], [-88.1045906, 41.7463206], [-88.10462, 41.7462981], [-88.1046521, 41.7462948], [-88.1046805, 41.746299], [-88.1047052, 41.7463073], [-88.1047299, 41.7463269], [-88.1047475, 41.74634], [-88.1047732, 41.7463508], [-88.104796, 41.7463705], [-88.1048091, 41.7463863], [-88.1048121, 41.746402], [-88.1048054, 41.7464191], [-88.1047914, 41.7464324], [-88.1047696, 41.7464508], [-88.10476, 41.7464657], [-88.1047841, 41.7464752], [-88.1047957, 41.7464873], [-88.1047952, 41.7465046], [-88.1047825, 41.7465223], [-88.1047653, 41.7465273], [-88.1047405, 41.7465276], [-88.1047028, 41.7465298], [-88.1046836, 41.7465425], [-88.1046681, 41.7465585], [-88.1046472, 41.7465542], [-88.1046328, 41.7465469], [-88.104622, 41.7465272]]}}, {"type": "Feature", "id": 870552590, "properties": {"osm_id": 870552590, "osm_type": "way", "highway": "footway"}, "geometry": {"type": "LineString", "coordinates": [[-88.1046688, 41.7465901], [-88.1046685, 41.7465768], [-88.1046681, 41.7465585]]}}, {"type": "Feature", "id": 870552591, "properties": {"osm_id": 870552591, "osm_type": "way", "highway": "footway"}, "geometry": {"type": "LineString", "coordinates": [[-88.1045807, 41.7464289], [-88.1046005, 41.7464468]]}}, {"type": "Feature", "id": 870552593, "properties": {"osm_id": 870552593, "osm_type": "way", "highway": "footway"}, "geometry": {"type": "LineString", "coordinates": [[-88.1048121, 41.746402], [-88.1048804, 41.7464023]]}}, {"type": "Feature", "id": 870552594, "properties": {"osm_id": 870552594, "osm_type": "way", "highway": "footway"}, "geometry": {"type": "LineString", "coordinates": [[-88.1048804, 41.7464023], [-88.1048797, 41.7464577], [-88.1049664, 41.7464583], [-88.1049679, 41.7463475], [-88.1048811, 41.7463469], [-88.1048804, 41.7464023]]}}, {"type": "Feature", "id": 870552599, "properties": {"osm_id": 870552599, "osm_type": "way", "highway": "footway"}, "geometry": {"type": "LineString", "coordinates": [[-88.1048797, 41.7464577], [-88.1048803, 41.7464788], [-88.1048731, 41.7464963], [-88.104881, 41.7465111], [-88.1049025, 41.746528], [-88.1049219, 41.746529], [-88.1049475, 41.7465261], [-88.1049637, 41.7465131], [-88.1049719, 41.7464968], [-88.1049699, 41.7464817], [-88.1049664, 41.7464583]]}}, {"type": "Feature", "id": 870552600, "properties": {"osm_id": 870552600, "osm_type": "way", "highway": "footway"}, "geometry": {"type": "LineString", "coordinates": [[-88.1049243, 41.7465883], [-88.1049238, 41.7465751], [-88.1049219, 41.746529]]}}, {"type": "Feature", "id": 870552601, "properties": {"osm_id": 870552601, "osm_type": "way", "highway": "pedestrian"}, "geometry": {"type": "LineString", "coordinates": [[-88.1048955, 41.7465749], [-88.1048949, 41.7465676], [-88.104907, 41.7465673], [-88.1049127, 41.746565], [-88.1049127, 41.74654], [-88.1049096, 41.7465365], [-88.1049028, 41.746534], [-88.104883, 41.7465263], [-88.1048712, 41.7465152], [-88.1048668, 41.7465057], [-88.1048649, 41.7464948], [-88.1048581, 41.7464908], [-88.1048458, 41.7464879], [-88.1048299, 41.7464865], [-88.1048146, 41.7464861], [-88.1048005, 41.7464865], [-88.104799, 41.7465005], [-88.1047964, 41.7465184], [-88.1047893, 41.7465276], [-88.1047697, 41.7465342], [-88.1047504, 41.746534], [-88.1047287, 41.7465346], [-88.1047077, 41.7465358], [-88.1046956, 41.74654], [-88.1046881, 41.74655], [-88.1046846, 41.7465594], [-88.104685, 41.7465769], [-88.1046685, 41.7465768], [-88.1046473, 41.7465767], [-88.1046476, 41.7465618], [-88.1046365, 41.7465586], [-88.1046266, 41.7465513], [-88.1046202, 41.7465413], [-88.1046144, 41.7465312], [-88.104622, 41.7465272], [-88.1046296, 41.7465232], [-88.1046388, 41.7465381], [-88.1046438, 41.7465459], [-88.1046506, 41.7465493], [-88.1046611, 41.7465478], [-88.1046701, 41.7465435], [-88.1046754, 41.7465373], [-88.1046797, 41.7465319], [-88.1046901, 41.7465258], [-88.1047023, 41.7465221], [-88.1047316, 41.7465212], [-88.1047568, 41.7465217], [-88.1047701, 41.7465201], [-88.1047798, 41.7465142], [-88.1047854, 41.7465033], [-88.1047853, 41.7464906], [-88.1047819, 41.7464861], [-88.1047675, 41.7464822], [-88.1047604, 41.7464799], [-88.1047617, 41.7464735], [-88.1047534, 41.7464684], [-88.1047446, 41.7464675], [-88.1047292, 41.7464676], [-88.104715, 41.7464666], [-88.1047069, 41.7464645], [-88.104707, 41.7464597], [-88.1047209, 41.7464588], [-88.1047452, 41.7464597], [-88.1047506, 41.7464565], [-88.1047525, 41.7464481], [-88.1047496, 41.7464462], [-88.1047602, 41.7464414], [-88.1047787, 41.7464339], [-88.1047944, 41.7464186], [-88.1047994, 41.7464061], [-88.1048005, 41.7463927], [-88.1047959, 41.7463838], [-88.1047888, 41.7463716], [-88.1047753, 41.7463603], [-88.1047601, 41.7463529], [-88.1047378, 41.746345], [-88.1047257, 41.7463366], [-88.1047127, 41.7463255], [-88.1047059, 41.7463169], [-88.1046895, 41.7463086], [-88.1046731, 41.7463036], [-88.1046509, 41.7463019], [-88.1046349, 41.7463022], [-88.1046222, 41.7463045], [-88.1046116, 41.7463104], [-88.1045978, 41.7463201], [-88.1045891, 41.7463328], [-88.1045831, 41.7463496], [-88.1045835, 41.7463654], [-88.1045875, 41.7463765], [-88.1045964, 41.7463975], [-88.1045949, 41.746409], [-88.1045909, 41.7464241], [-88.1046079, 41.7464403], [-88.1046005, 41.7464468], [-88.1045918, 41.7464533], [-88.1045799, 41.7464406], [-88.1045698, 41.7464511], [-88.1045581, 41.746459], [-88.1045384, 41.7464673], [-88.1045221, 41.7464717], [-88.1044987, 41.746473], [-88.104453, 41.7464735], [-88.1044528, 41.7464667], [-88.1044525, 41.7464595], [-88.1045039, 41.746459], [-88.1045186, 41.7464577], [-88.1045338, 41.7464547], [-88.104548, 41.7464478], [-88.1045592, 41.7464408], [-88.1045709, 41.7464294], [-88.1045758, 41.7464185], [-88.1045779, 41.7464072], [-88.1045778, 41.7463971], [-88.1045756, 41.7463865], [-88.1045698, 41.7463788], [-88.1045667, 41.7463685], [-88.1045641, 41.7463585], [-88.1045653, 41.7463434], [-88.104571, 41.7463321], [-88.1045776, 41.746322], [-88.1045801, 41.7463192], [-88.1045791, 41.7463144], [-88.1045723, 41.7463087], [-88.1046027, 41.7462849], [-88.1045996, 41.7462741], [-88.104598, 41.7462634], [-88.1045984, 41.746225], [-88.1045987, 41.746219], [-88.1045954, 41.7462122], [-88.1045884, 41.7462073], [-88.1045806, 41.7462062], [-88.10458, 41.7462001], [-88.1046497, 41.7461989], [-88.1046506, 41.7462247], [-88.1046157, 41.7462249], [-88.1046174, 41.7462711], [-88.104619, 41.7462787], [-88.104625, 41.7462873], [-88.1046335, 41.7462908], [-88.1046437, 41.7462896], [-88.1046605, 41.7462887], [-88.1046768, 41.7462908], [-88.1046958, 41.746296], [-88.1047135, 41.7463052], [-88.1047297, 41.7463136], [-88.1047443, 41.7463258], [-88.1047499, 41.7463321], [-88.1047645, 41.7463388], [-88.1047802, 41.7463461], [-88.1047968, 41.7463566], [-88.1048085, 41.7463685], [-88.1048182, 41.7463851], [-88.1048227, 41.7463913], [-88.1048296, 41.7463949], [-88.1048604, 41.7463958], [-88.1048606, 41.7463639], [-88.1048659, 41.7463631], [-88.1048697, 41.7463602], [-88.1048719, 41.7463564], [-88.1048711, 41.7463416], [-88.1049001, 41.7463414], [-88.1049073, 41.7463402], [-88.1049122, 41.7463362], [-88.104915, 41.7463317], [-88.1049159, 41.7462124], [-88.1049139, 41.7462052], [-88.1049086, 41.7462005], [-88.104898, 41.7461993], [-88.1048976, 41.7461944], [-88.1049514, 41.7461933], [-88.1049516, 41.7461985], [-88.1049437, 41.7461997], [-88.1049359, 41.7462049], [-88.1049334, 41.7462076], [-88.1049336, 41.746213], [-88.1049344, 41.746331], [-88.1049358, 41.7463349], [-88.1049391, 41.7463385], [-88.1049484, 41.7463418], [-88.1049773, 41.7463416], [-88.1049772, 41.7463563], [-88.1049807, 41.746361], [-88.1049875, 41.7463638], [-88.1049874, 41.7463848], [-88.1049776, 41.7463897], [-88.1049775, 41.7464153], [-88.1049797, 41.7464188], [-88.1049866, 41.7464219], [-88.1049877, 41.7464452], [-88.104978, 41.7464501], [-88.1049761, 41.7464762], [-88.1049799, 41.7464811], [-88.1049815, 41.7464986], [-88.1049775, 41.7465102], [-88.1049708, 41.7465197], [-88.1049627, 41.7465261], [-88.104951, 41.7465337], [-88.1049382, 41.7465376], [-88.1049344, 41.7465402], [-88.104934, 41.7465619], [-88.1049382, 41.7465643], [-88.1049436, 41.7465662], [-88.1049505, 41.7465669], [-88.1049515, 41.7465752], [-88.1049238, 41.7465751], [-88.1048955, 41.7465749]]}}, {"type": "Feature", "id": 870552604, "properties": {"osm_id": 870552604, "osm_type": "way", "crossing": "unmarked", "highway": "footway"}, "geometry": {"type": "LineString", "coordinates": [[-88.1041478, 41.7460372], [-88.1041516, 41.7460976], [-88.1041551, 41.7461529]]}}, {"type": "Feature", "id": 870552605, "properties": {"osm_id": 870552605, "osm_type": "way", "crossing": "unmarked", "highway": "footway"}, "geometry": {"type": "LineString", "coordinates": [[-88.1043692, 41.7461459], [-88.1043652, 41.7460926], [-88.1043611, 41.7460394]]}}, {"type": "Feature", "id": 870552606, "properties": {"osm_id": 870552606, "osm_type": "way", "crossing": "unmarked", "highway": "footway"}, "geometry": {"type": "LineString", "coordinates": [[-88.1041908, 41.7459969], [-88.1042506, 41.7459974], [-88.1043107, 41.745998]]}}, {"type": "Feature", "id": 870552607, "properties": {"osm_id": 870552607, "osm_type": "way", "highway": "footway"}, "geometry": {"type": "LineString", "coordinates": [[-88.1043692, 41.7461459], [-88.1043699, 41.7461978]]}}, {"type": "Feature", "id": 870552608, "properties": {"osm_id": 870552608, "osm_type": "way", "highway": "footway"}, "geometry": {"type": "LineString", "coordinates": [[-88.1041551, 41.7461529], [-88.1041576, 41.7462035]]}}, {"type": "Feature", "id": 870552609, "properties": {"osm_id": 870552609, "osm_type": "way", "highway": "footway"}, "geometry": {"type": "LineString", "coordinates": [[-88.103586, 41.746217], [-88.1036722, 41.746215], [-88.1041576, 41.7462035], [-88.1042162, 41.7462019], [-88.1043699, 41.7461978], [-88.1052946, 41.7461788], [-88.1055261, 41.7461743], [-88.1056072, 41.7461722], [-88.1056998, 41.7461764], [-88.105763, 41.7461823], [-88.1058474, 41.7461949], [-88.1059363, 41.7462143], [-88.1060238, 41.746242], [-88.1060851, 41.7462652], [-88.106168, 41.7463034], [-88.1062364, 41.7463361], [-88.1063132, 41.7463724], [-88.1063887, 41.7464045], [-88.1064175, 41.7464168], [-88.1065325, 41.7464561], [-88.1066695, 41.7464899], [-88.1067834, 41.746508], [-88.1069261, 41.7465227], [-88.107033, 41.7465265], [-88.1071863, 41.7465231], [-88.1073451, 41.7465047], [-88.107504, 41.7464709], [-88.1076069, 41.7464425], [-88.1077237, 41.746401], [-88.1077804, 41.7463768], [-88.1078772, 41.7463294], [-88.1080192, 41.7462425], [-88.1080919, 41.7461905], [-88.1081652, 41.7461265], [-88.1082129, 41.7460761], [-88.108278, 41.7459993], [-88.1083311, 41.7459218], [-88.1084024, 41.7458381], [-88.1084646, 41.7457682], [-88.1085467, 41.7457043], [-88.1086304, 41.7456493], [-88.1087169, 41.74561], [-88.1087992, 41.7455786], [-88.1088765, 41.7455559], [-88.1089745, 41.7455357], [-88.1091132, 41.7455178], [-88.10924600971038, 41.74551361961041]]}}, {"type": "Feature", "id": 872026029, "properties": {"osm_id": 872026029, "osm_type": "way", "highway": "service"}, "geometry": {"type": "LineString", "coordinates": [[-88.1096218, 41.7489436], [-88.1096117, 41.7491079], [-88.1096054946538, 41.74918981056969]]}}, {"type": "Feature", "id": 872026038, "properties": {"osm_id": 872026038, "osm_type": "way", "highway": "service"}, "geometry": {"type": "LineString", "coordinates": [[-88.1051716, 41.7489073], [-88.10517009103641, 41.74884685944738]]}}, {"type": "Feature", "id": 872026063, "properties": {"osm_id": 872026063, "osm_type": "way", "highway": "service"}, "geometry": {"type": "LineString", "coordinates": [[-88.1029892, 41.7489566], [-88.10298744797542, 41.74889649868655]]}}, {"type": "Feature", "id": 872049546, "properties": {"osm_id": 872049546, "osm_type": "way", "highway": "footway"}, "geometry": {"type": "LineString", "coordinates": [[-88.1039903, 41.7474344], [-88.1039684, 41.7474705], [-88.1039286, 41.7475181], [-88.1038678, 41.7475567], [-88.1038059, 41.7475724], [-88.1037209, 41.7475757]]}}, {"type": "Feature", "id": 872049547, "properties": {"osm_id": 872049547, "osm_type": "way", "highway": "footway"}, "geometry": {"type": "LineString", "coordinates": [[-88.1056964, 41.7466311], [-88.1057846, 41.7465922], [-88.1057688, 41.7465727]]}}, {"type": "Feature", "id": 872049549, "properties": {"osm_id": 872049549, "osm_type": "way", "highway": "footway"}, "geometry": {"type": "LineString", "coordinates": [[-88.1068046, 41.7467592], [-88.1068688, 41.7467916]]}}, {"type": "Feature", "id": 872049550, "properties": {"osm_id": 872049550, "osm_type": "way", "highway": "footway"}, "geometry": {"type": "LineString", "coordinates": [[-88.1058327, 41.7467816], [-88.1058559, 41.7467566], [-88.1058794, 41.7467269], [-88.1058995, 41.7467079], [-88.1059268, 41.7466957], [-88.1059704, 41.7466936], [-88.1060067, 41.7466943], [-88.1060713, 41.746689], [-88.1060964, 41.746677], [-88.1061196, 41.7466582], [-88.1061584, 41.7466188], [-88.1061862, 41.7466078], [-88.1062194, 41.7465995], [-88.1062591, 41.746598], [-88.1063042, 41.7465993], [-88.1063887, 41.7466169], [-88.106463, 41.7466302], [-88.1065252, 41.7466403], [-88.1065754, 41.7466416], [-88.1066492, 41.7466464], [-88.1066867, 41.7466454], [-88.1067308, 41.7466325], [-88.1067868, 41.7466387], [-88.1068293, 41.7466539], [-88.1068501, 41.7466745]]}}, {"type": "Feature", "id": 872049551, "properties": {"osm_id": 872049551, "osm_type": "way", "highway": "footway"}, "geometry": {"type": "LineString", "coordinates": [[-88.1063887, 41.7464045], [-88.1063704, 41.7464444], [-88.1063604, 41.7464748], [-88.1063528, 41.7465386], [-88.1063042, 41.7465993]]}}, {"type": "Feature", "id": 872049553, "properties": {"osm_id": 872049553, "osm_type": "way", "highway": "footway"}, "geometry": {"type": "LineString", "coordinates": [[-88.1042182, 41.746294], [-88.1042162, 41.7462019]]}}, {"type": "Feature", "id": 872049557, "properties": {"osm_id": 872049557, "osm_type": "way", "highway": "footway"}, "geometry": {"type": "LineString", "coordinates": [[-88.104445, 41.7465917], [-88.1044383, 41.7465545]]}}, {"type": "Feature", "id": 872049558, "properties": {"osm_id": 872049558, "osm_type": "way", "highway": "footway"}, "geometry": {"type": "LineString", "coordinates": [[-88.1042305, 41.7465933], [-88.1042283, 41.7465584]]}}, {"type": "Feature", "id": 872049559, "properties": {"osm_id": 872049559, "osm_type": "way", "highway": "footway"}, "geometry": {"type": "LineString", "coordinates": [[-88.1040171, 41.7465949], [-88.1040188, 41.7465623]]}}, {"type": "Feature", "id": 872049560, "properties": {"osm_id": 872049560, "osm_type": "way", "highway": "footway"}, "geometry": {"type": "LineString", "coordinates": [[-88.1036703, 41.7461632], [-88.1036722, 41.746215], [-88.103688, 41.7466469], [-88.1036987, 41.746956], [-88.1037116, 41.7473229], [-88.103688, 41.7473847], [-88.1036879, 41.7474973], [-88.1037149, 41.7475254], [-88.1037209, 41.7475757], [-88.1037237, 41.7476826], [-88.1037258, 41.7477599], [-88.103736, 41.7478534]]}}, {"type": "Feature", "id": 872049567, "properties": {"osm_id": 872049567, "osm_type": "way", "highway": "service"}, "geometry": {"type": "LineString", "coordinates": [[-88.10612297323078, 41.748828108860096], [-88.1061247, 41.7488826]]}}, {"type": "Feature", "id": 872049568, "properties": {"osm_id": 872049568, "osm_type": "way", "highway": "service"}, "geometry": {"type": "LineString", "coordinates": [[-88.10695654207977, 41.7488117060922], [-88.1069643, 41.7488638]]}}, {"type": "Feature", "id": 872049569, "properties": {"osm_id": 872049569, "osm_type": "way", "highway": "service"}, "geometry": {"type": "LineString", "coordinates": [[-88.1068141, 41.7488689], [-88.1068115841916, 41.748814558538754]]}}, {"type": "Feature", "id": 872049570, "properties": {"osm_id": 872049570, "osm_type": "way", "highway": "service", "oneway": "yes"}, "geometry": {"type": "LineString", "coordinates": [[-88.1077201, 41.7462753], [-88.1075696, 41.746237], [-88.1074267, 41.7462769], [-88.1071918, 41.7463114], [-88.1070177, 41.7463162], [-88.1067584, 41.7462828], [-88.1065359, 41.7462251], [-88.1064218, 41.7462425], [-88.1063387, 41.7462737]]}}, {"type": "Feature", "id": 872049571, "properties": {"osm_id": 872049571, "osm_type": "way", "highway": "footway"}, "geometry": {"type": "LineString", "coordinates": [[-88.107925, 41.7460329], [-88.107917, 41.7460394], [-88.1078436, 41.7460954], [-88.1077737, 41.7461399], [-88.1076485, 41.7462054], [-88.1075781, 41.7461874], [-88.1075253, 41.7461873], [-88.1074519, 41.7462099], [-88.1073476, 41.7462355], [-88.1073449, 41.7462362], [-88.1072056, 41.74626], [-88.1070767, 41.7462662], [-88.1069638, 41.7462648], [-88.1068866, 41.746257], [-88.1068107, 41.7462451], [-88.1067336, 41.7462289], [-88.1066546, 41.7462092], [-88.1065556, 41.7461751], [-88.1064885, 41.7461701], [-88.1064422, 41.7461767], [-88.1064075, 41.7461873], [-88.1061819, 41.746071]]}}, {"type": "Feature", "id": 872049572, "properties": {"osm_id": 872049572, "osm_type": "way", "highway": "footway"}, "geometry": {"type": "LineString", "coordinates": [[-88.10813612746182, 41.74372152334432], [-88.1081575, 41.7438721], [-88.1081629, 41.7439762], [-88.1080985, 41.7440722], [-88.1079966, 41.7441443], [-88.1078625, 41.7441923], [-88.1077874, 41.7443044], [-88.1077656, 41.7445038]]}}, {"type": "Feature", "id": 872049573, "properties": {"osm_id": 872049573, "osm_type": "way", "highway": "footway"}, "geometry": {"type": "LineString", "coordinates": [[-88.1077656, 41.7445038], [-88.1077843, 41.7444766], [-88.1078079, 41.7444482], [-88.1078401, 41.7444219], [-88.1078884, 41.7443996], [-88.1079353, 41.7443885], [-88.1079957, 41.7443867], [-88.1080465, 41.7443931], [-88.1080924, 41.7444111], [-88.1081206, 41.744424], [-88.1081641, 41.7444537], [-88.1082631, 41.744452]]}}, {"type": "Feature", "id": 872049574, "properties": {"osm_id": 872049574, "osm_type": "way", "highway": "footway"}, "geometry": {"type": "LineString", "coordinates": [[-88.1083417, 41.7446142], [-88.1082757, 41.7446156], [-88.1082089, 41.7446218], [-88.1081663, 41.7446341], [-88.108133, 41.7446502], [-88.1080896, 41.7446763], [-88.1080457, 41.7446933], [-88.1079867, 41.7447062], [-88.1079343, 41.7447038], [-88.1078906, 41.74469], [-88.1078526, 41.7446745], [-88.1078086, 41.7446497], [-88.1077719, 41.7446293]]}}, {"type": "Feature", "id": 872049577, "properties": {"osm_id": 872049577, "osm_type": "way", "highway": "footway"}, "geometry": {"type": "LineString", "coordinates": [[-88.1065318, 41.7457621], [-88.1065361, 41.7458991]]}}, {"type": "Feature", "id": 872049578, "properties": {"osm_id": 872049578, "osm_type": "way", "crossing": "uncontrolled", "highway": "footway"}, "geometry": {"type": "LineString", "coordinates": [[-88.1065361, 41.7458991], [-88.106536, 41.7459711], [-88.106536, 41.7460245]]}}, {"type": "Feature", "id": 872049579, "properties": {"osm_id": 872049579, "osm_type": "way", "highway": "footway"}, "geometry": {"type": "LineString", "coordinates": [[-88.1078436, 41.7460954], [-88.1078836, 41.7461301]]}}, {"type": "Feature", "id": 872049580, "properties": {"osm_id": 872049580, "osm_type": "way", "highway": "footway"}, "geometry": {"type": "LineString", "coordinates": [[-88.1070828, 41.7461522], [-88.1070767, 41.7462662], [-88.1070774, 41.7462814]]}}, {"type": "Feature", "id": 872049581, "properties": {"osm_id": 872049581, "osm_type": "way", "highway": "footway"}, "geometry": {"type": "LineString", "coordinates": [[-88.1073392, 41.746146], [-88.1073434, 41.7462212], [-88.1073476, 41.7462355], [-88.1073498, 41.74625]]}}, {"type": "Feature", "id": 872049582, "properties": {"osm_id": 872049582, "osm_type": "way", "crossing": "unmarked", "highway": "footway"}, "geometry": {"type": "LineString", "coordinates": [[-88.107925, 41.7460329], [-88.1079616, 41.7459981], [-88.1079977, 41.7459638]]}}, {"type": "Feature", "id": 872049583, "properties": {"osm_id": 872049583, "osm_type": "way", "highway": "footway"}, "geometry": {"type": "LineString", "coordinates": [[-88.1079977, 41.7459638], [-88.108118, 41.7457971]]}}, {"type": "Feature", "id": 872049584, "properties": {"osm_id": 872049584, "osm_type": "way", "crossing": "unmarked", "highway": "footway"}, "geometry": {"type": "LineString", "coordinates": [[-88.108118, 41.7457971], [-88.1081512, 41.7457538], [-88.1081635, 41.745739], [-88.1081932, 41.7457074]]}}, {"type": "Feature", "id": 872049585, "properties": {"osm_id": 872049585, "osm_type": "way", "highway": "footway"}, "geometry": {"type": "LineString", "coordinates": [[-88.1081932, 41.7457074], [-88.108236, 41.7456845], [-88.1083107, 41.7456241], [-88.1083807, 41.745574], [-88.1084646, 41.7455243], [-88.1085663, 41.7454727], [-88.1086795, 41.7454297], [-88.1087449, 41.7454092], [-88.1088448, 41.7453863], [-88.1089611, 41.7453648], [-88.1090163, 41.7453579], [-88.1091479, 41.7453553], [-88.10914795831528, 41.745355298726125]]}}, {"type": "Feature", "id": 872049588, "properties": {"osm_id": 872049588, "osm_type": "way", "highway": "footway"}, "geometry": {"type": "LineString", "coordinates": [[-88.1065412, 41.7450128], [-88.1064709, 41.7450151]]}}, {"type": "Feature", "id": 872049589, "properties": {"osm_id": 872049589, "osm_type": "way", "highway": "footway"}, "geometry": {"type": "LineString", "coordinates": [[-88.106656, 41.7450675], [-88.1066799, 41.745099]]}}, {"type": "Feature", "id": 872052954, "properties": {"osm_id": 872052954, "osm_type": "way", "highway": "footway"}, "geometry": {"type": "LineString", "coordinates": [[-88.1078172, 41.7452311], [-88.107552, 41.745239], [-88.107535, 41.7452395]]}}, {"type": "Feature", "id": 872052955, "properties": {"osm_id": 872052955, "osm_type": "way", "highway": "footway"}, "geometry": {"type": "LineString", "coordinates": [[-88.107552, 41.745239], [-88.1075474, 41.7450735]]}}, {"type": "Feature", "id": 872052956, "properties": {"osm_id": 872052956, "osm_type": "way", "highway": "footway"}, "geometry": {"type": "LineString", "coordinates": [[-88.1072903, 41.7452306], [-88.1072829, 41.7450813]]}}, {"type": "Feature", "id": 872052957, "properties": {"osm_id": 872052957, "osm_type": "way", "highway": "footway"}, "geometry": {"type": "LineString", "coordinates": [[-88.1067921, 41.7452599], [-88.1067706, 41.7452605], [-88.106491, 41.745268]]}}, {"type": "Feature", "id": 872052958, "properties": {"osm_id": 872052958, "osm_type": "way", "highway": "footway"}, "geometry": {"type": "LineString", "coordinates": [[-88.1067706, 41.7452605], [-88.1067627, 41.7450966]]}}, {"type": "Feature", "id": 872052959, "properties": {"osm_id": 872052959, "osm_type": "way", "highway": "footway"}, "geometry": {"type": "LineString", "coordinates": [[-88.1070327, 41.7452377], [-88.1070243, 41.7450889]]}}, {"type": "Feature", "id": 872052960, "properties": {"osm_id": 872052960, "osm_type": "way", "highway": "pedestrian"}, "geometry": {"type": "LineString", "coordinates": [[-88.1078331, 41.7450533], [-88.1078065, 41.7450543], [-88.1077959, 41.7450547], [-88.107537, 41.7450619], [-88.107527, 41.74505], [-88.1075364, 41.7450299], [-88.1075381, 41.7450129], [-88.1075341, 41.7449866], [-88.107513, 41.7449565], [-88.1075237, 41.7449431], [-88.1075155, 41.744937], [-88.1075017, 41.74495], [-88.1074813, 41.74493], [-88.1074508, 41.7449199], [-88.1074294, 41.7449153], [-88.1073991, 41.7449157], [-88.1073732, 41.7449175], [-88.1073495, 41.7449254], [-88.1073244, 41.7449357], [-88.1073013, 41.7449576], [-88.1072933, 41.7449735], [-88.1072631, 41.7450333], [-88.1072472, 41.7450466], [-88.1072233, 41.7450564], [-88.1071969, 41.7450602], [-88.1071669, 41.7450563], [-88.1071552, 41.7450429], [-88.1071453, 41.7450317], [-88.1071189, 41.7450733], [-88.1066915, 41.7450853], [-88.1066829, 41.7450743], [-88.106675, 41.7450613], [-88.1066625, 41.745065], [-88.106656, 41.7450675], [-88.1066392, 41.745074], [-88.1066488, 41.7450843], [-88.1065575, 41.7450899], [-88.1065599, 41.7450789], [-88.1065642, 41.7450643], [-88.1065703, 41.7450474], [-88.106564, 41.7450349], [-88.106552, 41.7450199], [-88.1065412, 41.7450128], [-88.1065307, 41.7450059], [-88.1065109, 41.7449987], [-88.1064801, 41.7450041], [-88.1064705, 41.745005], [-88.1064628, 41.7450059], [-88.1064635, 41.7450166], [-88.1064651, 41.7450418], [-88.1064676, 41.7450766], [-88.1064694, 41.7450929], [-88.1063614, 41.7450937], [-88.1063612, 41.7451053], [-88.106361, 41.7451231], [-88.1063928, 41.745136], [-88.1064222, 41.7451555], [-88.1064435, 41.7451764], [-88.1064682, 41.7452137], [-88.1064752, 41.7452385], [-88.1064761, 41.7452812], [-88.1064913, 41.7452813], [-88.1065548, 41.7452815], [-88.1067513, 41.7452771], [-88.1067928, 41.7452761], [-88.1067914, 41.7452435], [-88.1067864, 41.7451984], [-88.1067869, 41.7451749], [-88.1067966, 41.7451489], [-88.1068204, 41.7451303], [-88.106838, 41.7451183], [-88.1068646, 41.7451093], [-88.1068962, 41.7451089], [-88.1069354, 41.7451127], [-88.1069685, 41.7451309], [-88.1069931, 41.7451539], [-88.1070046, 41.7451808], [-88.107008, 41.7452383], [-88.1070327, 41.7452377], [-88.1070485, 41.7452373], [-88.1070474, 41.7452106], [-88.1070469, 41.7451934], [-88.1070506, 41.745167], [-88.1070591, 41.745148], [-88.1070706, 41.7451313], [-88.1070966, 41.7451161], [-88.1071131, 41.7451066], [-88.1071418, 41.7451004], [-88.1071683, 41.7451026], [-88.1072047, 41.7451096], [-88.1072361, 41.7451285], [-88.1072571, 41.7451438], [-88.107266, 41.7451711], [-88.107272, 41.7452051], [-88.1072732, 41.745231], [-88.1072903, 41.7452306], [-88.1073089, 41.7452302], [-88.1073061, 41.7451722], [-88.1073117, 41.7451534], [-88.1073236, 41.7451306], [-88.1073365, 41.7451184], [-88.1073638, 41.7451044], [-88.1073817, 41.7450966], [-88.1074103, 41.7450958], [-88.1074408, 41.7450969], [-88.1074647, 41.7451033], [-88.1074914, 41.7451153], [-88.1075098, 41.7451319], [-88.1075225, 41.745149], [-88.1075284, 41.7451792], [-88.1075344, 41.7452246], [-88.107535, 41.7452395], [-88.1075355, 41.7452513], [-88.1075813, 41.7452502], [-88.1077685, 41.7452555], [-88.1077687, 41.7452728], [-88.1078197, 41.7452722], [-88.107837, 41.745272], [-88.1078331, 41.7450533]]}}, {"type": "Feature", "id": 872052966, "properties": {"osm_id": 872052966, "osm_type": "way", "highway": "footway"}, "geometry": {"type": "LineString", "coordinates": [[-88.1064785, 41.7451049], [-88.1063612, 41.7451053], [-88.1063186, 41.7450987], [-88.1062602, 41.7450943], [-88.1061992, 41.745105], [-88.1061581, 41.7451223], [-88.1061143, 41.7451496], [-88.1060816, 41.7451807], [-88.1060603, 41.7452239], [-88.1060546, 41.7452447], [-88.1060585, 41.7453806], [-88.1060792, 41.7460131], [-88.106063, 41.746031]]}}, {"type": "Feature", "id": 872052967, "properties": {"osm_id": 872052967, "osm_type": "way", "crossing": "uncontrolled", "highway": "footway"}, "geometry": {"type": "LineString", "coordinates": [[-88.1061819, 41.746071], [-88.1061165, 41.746049], [-88.106063, 41.746031]]}}, {"type": "Feature", "id": 872052973, "properties": {"osm_id": 872052973, "osm_type": "way", "highway": "pedestrian"}, "geometry": {"type": "LineString", "coordinates": [[-88.1072631, 41.7450333], [-88.1072933, 41.7449735], [-88.1073013, 41.7449576], [-88.1072887, 41.7449514], [-88.1072611, 41.7449312], [-88.1072485, 41.7449172], [-88.1072358, 41.7448968], [-88.1072252, 41.744913], [-88.1072222, 41.7449203], [-88.1072156, 41.7449366], [-88.1072102, 41.7449503], [-88.1072257, 41.7449399], [-88.1072481, 41.7449421], [-88.1072621, 41.7449554], [-88.1072705, 41.7449893], [-88.1072631, 41.7450333]]}}, {"type": "Feature", "id": 872808303, "properties": {"osm_id": 872808303, "osm_type": "way", "highway": "footway"}, "geometry": {"type": "LineString", "coordinates": [[-88.1074911, 41.7450752], [-88.1075072, 41.7450419], [-88.1075136, 41.7450174], [-88.1075123, 41.7449961], [-88.1075058, 41.74498], [-88.1074943, 41.7449671], [-88.1074754, 41.7449503], [-88.1074573, 41.7449417], [-88.1074226, 41.7449311], [-88.1073884, 41.7449337], [-88.1073485, 41.7449463], [-88.1073253, 41.7449653], [-88.1073101, 41.7449899], [-88.1072994, 41.7450808]]}}, {"type": "Feature", "id": 872808304, "properties": {"osm_id": 872808304, "osm_type": "way", "highway": "footway"}, "geometry": {"type": "LineString", "coordinates": [[-88.1073101, 41.7449899], [-88.1072933, 41.7449735], [-88.1072612, 41.7449422], [-88.1072222, 41.7449203]]}}, {"type": "Feature", "id": 872951878, "properties": {"osm_id": 872951878, "osm_type": "way", "highway": "service"}, "geometry": {"type": "LineString", "coordinates": [[-88.088717, 41.7452518], [-88.08868151977344, 41.745251693118966]]}}, {"type": "Feature", "id": 878780499, "properties": {"osm_id": 878780499, "osm_type": "way", "highway": "footway"}, "geometry": {"type": "LineString", "coordinates": [[-88.1200951, 41.7702671], [-88.1200993, 41.7702262], [-88.1201034, 41.770186]]}}, {"type": "Feature", "id": 878780500, "properties": {"osm_id": 878780500, "osm_type": "way", "highway": "footway"}, "geometry": {"type": "LineString", "coordinates": [[-88.1200112, 41.7709896], [-88.1200152, 41.7709664], [-88.1200417, 41.7707498], [-88.1200639, 41.770649], [-88.1200753, 41.7705773], [-88.1200668, 41.7705583], [-88.1200721, 41.7705052], [-88.1200873, 41.7704818], [-88.1201151, 41.7704547], [-88.1201204, 41.7704332], [-88.1201157, 41.7703664], [-88.120092, 41.7703369], [-88.1200937, 41.7703095], [-88.1200951, 41.7702671]]}}, {"type": "Feature", "id": 878780501, "properties": {"osm_id": 878780501, "osm_type": "way", "highway": "footway"}, "geometry": {"type": "LineString", "coordinates": [[-88.1200152, 41.7709664], [-88.1190936, 41.7709136], [-88.1185068, 41.7708691], [-88.1182929, 41.7708591], [-88.1180817, 41.7708321], [-88.117957, 41.7708196], [-88.1178014, 41.7708071], [-88.1176297, 41.7708121], [-88.1174634, 41.7708321], [-88.1173199, 41.7708641], [-88.1171617, 41.7708856], [-88.117037, 41.7708906], [-88.1169304, 41.7708881], [-88.1168869, 41.7708859]]}}, {"type": "Feature", "id": 878780502, "properties": {"osm_id": 878780502, "osm_type": "way", "highway": "footway"}, "geometry": {"type": "LineString", "coordinates": [[-88.1200013, 41.7711012], [-88.1200067, 41.7710397], [-88.1200112, 41.7709896]]}}, {"type": "Feature", "id": 878780503, "properties": {"osm_id": 878780503, "osm_type": "way", "highway": "footway"}, "geometry": {"type": "LineString", "coordinates": [[-88.1200018, 41.7711261], [-88.1196179, 41.7711056], [-88.1187978, 41.7710586], [-88.1184465, 41.7710301], [-88.1182393, 41.7710151], [-88.1180374, 41.7709906], [-88.1178309, 41.7709701], [-88.1177102, 41.7709711], [-88.1176271, 41.7709751], [-88.1175379, 41.7709891], [-88.1174306, 41.7710086], [-88.1173032, 41.7710326], [-88.1171463, 41.7710506], [-88.117039, 41.7710551], [-88.1169143, 41.7710526], [-88.1168618, 41.7710574]]}}, {"type": "Feature", "id": 878780504, "properties": {"osm_id": 878780504, "osm_type": "way", "highway": "footway"}, "geometry": {"type": "LineString", "coordinates": [[-88.1205492, 41.7689466], [-88.120554, 41.7689056], [-88.120556, 41.7688151], [-88.1205586, 41.7687214], [-88.1205627, 41.7686736], [-88.1206066, 41.7684262], [-88.1206573, 41.7681064], [-88.1206634, 41.7680666]]}}, {"type": "Feature", "id": 878780505, "properties": {"osm_id": 878780505, "osm_type": "way", "highway": "footway"}, "geometry": {"type": "LineString", "coordinates": [[-88.120554, 41.7689056], [-88.120839, 41.7689311], [-88.1214163, 41.7689736], [-88.1222633, 41.7690387], [-88.1226086, 41.7690527], [-88.1228828, 41.7690327], [-88.1231008, 41.7689832], [-88.1231987, 41.7689521], [-88.123363, 41.7688906], [-88.1234756, 41.7688316], [-88.12363218845205, 41.76874258578214]]}}, {"type": "Feature", "id": 878780506, "properties": {"osm_id": 878780506, "osm_type": "way", "highway": "footway"}, "geometry": {"type": "LineString", "coordinates": [[-88.1205347, 41.7690283], [-88.1205428, 41.7689824], [-88.1205492, 41.7689466]]}}, {"type": "Feature", "id": 878780507, "properties": {"osm_id": 878780507, "osm_type": "way", "highway": "footway"}, "geometry": {"type": "LineString", "coordinates": [[-88.1205306, 41.7690667], [-88.120788, 41.7690887], [-88.1215511, 41.7691457], [-88.1221982, 41.7691967], [-88.12251, 41.7692157], [-88.1227715, 41.7692052], [-88.1229338, 41.7691857], [-88.1230639, 41.7691642]]}}, {"type": "Feature", "id": 878780508, "properties": {"osm_id": 878780508, "osm_type": "way", "highway": "footway"}, "geometry": {"type": "LineString", "coordinates": [[-88.1202362, 41.7693102], [-88.1202419, 41.769224], [-88.1202284, 41.7692005], [-88.120219, 41.7691748], [-88.1202174, 41.7691454], [-88.1202387, 41.7689208]]}}, {"type": "Feature", "id": 878780509, "properties": {"osm_id": 878780509, "osm_type": "way", "highway": "footway"}, "geometry": {"type": "LineString", "coordinates": [[-88.1202512, 41.7694613], [-88.1201832, 41.7694588], [-88.1195991, 41.7694213], [-88.1193135, 41.7694258], [-88.1187268, 41.7693953], [-88.1183425, 41.7693742], [-88.1182547, 41.7694138], [-88.1181615, 41.7694378], [-88.1180911, 41.7694353], [-88.1180012, 41.7694043], [-88.1179583, 41.7693647], [-88.1179301, 41.7693152], [-88.1179281, 41.7692612], [-88.1179456, 41.7691957], [-88.1180086, 41.7691432], [-88.1181105, 41.7691112], [-88.1182138, 41.7691197], [-88.1182889, 41.7691572], [-88.1183593, 41.7692057], [-88.1184089, 41.7692187], [-88.1189353, 41.7692457], [-88.1192867, 41.7692682], [-88.1194168, 41.7692587], [-88.1195522, 41.7692567], [-88.1196414, 41.7692627], [-88.1201983, 41.7693055], [-88.1202362, 41.7693102]]}}, {"type": "Feature", "id": 878780510, "properties": {"osm_id": 878780510, "osm_type": "way", "highway": "footway"}, "geometry": {"type": "LineString", "coordinates": [[-88.1201882, 41.769414], [-88.1201914, 41.7693765], [-88.1201943, 41.769343]]}}, {"type": "Feature", "id": 878780511, "properties": {"osm_id": 878780511, "osm_type": "way", "highway": "footway"}, "geometry": {"type": "LineString", "coordinates": [[-88.1202512, 41.7694613], [-88.1203062, 41.7694647], [-88.1203801, 41.7694693]]}}, {"type": "Feature", "id": 878780512, "properties": {"osm_id": 878780512, "osm_type": "way", "highway": "footway"}, "geometry": {"type": "LineString", "coordinates": [[-88.1201034, 41.770186], [-88.1201105, 41.7701459], [-88.1201219, 41.7699827], [-88.1201365, 41.769882], [-88.1201438, 41.7698735], [-88.1201546, 41.7698587], [-88.1201535, 41.7698436], [-88.1201425, 41.7698285], [-88.1201449, 41.7698029], [-88.1201832, 41.7694588], [-88.1201882, 41.769414]]}}, {"type": "Feature", "id": 878780513, "properties": {"osm_id": 878780513, "osm_type": "way", "highway": "footway"}, "geometry": {"type": "LineString", "coordinates": [[-88.1204362, 41.7698624], [-88.120438, 41.7698224], [-88.1204394, 41.7696408], [-88.1204582, 41.7694781], [-88.1204673, 41.7694228], [-88.1204824, 41.7693606], [-88.1204999, 41.7693012], [-88.1205306, 41.7690667], [-88.1205347, 41.7690283]]}}, {"type": "Feature", "id": 878780514, "properties": {"osm_id": 878780514, "osm_type": "way", "highway": "footway"}, "geometry": {"type": "LineString", "coordinates": [[-88.1204325, 41.7699464], [-88.1204346, 41.7699032], [-88.1204362, 41.7698624]]}}, {"type": "Feature", "id": 878780515, "properties": {"osm_id": 878780515, "osm_type": "way", "highway": "footway"}, "geometry": {"type": "LineString", "coordinates": [[-88.1200937, 41.7703095], [-88.1183164, 41.7701799], [-88.1182339, 41.7702049], [-88.1181528, 41.7702394], [-88.1180656, 41.7702404], [-88.1179865, 41.7702159], [-88.1179342, 41.7701769], [-88.1179027, 41.7701314], [-88.1178872, 41.7700749], [-88.1179053, 41.7700279], [-88.1179563, 41.7699669], [-88.1180213, 41.7699364], [-88.1181092, 41.7699194], [-88.1181984, 41.7699354], [-88.1182534, 41.7699669], [-88.118309, 41.7700079], [-88.1183814, 41.7700244], [-88.1201105, 41.7701459]]}}, {"type": "Feature", "id": 878780517, "properties": {"osm_id": 878780517, "osm_type": "way", "highway": "footway"}, "geometry": {"type": "LineString", "coordinates": [[-88.1203318, 41.7699976], [-88.1202538, 41.7699921], [-88.1201924, 41.7699879]]}}, {"type": "Feature", "id": 878780519, "properties": {"osm_id": 878780519, "osm_type": "way", "highway": "footway"}, "geometry": {"type": "LineString", "coordinates": [[-88.1220896, 41.7702179], [-88.1219662, 41.770541], [-88.1218991, 41.7707071], [-88.1217597, 41.7708991], [-88.1218777, 41.7709546], [-88.121993, 41.7710091], [-88.1220447, 41.7710521], [-88.1220587, 41.7710856], [-88.1220393, 41.7711847], [-88.1219991, 41.7712387], [-88.121924, 41.7712777], [-88.1218629, 41.7712887], [-88.1217831, 41.7712777], [-88.1214076, 41.7711221], [-88.1213714, 41.7710961], [-88.1213647, 41.7710546], [-88.1213761, 41.7710081], [-88.1213956, 41.7709671], [-88.1214284, 41.7709276], [-88.1214653, 41.7709011], [-88.1215176, 41.7708616], [-88.1216048, 41.7707711], [-88.1216859, 41.770659], [-88.1217402, 41.770561], [-88.1217872, 41.770436], [-88.1218797, 41.7701769]]}}, {"type": "Feature", "id": 878780520, "properties": {"osm_id": 878780520, "osm_type": "way", "highway": "footway"}, "geometry": {"type": "LineString", "coordinates": [[-88.1218797, 41.7701769], [-88.1215934, 41.7701224], [-88.1213184, 41.7700674], [-88.1211153, 41.7700374], [-88.1209342, 41.7700174], [-88.1204306, 41.7699884], [-88.1203318, 41.7699976]]}}, {"type": "Feature", "id": 878780521, "properties": {"osm_id": 878780521, "osm_type": "way", "highway": "footway"}, "geometry": {"type": "LineString", "coordinates": [[-88.1220896, 41.7702179], [-88.1219764, 41.7701948], [-88.1218797, 41.7701769]]}}, {"type": "Feature", "id": 878780522, "properties": {"osm_id": 878780522, "osm_type": "way", "highway": "footway"}, "geometry": {"type": "LineString", "coordinates": [[-88.1232443, 41.7706785], [-88.1230444, 41.7705585], [-88.1228996, 41.7704805], [-88.1227078, 41.770404], [-88.1224456, 41.7703135], [-88.1220896, 41.7702179]]}}, {"type": "Feature", "id": 878780523, "properties": {"osm_id": 878780523, "osm_type": "way", "highway": "footway"}, "geometry": {"type": "LineString", "coordinates": [[-88.1234374, 41.7707491], [-88.1235521, 41.7707836], [-88.1237351, 41.7708216], [-88.1238692, 41.7708306], [-88.1239846, 41.7708386], [-88.1244177, 41.7708636]]}}, {"type": "Feature", "id": 878780524, "properties": {"osm_id": 878780524, "osm_type": "way", "highway": "footway"}, "geometry": {"type": "LineString", "coordinates": [[-88.1232443, 41.7706785], [-88.123329, 41.7707095], [-88.1234374, 41.7707491]]}}, {"type": "Feature", "id": 878780525, "properties": {"osm_id": 878780525, "osm_type": "way", "highway": "footway"}, "geometry": {"type": "LineString", "coordinates": [[-88.1226402, 41.7730021], [-88.1226254, 41.7729665], [-88.1225697, 41.7728265], [-88.1225482, 41.772689], [-88.1225637, 41.7725159], [-88.1225958, 41.7723824], [-88.1227219, 41.7721574], [-88.1228849, 41.7719248], [-88.1229754, 41.7717653], [-88.1230471, 41.7715427], [-88.123084, 41.7714132], [-88.1231216, 41.7710991], [-88.1231564, 41.7708981], [-88.1231853, 41.7708116], [-88.1232443, 41.7706785]]}}, {"type": "Feature", "id": 878780526, "properties": {"osm_id": 878780526, "osm_type": "way", "highway": "footway"}, "geometry": {"type": "LineString", "coordinates": [[-88.1154162, 41.7739152], [-88.1156778, 41.7739247], [-88.1157053, 41.7739647], [-88.1157555, 41.7739932], [-88.1158333, 41.7740042], [-88.1158984, 41.7739972], [-88.1159621, 41.7739772], [-88.116015, 41.7739492], [-88.1160499, 41.7739137], [-88.1160647, 41.7738512], [-88.1160539, 41.7738042], [-88.1160298, 41.7737681], [-88.1160023, 41.7737376], [-88.115956, 41.7737166], [-88.1158943, 41.7737021], [-88.1158387, 41.7736971], [-88.1158045, 41.7737056], [-88.1157395, 41.7737286], [-88.1156771, 41.7737496], [-88.1156436, 41.7737631], [-88.1155899, 41.7737591], [-88.1154089, 41.7737471]]}}, {"type": "Feature", "id": 878780527, "properties": {"osm_id": 878780527, "osm_type": "way", "highway": "footway"}, "geometry": {"type": "LineString", "coordinates": [[-88.1154106, 41.7737866], [-88.1154089, 41.7737471], [-88.1154035, 41.7735936], [-88.1153854, 41.7730125], [-88.1153859, 41.772969]]}}, {"type": "Feature", "id": 878780528, "properties": {"osm_id": 878780528, "osm_type": "way", "highway": "footway"}, "geometry": {"type": "LineString", "coordinates": [[-88.1154145, 41.7738756], [-88.1154124, 41.7738323], [-88.1154106, 41.7737866]]}}, {"type": "Feature", "id": 878780529, "properties": {"osm_id": 878780529, "osm_type": "way", "highway": "footway"}, "geometry": {"type": "LineString", "coordinates": [[-88.1158617, 41.7762644], [-88.1158474, 41.776237], [-88.1157857, 41.7761145], [-88.1156476, 41.7758205], [-88.1155832, 41.7756699], [-88.1155249, 41.7754819], [-88.1154826, 41.7752749], [-88.1154632, 41.7750869], [-88.1154498, 41.7747743], [-88.1154337, 41.7743027], [-88.1154162, 41.7739152], [-88.1154145, 41.7738756]]}}, {"type": "Feature", "id": 878780530, "properties": {"osm_id": 878780530, "osm_type": "way", "highway": "footway"}, "geometry": {"type": "LineString", "coordinates": [[-88.1165394, 41.7743247], [-88.1165173, 41.7745163], [-88.1165374, 41.7746343], [-88.1165388, 41.7747008]]}}, {"type": "Feature", "id": 878780531, "properties": {"osm_id": 878780531, "osm_type": "way", "highway": "footway"}, "geometry": {"type": "LineString", "coordinates": [[-88.1171832, 41.7753169], [-88.1170604, 41.7752239], [-88.1168465, 41.7750318], [-88.1167372, 41.7749288], [-88.1167386, 41.7748553], [-88.1167312, 41.7748028], [-88.1166977, 41.7747518], [-88.1166206, 41.7747153], [-88.1165501, 41.7747003], [-88.1165388, 41.7747008], [-88.1164838, 41.7747033], [-88.1164107, 41.7747268], [-88.1163577, 41.7747768], [-88.1163262, 41.7748313], [-88.1163396, 41.7749058], [-88.1163731, 41.7749578], [-88.1164261, 41.7749978], [-88.1165012, 41.7750113], [-88.1165501, 41.7750133], [-88.1168774, 41.7753194], [-88.1170303, 41.7754369]]}}, {"type": "Feature", "id": 878780532, "properties": {"osm_id": 878780532, "osm_type": "way", "highway": "footway"}, "geometry": {"type": "LineString", "coordinates": [[-88.1170671, 41.7754119], [-88.1170303, 41.7754369], [-88.1167902, 41.7756254], [-88.116526, 41.7758185], [-88.1162202, 41.7760495], [-88.1160767, 41.776135], [-88.1159044, 41.776216], [-88.1158474, 41.776237], [-88.1158064, 41.7762484]]}}, {"type": "Feature", "id": 878780533, "properties": {"osm_id": 878780533, "osm_type": "way", "highway": "footway"}, "geometry": {"type": "LineString", "coordinates": [[-88.1171551, 41.7753426], [-88.1171103, 41.7753779], [-88.1170671, 41.7754119]]}}, {"type": "Feature", "id": 878780534, "properties": {"osm_id": 878780534, "osm_type": "way", "highway": "footway"}, "geometry": {"type": "LineString", "coordinates": [[-88.1198575, 41.7730926], [-88.1197561, 41.773096], [-88.1193256, 41.773072], [-88.1187422, 41.7730385], [-88.1183425, 41.773005], [-88.118189, 41.772995], [-88.1181293, 41.772948], [-88.118071, 41.772923], [-88.1180133, 41.772916], [-88.117955, 41.772921], [-88.1178906, 41.7729365], [-88.1178336, 41.7729685], [-88.117798, 41.773001], [-88.1177861, 41.7730564], [-88.1177873, 41.7730925], [-88.1178041, 41.7731365], [-88.1178369, 41.773168], [-88.1178691, 41.7731995], [-88.1178671, 41.7732356], [-88.1178309, 41.7735821], [-88.1176894, 41.7748583], [-88.117666, 41.7749298], [-88.1176331, 41.7749748], [-88.1175231, 41.7750719], [-88.1171832, 41.7753169], [-88.1171551, 41.7753426]]}}, {"type": "Feature", "id": 878780535, "properties": {"osm_id": 878780535, "osm_type": "way", "highway": "footway"}, "geometry": {"type": "LineString", "coordinates": [[-88.1151668, 41.7728755], [-88.1151654, 41.7729145], [-88.1151636, 41.772962]]}}, {"type": "Feature", "id": 878780536, "properties": {"osm_id": 878780536, "osm_type": "way", "highway": "footway"}, "geometry": {"type": "LineString", "coordinates": [[-88.1153378, 41.7728462], [-88.1152672, 41.7728436], [-88.1152176, 41.7728418]]}}, {"type": "Feature", "id": 878780537, "properties": {"osm_id": 878780537, "osm_type": "way", "highway": "footway"}, "geometry": {"type": "LineString", "coordinates": [[-88.115387, 41.7728855], [-88.1153865, 41.7729237], [-88.1153859, 41.772969]]}}, {"type": "Feature", "id": 878780538, "properties": {"osm_id": 878780538, "osm_type": "way", "highway": "footway"}, "geometry": {"type": "LineString", "coordinates": [[-88.115337, 41.7730105], [-88.1153854, 41.7730125], [-88.1157864, 41.773025], [-88.11584, 41.7730735], [-88.1159031, 41.773099], [-88.1159909, 41.7731065], [-88.116066, 41.773094], [-88.1161223, 41.773057], [-88.1161639, 41.773016], [-88.116175, 41.7729727], [-88.116172, 41.772914], [-88.1161364, 41.7728655], [-88.1160781, 41.7728175], [-88.116013, 41.7727955], [-88.1159587, 41.772793], [-88.1158897, 41.7728105], [-88.1158374, 41.77283], [-88.1157964, 41.7728525], [-88.1157535, 41.7728605], [-88.1153874, 41.772848], [-88.1153378, 41.7728462]]}}, {"type": "Feature", "id": 878780539, "properties": {"osm_id": 878780539, "osm_type": "way", "highway": "footway"}, "geometry": {"type": "LineString", "coordinates": [[-88.1152132, 41.7730052], [-88.1152626, 41.7730073], [-88.115337, 41.7730105]]}}, {"type": "Feature", "id": 878780540, "properties": {"osm_id": 878780540, "osm_type": "way", "highway": "footway"}, "geometry": {"type": "LineString", "coordinates": [[-88.1155704, 41.7763528], [-88.1155604, 41.7763205], [-88.1154726, 41.776021], [-88.115311, 41.7755204], [-88.1152788, 41.7753604], [-88.1152459, 41.7751384], [-88.1152305, 41.7747458], [-88.1152151, 41.7742347], [-88.1151943, 41.7736631], [-88.1151621, 41.773003], [-88.1151636, 41.772962]]}}, {"type": "Feature", "id": 878780541, "properties": {"osm_id": 878780541, "osm_type": "way", "highway": "footway"}, "geometry": {"type": "LineString", "coordinates": [[-88.1155983, 41.7764426], [-88.1155832, 41.7763939], [-88.1155704, 41.7763528]]}}, {"type": "Feature", "id": 878780542, "properties": {"osm_id": 878780542, "osm_type": "way", "highway": "footway"}, "geometry": {"type": "LineString", "coordinates": [[-88.1155983, 41.7764426], [-88.1156107, 41.7764826], [-88.1156804, 41.7766876], [-88.1157428, 41.7768476]]}}, {"type": "Feature", "id": 878780543, "properties": {"osm_id": 878780543, "osm_type": "way", "highway": "footway"}, "geometry": {"type": "LineString", "coordinates": [[-88.1158617, 41.7762644], [-88.1158845, 41.776308], [-88.1159034, 41.7763477]]}}, {"type": "Feature", "id": 878780544, "properties": {"osm_id": 878780544, "osm_type": "way", "highway": "footway"}, "geometry": {"type": "LineString", "coordinates": [[-88.1156084, 41.7763089], [-88.1156981, 41.7762815], [-88.1158064, 41.7762484]]}}, {"type": "Feature", "id": 878780545, "properties": {"osm_id": 878780545, "osm_type": "way", "highway": "footway"}, "geometry": {"type": "LineString", "coordinates": [[-88.1158654, 41.7764081], [-88.1157839, 41.7764319], [-88.1157409, 41.7764445], [-88.1156475, 41.7764718]]}}, {"type": "Feature", "id": 878780546, "properties": {"osm_id": 878780546, "osm_type": "way", "highway": "footway"}, "geometry": {"type": "LineString", "coordinates": [[-88.1180924, 41.773115], [-88.1180891, 41.7731535], [-88.1180636, 41.7734201], [-88.1178919, 41.7749093], [-88.1178671, 41.7749833], [-88.1178094, 41.7750634], [-88.1177437, 41.7751249], [-88.1175493, 41.7752774], [-88.1163436, 41.7761775], [-88.1161472, 41.776294], [-88.1160291, 41.776345], [-88.1159226, 41.776388], [-88.1158654, 41.7764081]]}}, {"type": "Feature", "id": 878780547, "properties": {"osm_id": 878780547, "osm_type": "way", "highway": "footway"}, "geometry": {"type": "LineString", "coordinates": [[-88.1198358, 41.7732536], [-88.1197393, 41.7732561], [-88.1194845, 41.7732416], [-88.1188944, 41.773213], [-88.1180891, 41.7731535], [-88.1180394, 41.773149]]}}, {"type": "Feature", "id": 878780549, "properties": {"osm_id": 878780549, "osm_type": "way", "highway": "footway"}, "geometry": {"type": "LineString", "coordinates": [[-88.1212219, 41.7730495], [-88.1212581, 41.772938], [-88.1213795, 41.772678], [-88.1214425, 41.7725714], [-88.1214767, 41.7723924], [-88.1214935, 41.7723164], [-88.1215189, 41.7722869], [-88.1215531, 41.7722609], [-88.1215974, 41.7722319], [-88.1216303, 41.7722009], [-88.121647, 41.7721704], [-88.1216537, 41.7721378], [-88.1216557, 41.7720928], [-88.1216256, 41.7720368], [-88.1215766, 41.7720028], [-88.1215236, 41.7719863], [-88.1214465, 41.7719763], [-88.1213701, 41.7719888], [-88.121307, 41.7720143], [-88.1212728, 41.7720548], [-88.1212514, 41.7721148], [-88.1212494, 41.7721799], [-88.1212655, 41.7722569], [-88.1212688, 41.7723724], [-88.1212494, 41.7724919], [-88.121183, 41.7726344], [-88.1210308, 41.7729485], [-88.1209972, 41.773058], [-88.1209926, 41.7730935]]}}, {"type": "Feature", "id": 878780550, "properties": {"osm_id": 878780550, "osm_type": "way", "highway": "footway"}, "geometry": {"type": "LineString", "coordinates": [[-88.1214847, 41.773203], [-88.1214619, 41.7735896], [-88.121407, 41.7736216], [-88.1213593, 41.7736711], [-88.1213479, 41.7737206], [-88.1213573, 41.7737796], [-88.1214056, 41.7738372], [-88.1214579, 41.7738722], [-88.121527, 41.7738812], [-88.1216054, 41.7738777], [-88.1216852, 41.7738527], [-88.1217362, 41.7738202], [-88.1217523, 41.7737871], [-88.1217637, 41.7737441], [-88.1217556, 41.7736946], [-88.1217308, 41.7736471], [-88.1216993, 41.7736166], [-88.1216839, 41.7735956], [-88.1216873, 41.773194]]}}, {"type": "Feature", "id": 878780551, "properties": {"osm_id": 878780551, "osm_type": "way", "highway": "footway"}, "geometry": {"type": "LineString", "coordinates": [[-88.1215258, 41.7732009], [-88.1214847, 41.773203], [-88.1209973, 41.7732198], [-88.120212, 41.7732426], [-88.1200565, 41.7732451], [-88.1199794, 41.7732486]]}}, {"type": "Feature", "id": 878780552, "properties": {"osm_id": 878780552, "osm_type": "way", "highway": "footway"}, "geometry": {"type": "LineString", "coordinates": [[-88.1216401, 41.7731957], [-88.1215745, 41.7731987], [-88.1215258, 41.7732009]]}}, {"type": "Feature", "id": 878780553, "properties": {"osm_id": 878780553, "osm_type": "way", "highway": "footway"}, "geometry": {"type": "LineString", "coordinates": [[-88.1200968, 41.7730848], [-88.1201604, 41.7724699], [-88.1202476, 41.7716803], [-88.1203153, 41.7710421], [-88.120383, 41.770417], [-88.1204306, 41.7699884], [-88.1204325, 41.7699464]]}}, {"type": "Feature", "id": 878780554, "properties": {"osm_id": 878780554, "osm_type": "way", "highway": "footway"}, "geometry": {"type": "LineString", "coordinates": [[-88.1211712, 41.773052], [-88.1212219, 41.7730495], [-88.1216007, 41.7730355], [-88.1220882, 41.773027], [-88.122278, 41.7730185], [-88.122455, 41.772998], [-88.1226254, 41.7729665], [-88.1226734, 41.7729553]]}}, {"type": "Feature", "id": 878780555, "properties": {"osm_id": 878780555, "osm_type": "way", "highway": "footway"}, "geometry": {"type": "LineString", "coordinates": [[-88.1210523, 41.7730566], [-88.1211118, 41.7730543], [-88.1211712, 41.773052]]}}, {"type": "Feature", "id": 878780556, "properties": {"osm_id": 878780556, "osm_type": "way", "highway": "footway"}, "geometry": {"type": "LineString", "coordinates": [[-88.1200156, 41.7730873], [-88.1200705, 41.7730855], [-88.1200968, 41.7730848], [-88.1209972, 41.773058], [-88.1210523, 41.7730566]]}}, {"type": "Feature", "id": 878780557, "properties": {"osm_id": 878780557, "osm_type": "way", "highway": "footway"}, "geometry": {"type": "LineString", "coordinates": [[-88.1197518, 41.7731266], [-88.1197561, 41.773096], [-88.1197963, 41.772697], [-88.1198338, 41.772679], [-88.1198587, 41.7724864], [-88.1198922, 41.7721488], [-88.1199431, 41.7716317], [-88.1199764, 41.7714051], [-88.1199955, 41.7712059], [-88.1200056, 41.7711785], [-88.120011, 41.7711633], [-88.1200079, 41.7711474], [-88.1200018, 41.7711261], [-88.1200013, 41.7711012]]}}, {"type": "Feature", "id": 878780558, "properties": {"osm_id": 878780558, "osm_type": "way", "highway": "footway"}, "geometry": {"type": "LineString", "coordinates": [[-88.1197518, 41.7731266], [-88.1197474, 41.773172], [-88.1197428, 41.7732121]]}}, {"type": "Feature", "id": 878780559, "properties": {"osm_id": 878780559, "osm_type": "way", "highway": "footway"}, "geometry": {"type": "LineString", "coordinates": [[-88.1200156, 41.7730873], [-88.1199235, 41.7730921], [-88.1198575, 41.7730926]]}}, {"type": "Feature", "id": 878780560, "properties": {"osm_id": 878780560, "osm_type": "way", "highway": "footway"}, "geometry": {"type": "LineString", "coordinates": [[-88.1200608, 41.7732036], [-88.1200648, 41.7731628], [-88.1200685, 41.7731167]]}}, {"type": "Feature", "id": 878780561, "properties": {"osm_id": 878780561, "osm_type": "way", "highway": "footway"}, "geometry": {"type": "LineString", "coordinates": [[-88.1200608, 41.7732036], [-88.1200565, 41.7732451], [-88.1200223, 41.7735236], [-88.1200055, 41.7737111]]}}, {"type": "Feature", "id": 878780562, "properties": {"osm_id": 878780562, "osm_type": "way", "highway": "footway"}, "geometry": {"type": "LineString", "coordinates": [[-88.1198358, 41.7732536], [-88.1199036, 41.7732509], [-88.1199794, 41.7732486]]}}, {"type": "Feature", "id": 878780563, "properties": {"osm_id": 878780563, "osm_type": "way", "highway": "footway"}, "geometry": {"type": "LineString", "coordinates": [[-88.1196796, 41.7737826], [-88.1197393, 41.7732561], [-88.1197428, 41.7732121]]}}, {"type": "Feature", "id": 878780564, "properties": {"osm_id": 878780564, "osm_type": "way", "highway": "footway"}, "geometry": {"type": "LineString", "coordinates": [[-88.1196736, 41.7738452], [-88.1196765, 41.7738152], [-88.1196796, 41.7737826]]}}, {"type": "Feature", "id": 878780565, "properties": {"osm_id": 878780565, "osm_type": "way", "highway": "footway"}, "geometry": {"type": "LineString", "coordinates": [[-88.1196273, 41.7742712], [-88.1196736, 41.7738452]]}}, {"type": "Feature", "id": 878780566, "properties": {"osm_id": 878780566, "osm_type": "way", "highway": "footway"}, "geometry": {"type": "LineString", "coordinates": [[-88.1196199, 41.7743317], [-88.1196232, 41.7743053], [-88.1196273, 41.7742712]]}}, {"type": "Feature", "id": 878780567, "properties": {"osm_id": 878780567, "osm_type": "way", "highway": "footway"}, "geometry": {"type": "LineString", "coordinates": [[-88.119575, 41.7747683], [-88.1195851, 41.7746738], [-88.1196199, 41.7743317]]}}, {"type": "Feature", "id": 878780568, "properties": {"osm_id": 878780568, "osm_type": "way", "highway": "footway"}, "geometry": {"type": "LineString", "coordinates": [[-88.1195663, 41.7748338], [-88.1195709, 41.7747995], [-88.119575, 41.7747683]]}}, {"type": "Feature", "id": 878780569, "properties": {"osm_id": 878780569, "osm_type": "way", "highway": "footway"}, "geometry": {"type": "LineString", "coordinates": [[-88.1195281, 41.7752509], [-88.1195468, 41.7750464], [-88.1195663, 41.7748338]]}}, {"type": "Feature", "id": 878780570, "properties": {"osm_id": 878780570, "osm_type": "way", "highway": "footway"}, "geometry": {"type": "LineString", "coordinates": [[-88.1195214, 41.7753209], [-88.1195251, 41.7752823], [-88.1195281, 41.7752509]]}}, {"type": "Feature", "id": 878780574, "properties": {"osm_id": 878780574, "osm_type": "way", "highway": "footway"}, "geometry": {"type": "LineString", "coordinates": [[-88.11172764792249, 41.77219604562657], [-88.1117342, 41.7721669], [-88.1117953, 41.7719268], [-88.1118549, 41.7717998], [-88.1119314, 41.7716978], [-88.1120345, 41.771585], [-88.1121151, 41.7714967], [-88.1121828, 41.7714097], [-88.1122331, 41.7712957], [-88.1122687, 41.7711762], [-88.1123552, 41.770649], [-88.1123941, 41.770428], [-88.1124013, 41.7703975]]}}, {"type": "Feature", "id": 878780585, "properties": {"osm_id": 878780585, "osm_type": "way", "highway": "footway"}, "geometry": {"type": "LineString", "coordinates": [[-88.12551701155894, 41.771785957686234], [-88.1251138, 41.7718808], [-88.1247792, 41.7719513], [-88.1246196, 41.7719658], [-88.1245096, 41.7719653]]}}, {"type": "Feature", "id": 878780589, "properties": {"osm_id": 878780589, "osm_type": "way", "highway": "footway"}, "geometry": {"type": "LineString", "coordinates": [[-88.1244881, 41.7721168], [-88.1244439, 41.7725264], [-88.1243842, 41.77293]]}}, {"type": "Feature", "id": 878780590, "properties": {"osm_id": 878780590, "osm_type": "way", "highway": "footway"}, "geometry": {"type": "LineString", "coordinates": [[-88.1245096, 41.7719653], [-88.1245237, 41.7717813], [-88.1246062, 41.7710806], [-88.1246229, 41.7708781]]}}, {"type": "Feature", "id": 878780591, "properties": {"osm_id": 878780591, "osm_type": "way", "highway": "footway"}, "geometry": {"type": "LineString", "coordinates": [[-88.1244881, 41.7721168], [-88.1244998, 41.7720409], [-88.1245096, 41.7719653]]}}, {"type": "Feature", "id": 878780592, "properties": {"osm_id": 878780592, "osm_type": "way", "highway": "footway"}, "geometry": {"type": "LineString", "coordinates": [[-88.12559865797338, 41.77191778990056], [-88.1255416, 41.7719318], [-88.1250447, 41.7720468], [-88.1248409, 41.7720888], [-88.1246786, 41.7721028], [-88.1244881, 41.7721168]]}}, {"type": "Feature", "id": 878780596, "properties": {"osm_id": 878780596, "osm_type": "way", "highway": "footway"}, "geometry": {"type": "LineString", "coordinates": [[-88.1243842, 41.77293], [-88.1245492, 41.7729255], [-88.1247047, 41.7729035], [-88.1249481, 41.7728485], [-88.1258889, 41.7726259], [-88.1260178663271, 41.77259467407127]]}}, {"type": "Feature", "id": 878780597, "properties": {"osm_id": 878780597, "osm_type": "way", "highway": "footway"}, "geometry": {"type": "LineString", "coordinates": [[-88.1241764, 41.7729175], [-88.1242772, 41.7729238], [-88.1243842, 41.77293]]}}, {"type": "Feature", "id": 878780598, "properties": {"osm_id": 878780598, "osm_type": "way", "highway": "footway"}, "geometry": {"type": "LineString", "coordinates": [[-88.124167, 41.773062], [-88.1242606, 41.7730692], [-88.1243889, 41.773079]]}}, {"type": "Feature", "id": 878780599, "properties": {"osm_id": 878780599, "osm_type": "way", "highway": "footway"}, "geometry": {"type": "LineString", "coordinates": [[-88.1241764, 41.7729175], [-88.1241769, 41.7729803], [-88.124167, 41.773062]]}}, {"type": "Feature", "id": 878780600, "properties": {"osm_id": 878780600, "osm_type": "way", "highway": "footway"}, "geometry": {"type": "LineString", "coordinates": [[-88.1227946, 41.7729241], [-88.1228319, 41.7729123], [-88.1229566, 41.772882], [-88.1230719, 41.7728595], [-88.1231739, 41.7728515], [-88.123605, 41.7728745], [-88.1241764, 41.7729175]]}}, {"type": "Feature", "id": 878780601, "properties": {"osm_id": 878780601, "osm_type": "way", "highway": "footway"}, "geometry": {"type": "LineString", "coordinates": [[-88.1226402, 41.7730021], [-88.1226593, 41.7730287], [-88.1226953, 41.7730788]]}}, {"type": "Feature", "id": 878780602, "properties": {"osm_id": 878780602, "osm_type": "way", "highway": "footway"}, "geometry": {"type": "LineString", "coordinates": [[-88.1227946, 41.7729241], [-88.1227315, 41.7729403], [-88.1226734, 41.7729553]]}}, {"type": "Feature", "id": 878780603, "properties": {"osm_id": 878780603, "osm_type": "way", "highway": "footway"}, "geometry": {"type": "LineString", "coordinates": [[-88.122895, 41.7730229], [-88.1228696, 41.772982], [-88.1228452, 41.7729427]]}}, {"type": "Feature", "id": 878780604, "properties": {"osm_id": 878780604, "osm_type": "way", "highway": "footway"}, "geometry": {"type": "LineString", "coordinates": [[-88.1226953, 41.7730788], [-88.1227088, 41.7731152], [-88.1227273, 41.773194], [-88.1227621, 41.7733006], [-88.1227903, 41.7734311], [-88.1227893, 41.7736124], [-88.1226978, 41.7742832], [-88.1226381, 41.7743677], [-88.1225704, 41.7745398], [-88.1225114, 41.7746198], [-88.1224456, 41.774654], [-88.1223759, 41.7746903], [-88.1223572, 41.7747076], [-88.12216, 41.7748898], [-88.1220699, 41.7749787], [-88.1220353, 41.7750128]]}}, {"type": "Feature", "id": 878780605, "properties": {"osm_id": 878780605, "osm_type": "way", "highway": "footway"}, "geometry": {"type": "LineString", "coordinates": [[-88.1227526, 41.7731039], [-88.1227088, 41.7731152], [-88.1225737, 41.7731425], [-88.1224624, 41.77316], [-88.1223404, 41.7731725], [-88.1220856, 41.77319], [-88.1216873, 41.773194], [-88.1216401, 41.7731957]]}}, {"type": "Feature", "id": 878780606, "properties": {"osm_id": 878780606, "osm_type": "way", "highway": "footway"}, "geometry": {"type": "LineString", "coordinates": [[-88.1228615, 41.7730673], [-88.1228028, 41.7730871], [-88.1227526, 41.7731039]]}}, {"type": "Feature", "id": 878780607, "properties": {"osm_id": 878780607, "osm_type": "way", "highway": "footway"}, "geometry": {"type": "LineString", "coordinates": [[-88.1242997, 41.7739207], [-88.1242796, 41.7738937], [-88.1242649, 41.7737962], [-88.1243393, 41.7734236], [-88.1243889, 41.773079]]}}, {"type": "Feature", "id": 878780610, "properties": {"osm_id": 878780610, "osm_type": "way", "highway": "footway"}, "geometry": {"type": "LineString", "coordinates": [[-88.12649217970014, 41.773360534797376], [-88.1263932, 41.7733856], [-88.1261028, 41.7734581], [-88.1255704, 41.7735881], [-88.1252264, 41.7736776], [-88.1248663, 41.7737901], [-88.1244057, 41.7739037], [-88.1242997, 41.7739207]]}}, {"type": "Feature", "id": 878780612, "properties": {"osm_id": 878780612, "osm_type": "way", "highway": "footway"}, "geometry": {"type": "LineString", "coordinates": [[-88.124167, 41.773062], [-88.123595, 41.7730295], [-88.1233998, 41.7730105], [-88.1232067, 41.7730095], [-88.123076, 41.7730155], [-88.1229117, 41.773056], [-88.1228615, 41.7730673]]}}, {"type": "Feature", "id": 878780613, "properties": {"osm_id": 878780613, "osm_type": "way", "highway": "footway"}, "geometry": {"type": "LineString", "coordinates": [[-88.1243889, 41.773079], [-88.1245378, 41.7730795], [-88.1246538, 41.7730675], [-88.1252278, 41.772935], [-88.1258038, 41.7728], [-88.12610120881325, 41.772729244885824]]}}, {"type": "Feature", "id": 878780621, "properties": {"osm_id": 878780621, "osm_type": "way", "highway": "footway"}, "geometry": {"type": "LineString", "coordinates": [[-88.12657523268864, 41.77349463816805], [-88.1261659, 41.7735931], [-88.1257226, 41.7737016], [-88.1250755, 41.7738852], [-88.1245586, 41.7740182], [-88.1243661, 41.7740677], [-88.1242628, 41.7741042], [-88.1241716, 41.7741207], [-88.1240697, 41.7741227], [-88.1240067, 41.7740787], [-88.1239551, 41.7740232], [-88.1239544, 41.7739677], [-88.1239732, 41.7739057], [-88.1240295, 41.7738422], [-88.1240764, 41.7737952], [-88.1240878, 41.7736876], [-88.124167, 41.773062]]}}, {"type": "Feature", "id": 878780632, "properties": {"osm_id": 878780632, "osm_type": "way", "highway": "footway"}, "geometry": {"type": "LineString", "coordinates": [[-88.11476058193195, 41.7763808469382], [-88.1151675, 41.776371], [-88.1153405, 41.776358], [-88.1155604, 41.7763205], [-88.1156084, 41.7763089]]}}, {"type": "Feature", "id": 878780640, "properties": {"osm_id": 878780640, "osm_type": "way", "highway": "footway"}, "geometry": {"type": "LineString", "coordinates": [[-88.1156475, 41.7764718], [-88.1156107, 41.7764826], [-88.1154504, 41.7765116], [-88.1152613, 41.7765301], [-88.1151681, 41.7765326], [-88.11476819174374, 41.776545488796884]]}}, {"type": "Feature", "id": 878780643, "properties": {"osm_id": 878780643, "osm_type": "way", "highway": "footway"}, "geometry": {"type": "LineString", "coordinates": [[-88.11038221560152, 41.77246547895245], [-88.1104642, 41.7721188], [-88.1105655, 41.7716768], [-88.1106191, 41.7714482], [-88.1106198, 41.7713877], [-88.1106627, 41.7712882], [-88.1106828, 41.7712117], [-88.1107928, 41.7707706], [-88.1108987, 41.7703295], [-88.1109202, 41.7702467], [-88.1109323, 41.7702071]]}}, {"type": "Feature", "id": 878780645, "properties": {"osm_id": 878780645, "osm_type": "way", "highway": "footway"}, "geometry": {"type": "LineString", "coordinates": [[-88.1117128, 41.7776362], [-88.11168759520595, 41.777624683202724]]}}, {"type": "Feature", "id": 878780651, "properties": {"osm_id": 878780651, "osm_type": "way", "highway": "footway"}, "geometry": {"type": "LineString", "coordinates": [[-88.1117128, 41.7776362], [-88.11175725876485, 41.7775963888694]]}}, {"type": "Feature", "id": 878780652, "properties": {"osm_id": 878780652, "osm_type": "way", "highway": "footway"}, "geometry": {"type": "LineString", "coordinates": [[-88.1116156, 41.7777287], [-88.111667, 41.7776798], [-88.1117128, 41.7776362]]}}, {"type": "Feature", "id": 878780653, "properties": {"osm_id": 878780653, "osm_type": "way", "highway": "footway"}, "geometry": {"type": "LineString", "coordinates": [[-88.1116156, 41.7777287], [-88.1115324, 41.7778172], [-88.1114915, 41.7778797], [-88.1114607, 41.7779637]]}}, {"type": "Feature", "id": 878780654, "properties": {"osm_id": 878780654, "osm_type": "way", "highway": "footway"}, "geometry": {"type": "LineString", "coordinates": [[-88.11160427070101, 41.777722169845966], [-88.1116156, 41.7777287]]}}, {"type": "Feature", "id": 878780657, "properties": {"osm_id": 878780657, "osm_type": "way", "highway": "footway"}, "geometry": {"type": "LineString", "coordinates": [[-88.1097561, 41.7779892], [-88.10976382730904, 41.777913839609845]]}}, {"type": "Feature", "id": 878780658, "properties": {"osm_id": 878780658, "osm_type": "way", "highway": "footway"}, "geometry": {"type": "LineString", "coordinates": [[-88.1097125, 41.7781312], [-88.1097252, 41.7780899], [-88.1097561, 41.7779892]]}}, {"type": "Feature", "id": 878780659, "properties": {"osm_id": 878780659, "osm_type": "way", "highway": "footway"}, "geometry": {"type": "LineString", "coordinates": [[-88.1097897, 41.7786052], [-88.10974, 41.7783933], [-88.1097186, 41.7782528], [-88.1097125, 41.7781312]]}}, {"type": "Feature", "id": 878780660, "properties": {"osm_id": 878780660, "osm_type": "way", "highway": "footway"}, "geometry": {"type": "LineString", "coordinates": [[-88.1098388, 41.7787395], [-88.1098293, 41.7787154], [-88.109817, 41.7786841]]}}, {"type": "Feature", "id": 878780662, "properties": {"osm_id": 878780662, "osm_type": "way", "highway": "residential", "name": "Bridlespur Drive", "oneway": "yes"}, "geometry": {"type": "LineString", "coordinates": [[-88.1117954, 41.7783801], [-88.1118241, 41.7783368], [-88.1117412, 41.7781745], [-88.1116853, 41.7780725], [-88.1116797, 41.7780428], [-88.1116824, 41.7780168], [-88.1116869, 41.777975], [-88.111738, 41.7778965], [-88.1118353, 41.7778045], [-88.1118813, 41.777766], [-88.11195058889595, 41.77770248032246]]}}, {"type": "Feature", "id": 878780663, "properties": {"osm_id": 878780663, "osm_type": "way", "highway": "residential", "name": "Bridlespur Drive", "oneway": "yes"}, "geometry": {"type": "LineString", "coordinates": [[-88.11183891120858, 41.77764119629984], [-88.1118221, 41.7776522], [-88.1117336, 41.7777292], [-88.1116015, 41.7778582], [-88.1115646, 41.7779297], [-88.1115455, 41.7780019], [-88.1115512, 41.7780777], [-88.1115974, 41.7781867], [-88.1116926, 41.7783518], [-88.1117954, 41.7783801]]}}, {"type": "Feature", "id": 878780664, "properties": {"osm_id": 878780664, "osm_type": "way", "highway": "residential", "name": "Bridlespur Drive"}, "geometry": {"type": "LineString", "coordinates": [[-88.11184964264619, 41.77848439078197], [-88.1117954, 41.7783801]]}}, {"type": "Feature", "id": 878780665, "properties": {"osm_id": 878780665, "osm_type": "way", "highway": "footway"}, "geometry": {"type": "LineString", "coordinates": [[-88.1111462, 41.7785671], [-88.1099138, 41.7789344], [-88.1098716, 41.7789464]]}}, {"type": "Feature", "id": 878780666, "properties": {"osm_id": 878780666, "osm_type": "way", "highway": "footway"}, "geometry": {"type": "LineString", "coordinates": [[-88.1113279, 41.7785133], [-88.1112268, 41.7785432], [-88.1111462, 41.7785671]]}}, {"type": "Feature", "id": 878780667, "properties": {"osm_id": 878780667, "osm_type": "way", "highway": "footway"}, "geometry": {"type": "LineString", "coordinates": [[-88.1116398, 41.7784215], [-88.1113279, 41.7785133]]}}, {"type": "Feature", "id": 878780668, "properties": {"osm_id": 878780668, "osm_type": "way", "highway": "footway"}, "geometry": {"type": "LineString", "coordinates": [[-88.1118993, 41.7783525], [-88.1117954, 41.7783801], [-88.1116398, 41.7784215]]}}, {"type": "Feature", "id": 878780672, "properties": {"osm_id": 878780672, "osm_type": "way", "highway": "residential", "lanes": "1", "name": "Westmoreland Lane", "oneway": "yes"}, "geometry": {"type": "LineString", "coordinates": [[-88.115757, 41.7764307], [-88.1157409, 41.7764445], [-88.1157126, 41.7764685], [-88.1158588, 41.7768317]]}}, {"type": "Feature", "id": 878780674, "properties": {"osm_id": 878780674, "osm_type": "way", "highway": "footway"}, "geometry": {"type": "LineString", "coordinates": [[-88.1159034, 41.7763477], [-88.1159226, 41.776388], [-88.1160459, 41.7766816], [-88.1161418, 41.7769276]]}}, {"type": "Feature", "id": 878780675, "properties": {"osm_id": 878780675, "osm_type": "way", "highway": "footway"}, "geometry": {"type": "LineString", "coordinates": [[-88.1161753, 41.7770261], [-88.1161587, 41.7769772], [-88.1161418, 41.7769276]]}}, {"type": "Feature", "id": 878780676, "properties": {"osm_id": 878780676, "osm_type": "way", "highway": "footway"}, "geometry": {"type": "LineString", "coordinates": [[-88.1163017, 41.7773536], [-88.1161753, 41.7770261]]}}, {"type": "Feature", "id": 878780678, "properties": {"osm_id": 878780678, "osm_type": "way", "highway": "residential", "lanes": "1", "name": "Westmoreland Lane", "oneway": "yes"}, "geometry": {"type": "LineString", "coordinates": [[-88.11624128810492, 41.777479670053864], [-88.1162016, 41.7773775], [-88.1160554, 41.7769993], [-88.11584, 41.776436], [-88.1157839, 41.7764319], [-88.115757, 41.7764307]]}}, {"type": "Feature", "id": 878780681, "properties": {"osm_id": 878780681, "osm_type": "way", "highway": "footway"}, "geometry": {"type": "LineString", "coordinates": [[-88.1160191, 41.7774217], [-88.1159178, 41.7774467], [-88.1157629, 41.7774737], [-88.1156181, 41.7775027], [-88.1148919, 41.7776652], [-88.1146131, 41.7777232], [-88.1145854, 41.7777389], [-88.1145482, 41.7777461], [-88.1145244, 41.7777462], [-88.1144814, 41.7777451], [-88.1143219, 41.7777837], [-88.1137559, 41.7779062], [-88.1136191, 41.7779378]]}}, {"type": "Feature", "id": 878780682, "properties": {"osm_id": 878780682, "osm_type": "way", "highway": "footway"}, "geometry": {"type": "LineString", "coordinates": [[-88.1162712, 41.7773607], [-88.1162016, 41.7773775], [-88.1160852, 41.7774057], [-88.1160191, 41.7774217]]}}, {"type": "Feature", "id": 878780683, "properties": {"osm_id": 878780683, "osm_type": "way", "highway": "footway"}, "geometry": {"type": "LineString", "coordinates": [[-88.1175297, 41.7770613], [-88.1173032, 41.7771066], [-88.1171536, 41.7771386], [-88.1169431, 41.7771886], [-88.1168418, 41.7772151], [-88.1167205, 41.7772571], [-88.1165247, 41.7773017], [-88.1163017, 41.7773536], [-88.1162712, 41.7773607]]}}, {"type": "Feature", "id": 878780684, "properties": {"osm_id": 878780684, "osm_type": "way", "highway": "footway"}, "geometry": {"type": "LineString", "coordinates": [[-88.1176483, 41.7770348], [-88.1175922, 41.7770473], [-88.1175297, 41.7770613]]}}, {"type": "Feature", "id": 878780685, "properties": {"osm_id": 878780685, "osm_type": "way", "highway": "footway"}, "geometry": {"type": "LineString", "coordinates": [[-88.1185374, 41.7768603], [-88.118258, 41.7769256], [-88.1181025, 41.7769586], [-88.1180207, 41.7769716], [-88.1179442, 41.7769871], [-88.1178376, 41.7769906], [-88.1176483, 41.7770348]]}}, {"type": "Feature", "id": 878780686, "properties": {"osm_id": 878780686, "osm_type": "way", "highway": "footway"}, "geometry": {"type": "LineString", "coordinates": [[-88.1186786, 41.7768318], [-88.1186029, 41.776847], [-88.1185374, 41.7768603]]}}, {"type": "Feature", "id": 878780687, "properties": {"osm_id": 878780687, "osm_type": "way", "highway": "footway"}, "geometry": {"type": "LineString", "coordinates": [[-88.1194845, 41.7757365], [-88.1194972, 41.7756109], [-88.1195214, 41.7753209]]}}, {"type": "Feature", "id": 878780688, "properties": {"osm_id": 878780688, "osm_type": "way", "highway": "footway"}, "geometry": {"type": "LineString", "coordinates": [[-88.1194738, 41.775842], [-88.11948, 41.7757871], [-88.1194845, 41.7757365]]}}, {"type": "Feature", "id": 878780689, "properties": {"osm_id": 878780689, "osm_type": "way", "highway": "footway"}, "geometry": {"type": "LineString", "coordinates": [[-88.119402, 41.7766536], [-88.1193946, 41.7766291], [-88.119392, 41.7765701], [-88.1194094, 41.7764718], [-88.119455, 41.776336], [-88.1194496, 41.776284], [-88.1194436, 41.7762485], [-88.1194557, 41.776162], [-88.1194516, 41.776096], [-88.1194516, 41.776045], [-88.1194738, 41.775842]]}}, {"type": "Feature", "id": 878780690, "properties": {"osm_id": 878780690, "osm_type": "way", "highway": "footway"}, "geometry": {"type": "LineString", "coordinates": [[-88.1194684, 41.7766477], [-88.119402, 41.7766536], [-88.1193774, 41.776669], [-88.1193437, 41.7766821], [-88.1190077, 41.7767516], [-88.1189078, 41.7767721], [-88.1187633, 41.7768106], [-88.1186786, 41.7768318]]}}, {"type": "Feature", "id": 878780691, "properties": {"osm_id": 878780691, "osm_type": "way", "crossing": "traffic_signals", "highway": "footway"}, "geometry": {"type": "LineString", "coordinates": [[-88.1196775, 41.7766075], [-88.1195492, 41.776633], [-88.1194684, 41.7766477]]}}, {"type": "Feature", "id": 878780692, "properties": {"osm_id": 878780692, "osm_type": "way", "crossing": "traffic_signals", "highway": "footway"}, "geometry": {"type": "LineString", "coordinates": [[-88.1196775, 41.7766075], [-88.11970759866915, 41.77670845389687]]}}, {"type": "Feature", "id": 878780693, "properties": {"osm_id": 878780693, "osm_type": "way", "highway": "footway"}, "geometry": {"type": "LineString", "coordinates": [[-88.1196775, 41.7766075], [-88.1196957, 41.7765871], [-88.119746, 41.7765296], [-88.1197634, 41.7764971], [-88.1197681, 41.77638], [-88.1197554, 41.7763295], [-88.1197473, 41.776295], [-88.1197527, 41.77626], [-88.1197829, 41.7761895], [-88.119795, 41.776065], [-88.1198151, 41.775838]]}}, {"type": "Feature", "id": 878780694, "properties": {"osm_id": 878780694, "osm_type": "way", "highway": "footway"}, "geometry": {"type": "LineString", "coordinates": [[-88.1204588, 41.7764189], [-88.1196775, 41.7766075]]}}, {"type": "Feature", "id": 878780695, "properties": {"osm_id": 878780695, "osm_type": "way", "highway": "footway"}, "geometry": {"type": "LineString", "coordinates": [[-88.1205317, 41.7764002], [-88.1204952, 41.7764095], [-88.1204588, 41.7764189]]}}, {"type": "Feature", "id": 878780696, "properties": {"osm_id": 878780696, "osm_type": "way", "highway": "footway"}, "geometry": {"type": "LineString", "coordinates": [[-88.121405, 41.776195], [-88.1206596, 41.7763728]]}}, {"type": "Feature", "id": 878780697, "properties": {"osm_id": 878780697, "osm_type": "way", "highway": "footway"}, "geometry": {"type": "LineString", "coordinates": [[-88.1215978, 41.7761485], [-88.1214951, 41.7761733], [-88.121405, 41.776195]]}}, {"type": "Feature", "id": 878780698, "properties": {"osm_id": 878780698, "osm_type": "way", "highway": "footway"}, "geometry": {"type": "LineString", "coordinates": [[-88.122895, 41.7730229], [-88.1229117, 41.773056], [-88.12297, 41.7732596], [-88.1230035, 41.7733936], [-88.1230089, 41.7735586], [-88.1229714, 41.7739642], [-88.1228996, 41.7743447], [-88.1228144, 41.7749518], [-88.1227628, 41.7753134], [-88.1227575, 41.7754954], [-88.1227836, 41.7756354], [-88.122797, 41.7757102], [-88.1228041, 41.7757637], [-88.1228195, 41.7758042], [-88.122851, 41.7758469]]}}, {"type": "Feature", "id": 878780699, "properties": {"osm_id": 878780699, "osm_type": "way", "highway": "residential", "lanes": "1", "maxspeed": "25 mph", "name": "Pembroke Road", "oneway": "yes"}, "geometry": {"type": "LineString", "coordinates": [[-88.12282888921013, 41.77597651272286], [-88.1227841, 41.7758658], [-88.1227389, 41.775746], [-88.1227139, 41.7756629], [-88.122663, 41.7756262]]}}, {"type": "Feature", "id": 878780700, "properties": {"osm_id": 878780700, "osm_type": "way", "highway": "residential", "lanes": "1", "maxspeed": "25 mph", "name": "Pembroke Road", "oneway": "yes"}, "geometry": {"type": "LineString", "coordinates": [[-88.122663, 41.7756262], [-88.1226146, 41.7756652], [-88.122631, 41.775735], [-88.1226566, 41.775814], [-88.1226804, 41.7758687], [-88.1226886, 41.7758877], [-88.1227260728827, 41.77600128059796]]}}, {"type": "Feature", "id": 878780703, "properties": {"osm_id": 878780703, "osm_type": "way", "highway": "footway"}, "geometry": {"type": "LineString", "coordinates": [[-88.1226416, 41.7758984], [-88.1224688, 41.7759372], [-88.1221217, 41.776021], [-88.1215978, 41.7761485]]}}, {"type": "Feature", "id": 878780704, "properties": {"osm_id": 878780704, "osm_type": "way", "highway": "footway"}, "geometry": {"type": "LineString", "coordinates": [[-88.122821, 41.7758574], [-88.1227841, 41.7758658], [-88.1226886, 41.7758877], [-88.1226416, 41.7758984]]}}, {"type": "Feature", "id": 878780705, "properties": {"osm_id": 878780705, "osm_type": "way", "highway": "footway"}, "geometry": {"type": "LineString", "coordinates": [[-88.1236854, 41.7756707], [-88.1236084, 41.7756961], [-88.1235236, 41.7757169], [-88.1233305, 41.7757639], [-88.1229378, 41.7758319], [-88.122851, 41.7758469], [-88.122821, 41.7758574]]}}, {"type": "Feature", "id": 878780706, "properties": {"osm_id": 878780706, "osm_type": "way", "highway": "footway"}, "geometry": {"type": "LineString", "coordinates": [[-88.1237592, 41.7756527], [-88.1237203, 41.7756622], [-88.1236854, 41.7756707]]}}, {"type": "Feature", "id": 878780707, "properties": {"osm_id": 878780707, "osm_type": "way", "highway": "footway"}, "geometry": {"type": "LineString", "coordinates": [[-88.1263184, 41.7750271], [-88.1260123, 41.7750999], [-88.125378, 41.7752466], [-88.124924, 41.7753519], [-88.1244781, 41.7754619], [-88.1239782, 41.7755802], [-88.1237592, 41.7756527]]}}, {"type": "Feature", "id": 878780708, "properties": {"osm_id": 878780708, "osm_type": "way", "highway": "footway"}, "geometry": {"type": "LineString", "coordinates": [[-88.1263851, 41.7750121], [-88.1263535, 41.7750192], [-88.1263184, 41.7750271]]}}, {"type": "Feature", "id": 878780728, "properties": {"osm_id": 878780728, "osm_type": "way", "highway": "footway"}, "geometry": {"type": "LineString", "coordinates": [[-88.12736335128149, 41.77476719153066], [-88.1271194, 41.7748303], [-88.1267365, 41.7749266], [-88.1263851, 41.7750121]]}}, {"type": "Feature", "id": 878789452, "properties": {"osm_id": 878789452, "osm_type": "way", "highway": "footway"}, "geometry": {"type": "LineString", "coordinates": [[-88.1148892, 41.7705207], [-88.11491, 41.770496], [-88.1149757, 41.7704245], [-88.115034, 41.7703465], [-88.1150763, 41.7702489], [-88.1151031, 41.7701424], [-88.1151527, 41.7698789], [-88.1151909, 41.7697988], [-88.1152171, 41.7697548], [-88.1152754, 41.7696808], [-88.115378, 41.7695513], [-88.115431, 41.7694588], [-88.1154571, 41.7693898], [-88.1154766, 41.7693292], [-88.1154947, 41.7692282], [-88.1155125, 41.76919]]}}, {"type": "Feature", "id": 878789454, "properties": {"osm_id": 878789454, "osm_type": "way", "highway": "footway"}, "geometry": {"type": "LineString", "coordinates": [[-88.1152907, 41.769094], [-88.1152899, 41.7691332], [-88.1152889, 41.769182]]}}, {"type": "Feature", "id": 878789455, "properties": {"osm_id": 878789455, "osm_type": "way", "highway": "footway"}, "geometry": {"type": "LineString", "coordinates": [[-88.1153252, 41.7692185], [-88.1153877, 41.7692221], [-88.1154473, 41.7692256]]}}, {"type": "Feature", "id": 878789456, "properties": {"osm_id": 878789456, "osm_type": "way", "highway": "footway"}, "geometry": {"type": "LineString", "coordinates": [[-88.1126264, 41.7702936], [-88.1126301, 41.7702665], [-88.1126737, 41.7699994], [-88.1127582, 41.7695073], [-88.1128031, 41.7692122], [-88.1128266, 41.7691637], [-88.1128614, 41.7691282], [-88.1129151, 41.7690992], [-88.1129701, 41.7690827], [-88.1130284, 41.7690787], [-88.1137922, 41.7691237], [-88.1143789, 41.7691632], [-88.1152795, 41.7692157], [-88.1153252, 41.7692185]]}}, {"type": "Feature", "id": 878789457, "properties": {"osm_id": 878789457, "osm_type": "way", "highway": "footway"}, "geometry": {"type": "LineString", "coordinates": [[-88.112319, 41.7715742], [-88.1123377, 41.7715342], [-88.1123941, 41.7714457], [-88.1124249, 41.7713937], [-88.1124605, 41.7712972], [-88.1124953, 41.7711376], [-88.1125718, 41.770673], [-88.1126053, 41.7704305], [-88.1126115, 41.7703898]]}}, {"type": "Feature", "id": 878789458, "properties": {"osm_id": 878789458, "osm_type": "way", "highway": "footway"}, "geometry": {"type": "LineString", "coordinates": [[-88.1137506, 41.7702526], [-88.1137104, 41.770253], [-88.1132913, 41.770259], [-88.1129111, 41.7702625], [-88.1126301, 41.7702665], [-88.1125905, 41.7702655]]}}, {"type": "Feature", "id": 878789459, "properties": {"osm_id": 878789459, "osm_type": "way", "highway": "footway"}, "geometry": {"type": "LineString", "coordinates": [[-88.1136983, 41.770396], [-88.113703, 41.7703326], [-88.1137074, 41.7702854]]}}, {"type": "Feature", "id": 878789460, "properties": {"osm_id": 878789460, "osm_type": "way", "highway": "footway"}, "geometry": {"type": "LineString", "coordinates": [[-88.1139172, 41.770251], [-88.1140879, 41.770251], [-88.1143004, 41.770276], [-88.1144279, 41.770301], [-88.1145599, 41.77034], [-88.1147309, 41.7704105]]}}, {"type": "Feature", "id": 878789461, "properties": {"osm_id": 878789461, "osm_type": "way", "highway": "footway"}, "geometry": {"type": "LineString", "coordinates": [[-88.1137506, 41.7702526], [-88.1138223, 41.7702519], [-88.1139172, 41.770251]]}}, {"type": "Feature", "id": 878789462, "properties": {"osm_id": 878789462, "osm_type": "way", "highway": "footway"}, "geometry": {"type": "LineString", "coordinates": [[-88.1139172, 41.770251], [-88.1139645, 41.7701969], [-88.114049, 41.7700799], [-88.1140684, 41.7700289], [-88.1140664, 41.7699664], [-88.1140436, 41.7699254], [-88.1140168, 41.7698919], [-88.1139672, 41.7698634], [-88.1139075, 41.7698469], [-88.1138472, 41.7698419], [-88.1137888, 41.7698514], [-88.1137385, 41.7698699], [-88.1136936, 41.7698959], [-88.1136708, 41.7699334], [-88.113646, 41.7699734], [-88.1136406, 41.7700129], [-88.1137016, 41.7701979], [-88.1137104, 41.770253], [-88.1137074, 41.7702854]]}}, {"type": "Feature", "id": 878789463, "properties": {"osm_id": 878789463, "osm_type": "way", "highway": "footway"}, "geometry": {"type": "LineString", "coordinates": [[-88.113915, 41.7703713], [-88.1139157, 41.7703285], [-88.1139172, 41.770251]]}}, {"type": "Feature", "id": 878789464, "properties": {"osm_id": 878789464, "osm_type": "way", "highway": "footway"}, "geometry": {"type": "LineString", "coordinates": [[-88.1136983, 41.770396], [-88.1136788, 41.7704185], [-88.1136379, 41.7706965], [-88.1136245, 41.7707476], [-88.1135038, 41.7708521], [-88.1134656, 41.7709026], [-88.1134555, 41.7709656], [-88.1134703, 41.7710106], [-88.1135105, 41.7710611], [-88.1135535, 41.7710901], [-88.1136071, 41.7711026], [-88.1136138, 41.7711056], [-88.1136822, 41.7711106], [-88.1137546, 41.7711066], [-88.1138123, 41.7710811], [-88.1138619, 41.7710411], [-88.1138787, 41.7710056], [-88.1138834, 41.7709561], [-88.1138787, 41.7708956], [-88.1138485, 41.7707561], [-88.1138525, 41.7707061], [-88.1139085, 41.7704142], [-88.113915, 41.7703713]]}}, {"type": "Feature", "id": 878789465, "properties": {"osm_id": 878789465, "osm_type": "way", "highway": "footway"}, "geometry": {"type": "LineString", "coordinates": [[-88.1125549, 41.7704299], [-88.1126053, 41.7704305], [-88.1133147, 41.770417], [-88.1136788, 41.7704185], [-88.1137271, 41.7704176]]}}, {"type": "Feature", "id": 878789466, "properties": {"osm_id": 878789466, "osm_type": "way", "highway": "footway"}, "geometry": {"type": "LineString", "coordinates": [[-88.1138566, 41.7704152], [-88.1137952, 41.7704163], [-88.1137271, 41.7704176]]}}, {"type": "Feature", "id": 878789467, "properties": {"osm_id": 878789467, "osm_type": "way", "highway": "footway"}, "geometry": {"type": "LineString", "coordinates": [[-88.1151031, 41.7707876], [-88.1148215, 41.7708971], [-88.1147725, 41.7709276], [-88.114739, 41.7709721], [-88.1147222, 41.7710131], [-88.1147256, 41.7710681], [-88.1147544, 41.7711276], [-88.1147987, 41.7711656], [-88.1148322, 41.7711832], [-88.1148966, 41.7711977], [-88.1149529, 41.7712012], [-88.1150153, 41.7711922], [-88.1150743, 41.7711687], [-88.1150997, 41.7711456], [-88.1151366, 41.7711066], [-88.1152976, 41.7708441], [-88.115325, 41.7708081]]}}, {"type": "Feature", "id": 878789468, "properties": {"osm_id": 878789468, "osm_type": "way", "highway": "footway"}, "geometry": {"type": "LineString", "coordinates": [[-88.1152452, 41.7708311], [-88.1151624, 41.7708078], [-88.1151031, 41.7707876]]}}, {"type": "Feature", "id": 878789469, "properties": {"osm_id": 878789469, "osm_type": "way", "highway": "footway"}, "geometry": {"type": "LineString", "coordinates": [[-88.1168967, 41.7712122], [-88.1168412, 41.7712092], [-88.1167857, 41.7712309], [-88.1167366, 41.7712502], [-88.1166775, 41.7712476]]}}, {"type": "Feature", "id": 878789470, "properties": {"osm_id": 878789470, "osm_type": "way", "highway": "footway"}, "geometry": {"type": "LineString", "coordinates": [[-88.1168498, 41.771696], [-88.1167909, 41.7716963], [-88.116737, 41.7717196], [-88.1166916, 41.7717393], [-88.1166336, 41.7717338]]}}, {"type": "Feature", "id": 878789471, "properties": {"osm_id": 878789471, "osm_type": "way", "highway": "footway"}, "geometry": {"type": "LineString", "coordinates": [[-88.1148892, 41.7705207], [-88.1148563, 41.7705598], [-88.1148294, 41.7705918]]}}, {"type": "Feature", "id": 878789472, "properties": {"osm_id": 878789472, "osm_type": "way", "highway": "footway"}, "geometry": {"type": "LineString", "coordinates": [[-88.1151031, 41.7707876], [-88.114914, 41.7706965], [-88.1147926, 41.7706355], [-88.1146444, 41.770561], [-88.1145009, 41.770498], [-88.1143903, 41.7704625], [-88.1142901, 41.7704382], [-88.1141633, 41.770421], [-88.1140366, 41.7704102], [-88.1139085, 41.7704142], [-88.1138566, 41.7704152]]}}, {"type": "Feature", "id": 878789473, "properties": {"osm_id": 878789473, "osm_type": "way", "highway": "footway"}, "geometry": {"type": "LineString", "coordinates": [[-88.1152889, 41.769182], [-88.1152795, 41.7692157], [-88.115262, 41.7692997], [-88.1152359, 41.7693762], [-88.1151903, 41.7694573], [-88.1151272, 41.7695443], [-88.1149851, 41.7697388], [-88.1149596, 41.7697873], [-88.1149274, 41.7698839], [-88.1148811, 41.7701684], [-88.1148389, 41.770273], [-88.1147464, 41.7703925], [-88.1147309, 41.7704105], [-88.1147192, 41.7704425]]}}, {"type": "Feature", "id": 878789474, "properties": {"osm_id": 878789474, "osm_type": "way", "highway": "footway"}, "geometry": {"type": "LineString", "coordinates": [[-88.1148694, 41.7704725], [-88.1148303, 41.7704478], [-88.1147866, 41.7704201]]}}, {"type": "Feature", "id": 878789475, "properties": {"osm_id": 878789475, "osm_type": "way", "highway": "footway"}, "geometry": {"type": "LineString", "coordinates": [[-88.116766, 41.7708794], [-88.1167151, 41.7708766], [-88.1164107, 41.7708621], [-88.1160472, 41.7708346], [-88.1158266, 41.7708091], [-88.1156858, 41.7707801], [-88.1154276, 41.7707166], [-88.1152795, 41.7706675], [-88.1151098, 41.7705945], [-88.11491, 41.770496], [-88.1148694, 41.7704725]]}}, {"type": "Feature", "id": 878789477, "properties": {"osm_id": 878789477, "osm_type": "way", "highway": "footway"}, "geometry": {"type": "LineString", "coordinates": [[-88.116867, 41.7695281], [-88.1169089, 41.7695063], [-88.1169739, 41.7694668], [-88.1170336, 41.7694243], [-88.1170712, 41.7693797], [-88.1170866, 41.7693217], [-88.1170765, 41.7692637], [-88.1170343, 41.7692072], [-88.1169639, 41.7691682], [-88.1168707, 41.7691517], [-88.1167681, 41.7691722], [-88.1166836, 41.7692187], [-88.1166387, 41.7692562], [-88.1166038, 41.7692883]]}}, {"type": "Feature", "id": 878789478, "properties": {"osm_id": 878789478, "osm_type": "way", "highway": "footway"}, "geometry": {"type": "LineString", "coordinates": [[-88.1154473, 41.7692256], [-88.1154947, 41.7692282], [-88.1160378, 41.7692637], [-88.1161954, 41.7692802], [-88.1163081, 41.7693032], [-88.1164234, 41.7693482], [-88.1164824, 41.7693742], [-88.1165047, 41.7693871], [-88.1165381, 41.7694063], [-88.1165978, 41.7694463], [-88.1166413, 41.7694863], [-88.1167071, 41.7695533], [-88.1167399, 41.7695943], [-88.1167855, 41.7696848], [-88.1168224, 41.7697893], [-88.1168237, 41.7699249], [-88.1167701, 41.77042], [-88.1167151, 41.7708766], [-88.1167124, 41.7709096]]}}, {"type": "Feature", "id": 878789479, "properties": {"osm_id": 878789479, "osm_type": "way", "highway": "footway"}, "geometry": {"type": "LineString", "coordinates": [[-88.116867, 41.7695281], [-88.1168293, 41.7695477], [-88.1167866, 41.76957]]}}, {"type": "Feature", "id": 878789481, "properties": {"osm_id": 878789481, "osm_type": "way", "highway": "footway"}, "geometry": {"type": "LineString", "coordinates": [[-88.1168729, 41.7694655], [-88.1168476, 41.7694367], [-88.116725, 41.7693196], [-88.1166711, 41.76928]]}}, {"type": "Feature", "id": 878789482, "properties": {"osm_id": 878789482, "osm_type": "way", "highway": "footway"}, "geometry": {"type": "LineString", "coordinates": [[-88.1169273, 41.7709206], [-88.1169304, 41.7708881], [-88.1169478, 41.7707496], [-88.1170088, 41.7701609], [-88.1170376, 41.7698724], [-88.1170376, 41.7698008], [-88.1170269, 41.7697453], [-88.1170014, 41.7696538], [-88.1169759, 41.7696108], [-88.1169089, 41.7695063], [-88.1168729, 41.7694655]]}}, {"type": "Feature", "id": 878789483, "properties": {"osm_id": 878789483, "osm_type": "way", "highway": "footway"}, "geometry": {"type": "LineString", "coordinates": [[-88.1169273, 41.7709206], [-88.1169225, 41.7709702], [-88.1169178, 41.7710181]]}}, {"type": "Feature", "id": 878789484, "properties": {"osm_id": 878789484, "osm_type": "way", "highway": "footway"}, "geometry": {"type": "LineString", "coordinates": [[-88.116766, 41.7708794], [-88.1168251, 41.7708825], [-88.1168869, 41.7708859]]}}, {"type": "Feature", "id": 878789485, "properties": {"osm_id": 878789485, "osm_type": "way", "highway": "footway"}, "geometry": {"type": "LineString", "coordinates": [[-88.1167036, 41.7710011], [-88.116708, 41.7709555], [-88.1167124, 41.7709096]]}}, {"type": "Feature", "id": 878789486, "properties": {"osm_id": 878789486, "osm_type": "way", "highway": "footway"}, "geometry": {"type": "LineString", "coordinates": [[-88.1166999, 41.7710352], [-88.1163611, 41.7710186], [-88.1160432, 41.7709991], [-88.1158595, 41.7709821], [-88.1156711, 41.7709461], [-88.1154766, 41.7708981], [-88.1152976, 41.7708441], [-88.1152452, 41.7708311]]}}, {"type": "Feature", "id": 878789487, "properties": {"osm_id": 878789487, "osm_type": "way", "highway": "footway"}, "geometry": {"type": "LineString", "coordinates": [[-88.1168618, 41.7710574], [-88.1168089, 41.77105], [-88.1167482, 41.7710415]]}}, {"type": "Feature", "id": 878789489, "properties": {"osm_id": 878789489, "osm_type": "way", "highway": "footway"}, "geometry": {"type": "LineString", "coordinates": [[-88.1168338, 41.7719043], [-88.1168479, 41.7717173], [-88.1168498, 41.771696], [-88.1168834, 41.7713327], [-88.1168967, 41.7712122], [-88.1169143, 41.7710526], [-88.1169178, 41.7710181]]}}, {"type": "Feature", "id": 878789490, "properties": {"osm_id": 878789490, "osm_type": "way", "highway": "footway"}, "geometry": {"type": "LineString", "coordinates": [[-88.1167036, 41.7710011], [-88.1166999, 41.7710352], [-88.1166775, 41.7712476], [-88.1166688, 41.7713302], [-88.1166353, 41.7717198], [-88.1166336, 41.7717338], [-88.1166118, 41.7719148]]}}, {"type": "Feature", "id": 878789491, "properties": {"osm_id": 878789491, "osm_type": "way", "highway": "footway"}, "geometry": {"type": "LineString", "coordinates": [[-88.1123015, 41.7715182], [-88.1123377, 41.7715342], [-88.1125912, 41.7716367], [-88.1127326, 41.7716939], [-88.1130143, 41.7717638], [-88.1132799, 41.7717988], [-88.1134824, 41.7718098], [-88.1142783, 41.7718608], [-88.1150079, 41.7719078], [-88.1152634, 41.7719273], [-88.1154691, 41.7719402], [-88.1157669, 41.7719588], [-88.1158467, 41.7719563], [-88.1162906, 41.7719363], [-88.1166118, 41.7719148]]}}, {"type": "Feature", "id": 878789492, "properties": {"osm_id": 878789492, "osm_type": "way", "highway": "footway"}, "geometry": {"type": "LineString", "coordinates": [[-88.1168338, 41.7719043], [-88.116718, 41.7719098], [-88.1166118, 41.7719148]]}}, {"type": "Feature", "id": 878789493, "properties": {"osm_id": 878789493, "osm_type": "way", "highway": "footway"}, "geometry": {"type": "LineString", "coordinates": [[-88.1168407, 41.7720664], [-88.1168372, 41.771984], [-88.1168338, 41.7719043]]}}, {"type": "Feature", "id": 878789494, "properties": {"osm_id": 878789494, "osm_type": "way", "highway": "footway"}, "geometry": {"type": "LineString", "coordinates": [[-88.1168338, 41.7719043], [-88.1170792, 41.7718958], [-88.1173052, 41.7719058], [-88.1178571, 41.7719493], [-88.1179617, 41.7719473], [-88.118026, 41.7719268], [-88.1182218, 41.7718238], [-88.1182849, 41.7718058], [-88.1183875, 41.7718168], [-88.1184572, 41.7718493], [-88.1185015, 41.7718998], [-88.1185236, 41.7719673], [-88.1185055, 41.7721293], [-88.118482, 41.7722164], [-88.1184196, 41.7722639], [-88.1183486, 41.7722869], [-88.1182936, 41.7722959], [-88.1182473, 41.7722894], [-88.1181809, 41.7722649], [-88.1180012, 41.7721508], [-88.11791, 41.7721108], [-88.1177913, 41.7721008], [-88.1172489, 41.7720663], [-88.1170148, 41.7720593], [-88.116874, 41.7720648], [-88.1168407, 41.7720664], [-88.1166514, 41.7720753], [-88.1161492, 41.7721063], [-88.1158622, 41.7721188], [-88.1156858, 41.7721153], [-88.1154659, 41.7721008], [-88.1154161, 41.7720985]]}}, {"type": "Feature", "id": 878789495, "properties": {"osm_id": 878789495, "osm_type": "way", "highway": "footway"}, "geometry": {"type": "LineString", "coordinates": [[-88.1154767, 41.7720598], [-88.115487, 41.7720203]]}}, {"type": "Feature", "id": 878789496, "properties": {"osm_id": 878789496, "osm_type": "way", "highway": "footway"}, "geometry": {"type": "LineString", "coordinates": [[-88.1152453, 41.7720465], [-88.1152498, 41.7720068]]}}, {"type": "Feature", "id": 878789497, "properties": {"osm_id": 878789497, "osm_type": "way", "highway": "footway"}, "geometry": {"type": "LineString", "coordinates": [[-88.1154161, 41.7720985], [-88.1153542, 41.7720948], [-88.1152915, 41.772091]]}}, {"type": "Feature", "id": 878789498, "properties": {"osm_id": 878789498, "osm_type": "way", "highway": "footway"}, "geometry": {"type": "LineString", "coordinates": [[-88.115387, 41.7728855], [-88.1153874, 41.772848], [-88.1154109, 41.7725964], [-88.1154444, 41.7722944], [-88.1154659, 41.7721008], [-88.1154767, 41.7720598]]}}, {"type": "Feature", "id": 878789499, "properties": {"osm_id": 878789499, "osm_type": "way", "highway": "footway"}, "geometry": {"type": "LineString", "coordinates": [[-88.1151668, 41.7728755], [-88.1151681, 41.77284], [-88.1151802, 41.7727405], [-88.1151943, 41.7726229], [-88.1152385, 41.7722139], [-88.1152506, 41.7720878], [-88.1152453, 41.7720465]]}}, {"type": "Feature", "id": 878789500, "properties": {"osm_id": 878789500, "osm_type": "way", "highway": "footway"}, "geometry": {"type": "LineString", "coordinates": [[-88.11194838463626, 41.772210818637426], [-88.1119911, 41.7720143], [-88.1120346, 41.7719023], [-88.112093, 41.7718113], [-88.1122264, 41.7716688], [-88.1122595, 41.771635]]}}, {"type": "Feature", "id": 878789502, "properties": {"osm_id": 878789502, "osm_type": "way", "highway": "footway"}, "geometry": {"type": "LineString", "coordinates": [[-88.1152176, 41.7728418], [-88.1151681, 41.77284], [-88.1146874, 41.7728235], [-88.11460701710475, 41.77281742895262]]}}, {"type": "Feature", "id": 878789503, "properties": {"osm_id": 878789503, "osm_type": "way", "highway": "footway"}, "geometry": {"type": "LineString", "coordinates": [[-88.11460365484119, 41.772985655490984], [-88.1147189, 41.7729955], [-88.1151621, 41.773003], [-88.1152132, 41.7730052]]}}, {"type": "Feature", "id": 878789504, "properties": {"osm_id": 878789504, "osm_type": "way", "highway": "footway"}, "geometry": {"type": "LineString", "coordinates": [[-88.1122595, 41.771635], [-88.1122947, 41.771599], [-88.112319, 41.7715742]]}}, {"type": "Feature", "id": 878789505, "properties": {"osm_id": 878789505, "osm_type": "way", "highway": "footway"}, "geometry": {"type": "LineString", "coordinates": [[-88.1121773, 41.7716474], [-88.1122264, 41.7716688], [-88.1125074, 41.7717903], [-88.1127414, 41.7718673], [-88.1130123, 41.7719273], [-88.1132021, 41.7719493], [-88.1136534, 41.7719823], [-88.1145807, 41.7720438], [-88.1150394, 41.7720728], [-88.1152506, 41.7720878], [-88.1152915, 41.772091]]}}, {"type": "Feature", "id": 878789506, "properties": {"osm_id": 878789506, "osm_type": "way", "highway": "footway"}, "geometry": {"type": "LineString", "coordinates": [[-88.1120822, 41.7716058], [-88.1121201, 41.7716224], [-88.1121773, 41.7716474]]}}, {"type": "Feature", "id": 878789507, "properties": {"osm_id": 878789507, "osm_type": "way", "highway": "footway"}, "geometry": {"type": "LineString", "coordinates": [[-88.1124013, 41.7703975], [-88.1124105, 41.7703467], [-88.1124199, 41.770295]]}}, {"type": "Feature", "id": 878789508, "properties": {"osm_id": 878789508, "osm_type": "way", "highway": "footway"}, "geometry": {"type": "LineString", "coordinates": [[-88.1125549, 41.7704299], [-88.1125008, 41.7704327], [-88.1124456, 41.7704356]]}}, {"type": "Feature", "id": 878789509, "properties": {"osm_id": 878789509, "osm_type": "way", "highway": "footway"}, "geometry": {"type": "LineString", "coordinates": [[-88.1126264, 41.7702936], [-88.1126191, 41.7703474], [-88.1126115, 41.7703898]]}}, {"type": "Feature", "id": 878789510, "properties": {"osm_id": 878789510, "osm_type": "way", "highway": "footway"}, "geometry": {"type": "LineString", "coordinates": [[-88.1124692, 41.7702686], [-88.1125226, 41.7702672], [-88.1125905, 41.7702655]]}}, {"type": "Feature", "id": 878789511, "properties": {"osm_id": 878789511, "osm_type": "way", "highway": "footway"}, "geometry": {"type": "LineString", "coordinates": [[-88.1166711, 41.76928], [-88.1166387, 41.7692562], [-88.1165408, 41.7692057], [-88.1164683, 41.7691767], [-88.1163765, 41.7691462], [-88.1162705, 41.7691202], [-88.1161592, 41.7691097], [-88.1159178, 41.7690922], [-88.1152897, 41.7690527], [-88.1151098, 41.7690422], [-88.1148939, 41.7690297], [-88.1142917, 41.7689927], [-88.11377, 41.7689616], [-88.1134549, 41.7689396], [-88.1130344, 41.7689181], [-88.1129815, 41.7689181], [-88.1129097, 41.7689286], [-88.1128393, 41.7689441], [-88.1127642, 41.7689797], [-88.1127045, 41.7690172], [-88.1126596, 41.7690607], [-88.1126194, 41.7691102], [-88.1125999, 41.7691642], [-88.1125778, 41.7692497], [-88.1124672, 41.7699419], [-88.1124544, 41.7700414], [-88.1124189, 41.770267], [-88.1124199, 41.770295]]}}, {"type": "Feature", "id": 878789512, "properties": {"osm_id": 878789512, "osm_type": "way", "highway": "footway"}, "geometry": {"type": "LineString", "coordinates": [[-88.1109779, 41.7700591], [-88.1115847, 41.7701524], [-88.1119743, 41.7702189], [-88.1121225, 41.7702454], [-88.1124189, 41.770267], [-88.1124692, 41.7702686]]}}, {"type": "Feature", "id": 878789513, "properties": {"osm_id": 878789513, "osm_type": "way", "highway": "footway"}, "geometry": {"type": "LineString", "coordinates": [[-88.1124456, 41.7704356], [-88.1123941, 41.770428], [-88.1122241, 41.770413], [-88.1121248, 41.7704028], [-88.1118633, 41.770379], [-88.1116071, 41.7703523], [-88.1113648, 41.7703158], [-88.1111187, 41.7702795], [-88.1109202, 41.7702467]]}}, {"type": "Feature", "id": 878789514, "properties": {"osm_id": 878789514, "osm_type": "way", "highway": "footway"}, "geometry": {"type": "LineString", "coordinates": [[-88.1109655, 41.7700896], [-88.1109779, 41.7700591], [-88.1110503, 41.7699034], [-88.1111328, 41.7697618], [-88.1111871, 41.7696868], [-88.1112541, 41.7696053], [-88.1114446, 41.7693968], [-88.1117108, 41.7691107], [-88.1119066, 41.7689056], [-88.1120742, 41.7687166], [-88.1121681, 41.7685886], [-88.1122378, 41.7684625], [-88.112321, 41.7683125], [-88.1123672, 41.7681744], [-88.1124605, 41.7678844], [-88.1126469, 41.7671292], [-88.1126588, 41.7670782]]}}, {"type": "Feature", "id": 878789515, "properties": {"osm_id": 878789515, "osm_type": "way", "highway": "footway"}, "geometry": {"type": "LineString", "coordinates": [[-88.1109323, 41.7702071], [-88.1109489, 41.7701484], [-88.1109655, 41.7700896]]}}, {"type": "Feature", "id": 878789529, "properties": {"osm_id": 878789529, "osm_type": "way", "highway": "footway"}, "geometry": {"type": "LineString", "coordinates": [[-88.1244177, 41.7708636], [-88.1243386, 41.7714602], [-88.1242635, 41.7721448], [-88.1241764, 41.7729175]]}}, {"type": "Feature", "id": 878789533, "properties": {"osm_id": 878789533, "osm_type": "way", "highway": "footway"}, "geometry": {"type": "LineString", "coordinates": [[-88.12486367368334, 41.77073103103172], [-88.1246417, 41.7707163]]}}, {"type": "Feature", "id": 878789536, "properties": {"osm_id": 878789536, "osm_type": "way", "highway": "footway"}, "geometry": {"type": "LineString", "coordinates": [[-88.1244325, 41.7707], [-88.123996, 41.770675], [-88.1237418, 41.7706495], [-88.12354, 41.7706055], [-88.1233791, 41.770544], [-88.1231792, 41.770433], [-88.1228171, 41.770267], [-88.1224161, 41.7701284], [-88.1222405, 41.7700854], [-88.122113, 41.7700564], [-88.1216645, 41.7699694], [-88.1212313, 41.7698844], [-88.1205574, 41.7698274], [-88.120438, 41.7698224]]}}, {"type": "Feature", "id": 878789537, "properties": {"osm_id": 878789537, "osm_type": "way", "highway": "footway"}, "geometry": {"type": "LineString", "coordinates": [[-88.12449123949507, 41.77012967181635], [-88.1244539, 41.770516], [-88.1244325, 41.7707]]}}, {"type": "Feature", "id": 878789544, "properties": {"osm_id": 878789544, "osm_type": "way", "highway": "footway"}, "geometry": {"type": "LineString", "coordinates": [[-88.1230639, 41.7691642], [-88.1231564, 41.7693577], [-88.1231316, 41.7694013], [-88.1231155, 41.7694448], [-88.1231256, 41.7694968], [-88.123143, 41.7695328], [-88.1231846, 41.7695638], [-88.1232496, 41.7695928], [-88.1233267, 41.7696038], [-88.1233931, 41.7695943], [-88.1234495, 41.7695713], [-88.1234944, 41.7695418], [-88.1235125, 41.7695078], [-88.1235299, 41.7694678], [-88.1235326, 41.7694208], [-88.1235138, 41.7693772], [-88.1234803, 41.7693407], [-88.1234387, 41.7693127], [-88.1233864, 41.7693022], [-88.1233542, 41.7692927], [-88.1232704, 41.7691017]]}}, {"type": "Feature", "id": 878789545, "properties": {"osm_id": 878789545, "osm_type": "way", "highway": "footway"}, "geometry": {"type": "LineString", "coordinates": [[-88.1232704, 41.7691017], [-88.1234434, 41.7690417], [-88.1235252, 41.7690017], [-88.1236969, 41.7689071], [-88.1237249844698, 41.76889242095352]]}}, {"type": "Feature", "id": 878789546, "properties": {"osm_id": 878789546, "osm_type": "way", "highway": "footway"}, "geometry": {"type": "LineString", "coordinates": [[-88.1230639, 41.7691642], [-88.1231609, 41.7691348], [-88.1232704, 41.7691017]]}}, {"type": "Feature", "id": 878789581, "properties": {"osm_id": 878789581, "osm_type": "way", "highway": "footway"}, "geometry": {"type": "LineString", "coordinates": [[-88.1244325, 41.7707], [-88.1244257, 41.7707749], [-88.1244177, 41.7708636]]}}, {"type": "Feature", "id": 878789582, "properties": {"osm_id": 878789582, "osm_type": "way", "highway": "footway"}, "geometry": {"type": "LineString", "coordinates": [[-88.1246417, 41.7707163], [-88.1245396, 41.7707088], [-88.1244325, 41.7707]]}}, {"type": "Feature", "id": 878789583, "properties": {"osm_id": 878789583, "osm_type": "way", "highway": "footway"}, "geometry": {"type": "LineString", "coordinates": [[-88.1246229, 41.7708781], [-88.1246353, 41.7707882], [-88.1246417, 41.7707163], [-88.12467566598085, 41.77042746017808]]}}, {"type": "Feature", "id": 878789584, "properties": {"osm_id": 878789584, "osm_type": "way", "highway": "footway"}, "geometry": {"type": "LineString", "coordinates": [[-88.1246229, 41.7708781], [-88.1249667405977, 41.77089745033667]]}}, {"type": "Feature", "id": 878789585, "properties": {"osm_id": 878789585, "osm_type": "way", "highway": "footway"}, "geometry": {"type": "LineString", "coordinates": [[-88.1244177, 41.7708636], [-88.1245193, 41.7708704], [-88.1246229, 41.7708781]]}}, {"type": "Feature", "id": 878789586, "properties": {"osm_id": 878789586, "osm_type": "way", "highway": "footway"}, "geometry": {"type": "LineString", "coordinates": [[-88.1228452, 41.7729427], [-88.1228319, 41.7729123], [-88.1227843, 41.772784], [-88.1227615, 41.7726815], [-88.1227655, 41.7725879], [-88.1227977, 41.7724329], [-88.1228688, 41.7723004], [-88.1230565, 41.7720433], [-88.1231102, 41.7719403], [-88.1231953, 41.7717623], [-88.1232698, 41.7715487], [-88.1233261, 41.7712642], [-88.1233408, 41.7710211], [-88.1233717, 41.7709056], [-88.1234005, 41.7708216], [-88.1234374, 41.7707491]]}}, {"type": "Feature", "id": 878793563, "properties": {"osm_id": 878793563, "osm_type": "way", "highway": "footway"}, "geometry": {"type": "LineString", "coordinates": [[-88.1198251, 41.775749], [-88.1198189, 41.7757986], [-88.1198151, 41.775838]]}}, {"type": "Feature", "id": 878793564, "properties": {"osm_id": 878793564, "osm_type": "way", "highway": "footway"}, "geometry": {"type": "LineString", "coordinates": [[-88.1199203, 41.7747268], [-88.1198996, 41.7749308], [-88.119866, 41.7752954], [-88.1198251, 41.775749]]}}, {"type": "Feature", "id": 878793565, "properties": {"osm_id": 878793565, "osm_type": "way", "highway": "footway"}, "geometry": {"type": "LineString", "coordinates": [[-88.1199304, 41.7746333], [-88.1199266, 41.7746685], [-88.1199203, 41.7747268]]}}, {"type": "Feature", "id": 878793566, "properties": {"osm_id": 878793566, "osm_type": "way", "highway": "footway"}, "geometry": {"type": "LineString", "coordinates": [[-88.1199954, 41.7737926], [-88.1199942, 41.7739667], [-88.1199941, 41.7739842], [-88.119997, 41.7740565], [-88.1199815, 41.7741789], [-88.1199666, 41.7743027], [-88.1199556, 41.7743936], [-88.1199452, 41.7744803], [-88.1199304, 41.7746333]]}}, {"type": "Feature", "id": 878793567, "properties": {"osm_id": 878793567, "osm_type": "way", "highway": "footway"}, "geometry": {"type": "LineString", "coordinates": [[-88.1200055, 41.7737111], [-88.1200016, 41.7737425], [-88.1199954, 41.7737926]]}}, {"type": "Feature", "id": 878793603, "properties": {"osm_id": 878793603, "osm_type": "way", "highway": "footway"}, "geometry": {"type": "LineString", "coordinates": [[-88.1217188585764, 41.7656531847845], [-88.1216698, 41.7656492], [-88.1215961, 41.7656187], [-88.1215471, 41.7655797], [-88.1215223, 41.7655287], [-88.121521, 41.7654642], [-88.1215491, 41.7654127], [-88.12156318262109, 41.765401819111595]]}}, {"type": "Feature", "id": 878793617, "properties": {"osm_id": 878793617, "osm_type": "way", "highway": "footway"}, "geometry": {"type": "LineString", "coordinates": [[-88.12237641056235, 41.766714915846805], [-88.1223209, 41.7668426], [-88.1222633, 41.7669161], [-88.12216, 41.7669891], [-88.1220903, 41.7670216], [-88.1220567, 41.7669986], [-88.121997, 41.7669876], [-88.1219347, 41.7669886], [-88.1218844, 41.7670056], [-88.1218354, 41.7670431], [-88.1217986, 41.7671062], [-88.1217858, 41.7671527], [-88.1217919, 41.7672002], [-88.1218227, 41.7672467], [-88.121875, 41.7672847], [-88.121938, 41.7673047], [-88.1220131, 41.7673102], [-88.122101, 41.7672977], [-88.1221687, 41.7672582], [-88.1221949, 41.7672162], [-88.1222069, 41.7671752], [-88.1222177, 41.7671517], [-88.1223169, 41.7671012], [-88.1223987, 41.7670406], [-88.1224698, 41.7669626], [-88.12250151888486, 41.766916924805784]]}}, {"type": "Feature", "id": 878793632, "properties": {"osm_id": 878793632, "osm_type": "way", "highway": "footway"}, "geometry": {"type": "LineString", "coordinates": [[-88.12224832128574, 41.7665080936234], [-88.1215893, 41.7663314], [-88.1209808, 41.7661669]]}}, {"type": "Feature", "id": 878793633, "properties": {"osm_id": 878793633, "osm_type": "way", "highway": "footway"}, "geometry": {"type": "LineString", "coordinates": [[-88.1209741, 41.7662071], [-88.1209808, 41.7661669], [-88.1210368, 41.7658321], [-88.1210355, 41.7658045], [-88.1210262, 41.7657841], [-88.1210246, 41.7657575], [-88.1210487, 41.7654695], [-88.1210641, 41.7654481], [-88.1210897, 41.7654283], [-88.1211029, 41.7654085], [-88.1211073, 41.7653832], [-88.12117770693389, 41.764779402147475]]}}, {"type": "Feature", "id": 878793634, "properties": {"osm_id": 878793634, "osm_type": "way", "highway": "footway"}, "geometry": {"type": "LineString", "coordinates": [[-88.1209595, 41.7662936], [-88.1209668, 41.7662504], [-88.1209741, 41.7662071]]}}, {"type": "Feature", "id": 878793635, "properties": {"osm_id": 878793635, "osm_type": "way", "highway": "footway"}, "geometry": {"type": "LineString", "coordinates": [[-88.1208779, 41.7663114], [-88.1209537, 41.7663291], [-88.1215337, 41.7664835], [-88.122107, 41.7666395], [-88.12237489755468, 41.766712472835025]]}}, {"type": "Feature", "id": 878793636, "properties": {"osm_id": 878793636, "osm_type": "way", "highway": "footway"}, "geometry": {"type": "LineString", "coordinates": [[-88.1208779, 41.7663114], [-88.1207906, 41.7663051], [-88.120726, 41.7663024]]}}, {"type": "Feature", "id": 878793637, "properties": {"osm_id": 878793637, "osm_type": "way", "highway": "footway"}, "geometry": {"type": "LineString", "coordinates": [[-88.1205774, 41.7681022], [-88.1206573, 41.7681064], [-88.1211823, 41.7681569], [-88.1216403, 41.7682], [-88.1219722, 41.7682285], [-88.1221942, 41.7682315], [-88.1224537, 41.7682035], [-88.1226656, 41.7681534], [-88.1231289, 41.7679869], [-88.1231565169904, 41.767974532187786]]}}, {"type": "Feature", "id": 878793638, "properties": {"osm_id": 878793638, "osm_type": "way", "highway": "footway"}, "geometry": {"type": "LineString", "coordinates": [[-88.12306441441272, 41.76782581669497], [-88.1227963, 41.7679369], [-88.1225127, 41.7680229], [-88.1223196, 41.7680589], [-88.1221426, 41.7680724], [-88.1218938, 41.7680604], [-88.1212353, 41.7679994], [-88.1206855, 41.7679459]]}}, {"type": "Feature", "id": 878793639, "properties": {"osm_id": 878793639, "osm_type": "way", "highway": "footway"}, "geometry": {"type": "LineString", "coordinates": [[-88.1206768, 41.7679865], [-88.1206855, 41.7679459], [-88.1208108, 41.7671697], [-88.1209537, 41.7663291], [-88.1209595, 41.7662936]]}}, {"type": "Feature", "id": 878793640, "properties": {"osm_id": 878793640, "osm_type": "way", "highway": "footway"}, "geometry": {"type": "LineString", "coordinates": [[-88.1206634, 41.7680666], [-88.1206708, 41.7680225], [-88.1206768, 41.7679865]]}}, {"type": "Feature", "id": 878793789, "properties": {"osm_id": 878793789, "osm_type": "way", "highway": "footway"}, "geometry": {"type": "LineString", "coordinates": [[-88.1202895, 41.7684651], [-88.1203015, 41.7683868], [-88.120317, 41.7683077], [-88.1203159, 41.7682545], [-88.1203445, 41.7681904], [-88.1203621, 41.7680899], [-88.1204041, 41.7678258], [-88.1204113, 41.7677494], [-88.12044, 41.7675903], [-88.1205651, 41.7668191], [-88.1205725, 41.7667766]]}}, {"type": "Feature", "id": 878793790, "properties": {"osm_id": 878793790, "osm_type": "way", "highway": "footway"}, "geometry": {"type": "LineString", "coordinates": [[-88.120281, 41.7685366], [-88.120285, 41.7685032], [-88.1202895, 41.7684651]]}}, {"type": "Feature", "id": 878793791, "properties": {"osm_id": 878793791, "osm_type": "way", "highway": "footway"}, "geometry": {"type": "LineString", "coordinates": [[-88.1202578, 41.7687419], [-88.1202612, 41.7687049], [-88.1202635, 41.7686794]]}}, {"type": "Feature", "id": 878793792, "properties": {"osm_id": 878793792, "osm_type": "way", "highway": "footway"}, "geometry": {"type": "LineString", "coordinates": [[-88.1202448, 41.7688806], [-88.1202578, 41.7687419]]}}, {"type": "Feature", "id": 878793793, "properties": {"osm_id": 878793793, "osm_type": "way", "highway": "footway"}, "geometry": {"type": "LineString", "coordinates": [[-88.1202387, 41.7689208], [-88.1202414, 41.7689032], [-88.1202448, 41.7688806]]}}, {"type": "Feature", "id": 878794087, "properties": {"osm_id": 878794087, "osm_type": "way", "highway": "footway"}, "geometry": {"type": "LineString", "coordinates": [[-88.1188273, 41.7682555], [-88.118938, 41.768364], [-88.1189393, 41.7684045], [-88.1189588, 41.7684675], [-88.1189883, 41.7685085], [-88.1190345, 41.7685395], [-88.119115, 41.768554], [-88.1191754, 41.7685545], [-88.1192572, 41.768534], [-88.1193054, 41.768502], [-88.1193396, 41.7684695], [-88.1193551, 41.7684305], [-88.1193544, 41.768388], [-88.119349, 41.7683495], [-88.1193249, 41.7683095], [-88.1192833, 41.7682795], [-88.1192397, 41.7682585], [-88.1191827, 41.7682505], [-88.1191324, 41.768243], [-88.119105, 41.7682365], [-88.1189936, 41.7681479]]}}, {"type": "Feature", "id": 878794088, "properties": {"osm_id": 878794088, "osm_type": "way", "highway": "footway"}, "geometry": {"type": "LineString", "coordinates": [[-88.1188273, 41.7682555], [-88.1186939, 41.768321], [-88.1185269, 41.768385], [-88.11837, 41.7684285], [-88.118248, 41.768455], [-88.117959, 41.7684795], [-88.1178597, 41.768477], [-88.1175727, 41.7684595], [-88.1166822, 41.768401], [-88.1159373, 41.768358], [-88.1156778, 41.7683355], [-88.1155524, 41.7683145], [-88.1154417, 41.7682885], [-88.1153043, 41.768243], [-88.1151494, 41.7681749], [-88.1149998, 41.7680929], [-88.1148208, 41.7679654]]}}, {"type": "Feature", "id": 878794089, "properties": {"osm_id": 878794089, "osm_type": "way", "highway": "footway"}, "geometry": {"type": "LineString", "coordinates": [[-88.1189936, 41.7681479], [-88.1189276, 41.76821], [-88.1188273, 41.7682555]]}}, {"type": "Feature", "id": 878794090, "properties": {"osm_id": 878794090, "osm_type": "way", "highway": "footway"}, "geometry": {"type": "LineString", "coordinates": [[-88.1195495, 41.7666848], [-88.1195449, 41.7667256], [-88.1194764, 41.7671062], [-88.1194074, 41.7675148], [-88.1193624, 41.7676633], [-88.1193135, 41.7677798], [-88.1192679, 41.7678639], [-88.1191566, 41.7679999], [-88.1190459, 41.7681014], [-88.1189936, 41.7681479]]}}, {"type": "Feature", "id": 878794092, "properties": {"osm_id": 878794092, "osm_type": "way", "highway": "footway"}, "geometry": {"type": "LineString", "coordinates": [[-88.1194961, 41.7667204], [-88.1194276, 41.7667148], [-88.1193838, 41.7667112]]}}, {"type": "Feature", "id": 878794093, "properties": {"osm_id": 878794093, "osm_type": "way", "highway": "footway"}, "geometry": {"type": "LineString", "coordinates": [[-88.1195858, 41.7666104], [-88.1195705, 41.7666419], [-88.1195495, 41.7666848]]}}, {"type": "Feature", "id": 878794094, "properties": {"osm_id": 878794094, "osm_type": "way", "highway": "footway"}, "geometry": {"type": "LineString", "coordinates": [[-88.1199231, 41.7652229], [-88.1198815, 41.7654782], [-88.1198975, 41.7655332], [-88.1198191, 41.7660049], [-88.1197342, 41.7660045]]}}, {"type": "Feature", "id": 878794095, "properties": {"osm_id": 878794095, "osm_type": "way", "highway": "footway"}, "geometry": {"type": "LineString", "coordinates": [[-88.1208219, 41.7653063], [-88.1205493, 41.7652821], [-88.1201966, 41.7652476], [-88.1199231, 41.7652229], [-88.1195549, 41.7651896], [-88.1194443, 41.7651841], [-88.1193584, 41.7651911], [-88.1192444, 41.7652261], [-88.1191693, 41.7652521], [-88.1191063, 41.7652866], [-88.119054, 41.7653247], [-88.1189594, 41.7653977], [-88.1189277, 41.7654231]]}}, {"type": "Feature", "id": 878794096, "properties": {"osm_id": 878794096, "osm_type": "way", "highway": "footway"}, "geometry": {"type": "LineString", "coordinates": [[-88.120837, 41.7651474], [-88.120721, 41.7651461], [-88.120662, 41.7651271], [-88.1205909, 41.7651206], [-88.1203629, 41.7650986], [-88.1202663, 41.7651026], [-88.1200954, 41.7651096], [-88.1199653, 41.7651161], [-88.1197078, 41.7650931], [-88.1196038, 41.7650586], [-88.1193517, 41.7650471], [-88.1192954, 41.7650476], [-88.1192498, 41.7650561], [-88.1191499, 41.7650846], [-88.1190594, 41.7651236], [-88.1189708, 41.7651646], [-88.1188723, 41.7652396], [-88.1188369, 41.7652634], [-88.1187315, 41.7653342], [-88.1186456, 41.7653779], [-88.1185504, 41.7654172], [-88.118498, 41.7654339], [-88.1184525, 41.7654484], [-88.1183466, 41.7654712], [-88.1182446, 41.7654887], [-88.1181611, 41.7654962], [-88.1180746, 41.765498], [-88.1179858, 41.7654957], [-88.117903, 41.7654865], [-88.1177645, 41.7654672], [-88.1177206, 41.7654608]]}}, {"type": "Feature", "id": 878794097, "properties": {"osm_id": 878794097, "osm_type": "way", "highway": "footway"}, "geometry": {"type": "LineString", "coordinates": [[-88.1208296, 41.7652015], [-88.120837, 41.7651474], [-88.120912101762, 41.76435053679944]]}}, {"type": "Feature", "id": 878794098, "properties": {"osm_id": 878794098, "osm_type": "way", "highway": "footway"}, "geometry": {"type": "LineString", "coordinates": [[-88.1208232, 41.765287], [-88.1208266, 41.7652411], [-88.1208296, 41.7652015]]}}, {"type": "Feature", "id": 878794099, "properties": {"osm_id": 878794099, "osm_type": "way", "highway": "footway"}, "geometry": {"type": "LineString", "coordinates": [[-88.1205849, 41.7666994], [-88.1205943, 41.7666567], [-88.1206103, 41.766529], [-88.1206512, 41.7662954], [-88.1207069, 41.7659468], [-88.1207367, 41.7657968], [-88.1207659, 41.765624], [-88.1208219, 41.7653063], [-88.1208232, 41.765287]]}}, {"type": "Feature", "id": 878794100, "properties": {"osm_id": 878794100, "osm_type": "way", "highway": "footway"}, "geometry": {"type": "LineString", "coordinates": [[-88.1205651, 41.7668191], [-88.1203475, 41.7668011], [-88.120098, 41.7667761], [-88.1195449, 41.7667256], [-88.1194961, 41.7667204]]}}, {"type": "Feature", "id": 878794101, "properties": {"osm_id": 878794101, "osm_type": "way", "highway": "footway"}, "geometry": {"type": "LineString", "coordinates": [[-88.1157724, 41.7663401], [-88.1158199, 41.766342], [-88.1159963, 41.7663525], [-88.1161793, 41.7663505], [-88.1164214, 41.7663279], [-88.1165911, 41.7663154], [-88.1167158, 41.7663139], [-88.1169759, 41.7663259], [-88.1175064, 41.766377], [-88.1179489, 41.766417], [-88.1187891, 41.766494], [-88.1189467, 41.76651], [-88.1193584, 41.766547], [-88.1195981, 41.7665685], [-88.1199384, 41.7666], [-88.1203783, 41.7666395], [-88.1205943, 41.7666567]]}}, {"type": "Feature", "id": 878794102, "properties": {"osm_id": 878794102, "osm_type": "way", "highway": "footway"}, "geometry": {"type": "LineString", "coordinates": [[-88.1205725, 41.7667766], [-88.1205791, 41.7667353], [-88.1205849, 41.7666994]]}}, {"type": "Feature", "id": 878794103, "properties": {"osm_id": 878794103, "osm_type": "way", "highway": "footway"}, "geometry": {"type": "LineString", "coordinates": [[-88.1205774, 41.7681022], [-88.1204861, 41.7680977], [-88.1204298, 41.7680941]]}}, {"type": "Feature", "id": 878797238, "properties": {"osm_id": 878797238, "osm_type": "way", "highway": "footway"}, "geometry": {"type": "LineString", "coordinates": [[-88.1182727, 41.7666116], [-88.1182046, 41.7666039], [-88.1181554, 41.7665982]]}}, {"type": "Feature", "id": 878797241, "properties": {"osm_id": 878797241, "osm_type": "way", "highway": "footway"}, "geometry": {"type": "LineString", "coordinates": [[-88.1181554, 41.7665982], [-88.1181098, 41.7665925], [-88.1178953, 41.766573], [-88.1172992, 41.76652], [-88.1168593, 41.766478], [-88.1167359, 41.7664715], [-88.1166031, 41.7664755], [-88.1164087, 41.766489], [-88.1162444, 41.7665075], [-88.1160492, 41.7665135], [-88.1159285, 41.766513], [-88.1157961, 41.7665], [-88.1157463, 41.7664971]]}}, {"type": "Feature", "id": 878797242, "properties": {"osm_id": 878797242, "osm_type": "way", "highway": "footway"}, "geometry": {"type": "LineString", "coordinates": [[-88.1156292, 41.7664818], [-88.1156813, 41.7664886], [-88.1157463, 41.7664971]]}}, {"type": "Feature", "id": 878797243, "properties": {"osm_id": 878797243, "osm_type": "way", "highway": "footway"}, "geometry": {"type": "LineString", "coordinates": [[-88.1156629, 41.7663187], [-88.115612, 41.7663136], [-88.1154954, 41.7663134], [-88.1154468, 41.7663152], [-88.11537, 41.7663267], [-88.1153096, 41.76634], [-88.115263, 41.7663552], [-88.1151353, 41.7663957], [-88.1150407, 41.7664192], [-88.1149653, 41.7664242], [-88.1148956, 41.7664187], [-88.1148416, 41.7663995], [-88.1147785, 41.766355], [-88.1147226, 41.7663322], [-88.1146716, 41.7663237], [-88.1146109, 41.7663249], [-88.1145573, 41.7663337], [-88.114508, 41.7663595], [-88.1144631, 41.7664037], [-88.1144413, 41.7664482], [-88.1144372, 41.7664892], [-88.114459, 41.766535], [-88.1145103, 41.7665985], [-88.1145774, 41.7666255], [-88.1146458, 41.7666323], [-88.1147078, 41.7666283], [-88.1147695, 41.7666098], [-88.114807, 41.7665925], [-88.1148469, 41.7665775], [-88.1149254, 41.76658], [-88.1149861, 41.7665905], [-88.1150632, 41.766585], [-88.1151936, 41.7665585], [-88.11526, 41.7665333], [-88.1153147, 41.7665142], [-88.1153961, 41.7664925], [-88.1155041, 41.766476], [-88.1155822, 41.7664762], [-88.1156292, 41.7664818]]}}, {"type": "Feature", "id": 878797244, "properties": {"osm_id": 878797244, "osm_type": "way", "highway": "footway"}, "geometry": {"type": "LineString", "coordinates": [[-88.1158144, 41.7663768], [-88.1158084, 41.7664146], [-88.1158018, 41.7664607]]}}, {"type": "Feature", "id": 878797245, "properties": {"osm_id": 878797245, "osm_type": "way", "highway": "footway"}, "geometry": {"type": "LineString", "coordinates": [[-88.1156629, 41.7663187], [-88.1157073, 41.7663273], [-88.1157724, 41.7663401]]}}, {"type": "Feature", "id": 878797246, "properties": {"osm_id": 878797246, "osm_type": "way", "highway": "footway"}, "geometry": {"type": "LineString", "coordinates": [[-88.1156014, 41.7663579], [-88.115612, 41.7663136], [-88.1156369, 41.7661064], [-88.1156643, 41.7659608], [-88.1156757, 41.7658918], [-88.1156811, 41.7658048], [-88.1156757, 41.7657173], [-88.1156529, 41.7656327], [-88.1156178, 41.7655237]]}}, {"type": "Feature", "id": 878797247, "properties": {"osm_id": 878797247, "osm_type": "way", "highway": "footway"}, "geometry": {"type": "LineString", "coordinates": [[-88.1155871, 41.76644], [-88.1155945, 41.7663973], [-88.1156014, 41.7663579]]}}, {"type": "Feature", "id": 878797248, "properties": {"osm_id": 878797248, "osm_type": "way", "highway": "footway"}, "geometry": {"type": "LineString", "coordinates": [[-88.1156369, 41.7673262], [-88.1156047, 41.7672327], [-88.1155792, 41.7671587], [-88.1155564, 41.7670481], [-88.115543, 41.7669611], [-88.1155329, 41.7668656], [-88.1155383, 41.7667466], [-88.1155618, 41.7666055], [-88.1155822, 41.7664762], [-88.1155871, 41.76644]]}}, {"type": "Feature", "id": 878797249, "properties": {"osm_id": 878797249, "osm_type": "way", "highway": "footway"}, "geometry": {"type": "LineString", "coordinates": [[-88.1158521, 41.7672912], [-88.1159473, 41.7672867], [-88.1160774, 41.7672842], [-88.1163201, 41.7672917], [-88.1168043, 41.7673272], [-88.117322, 41.7673567], [-88.1176143, 41.7673717], [-88.1177323, 41.7673582], [-88.1178162, 41.7673357], [-88.1178892, 41.7672922], [-88.1179335, 41.7672567], [-88.1179811, 41.7672107], [-88.1180026, 41.7671502], [-88.118018, 41.7670952], [-88.1180797, 41.7667471], [-88.1181098, 41.7665925]]}}, {"type": "Feature", "id": 878797250, "properties": {"osm_id": 878797250, "osm_type": "way", "highway": "footway"}, "geometry": {"type": "LineString", "coordinates": [[-88.1158018, 41.7664607], [-88.1157961, 41.7665], [-88.115771, 41.7666365], [-88.1157535, 41.7667826], [-88.1157542, 41.7668986], [-88.1157797, 41.7670697], [-88.1158032, 41.7671502], [-88.1158521, 41.7672912]]}}, {"type": "Feature", "id": 878797251, "properties": {"osm_id": 878797251, "osm_type": "way", "highway": "footway"}, "geometry": {"type": "LineString", "coordinates": [[-88.1156369, 41.7673262], [-88.1157449, 41.7673086], [-88.1158521, 41.7672912]]}}, {"type": "Feature", "id": 878797252, "properties": {"osm_id": 878797252, "osm_type": "way", "highway": "footway"}, "geometry": {"type": "LineString", "coordinates": [[-88.1148389, 41.7677343], [-88.1149992, 41.7676328], [-88.1151507, 41.7675278], [-88.1152419, 41.7674743], [-88.1154297, 41.7673907], [-88.1156369, 41.7673262]]}}, {"type": "Feature", "id": 878797253, "properties": {"osm_id": 878797253, "osm_type": "way", "highway": "footway"}, "geometry": {"type": "LineString", "coordinates": [[-88.1134073, 41.7670667], [-88.1136037, 41.7670947], [-88.1137888, 41.7671227], [-88.1139229, 41.7671587], [-88.1140852, 41.7672117], [-88.1142206, 41.7672702], [-88.114338, 41.7673397], [-88.1144755, 41.7674313], [-88.1146451, 41.7675743], [-88.1148389, 41.7677343]]}}, {"type": "Feature", "id": 878797255, "properties": {"osm_id": 878797255, "osm_type": "way", "highway": "footway"}, "geometry": {"type": "LineString", "coordinates": [[-88.1134073, 41.7670667], [-88.1132931, 41.7670488], [-88.1131934, 41.7670331]]}}, {"type": "Feature", "id": 878797256, "properties": {"osm_id": 878797256, "osm_type": "way", "highway": "footway"}, "geometry": {"type": "LineString", "coordinates": [[-88.1131934, 41.7670331], [-88.1132416, 41.7668536], [-88.1132745, 41.7667181], [-88.1132772, 41.766676], [-88.1132591, 41.766629], [-88.1132309, 41.76659], [-88.1132195, 41.7665485], [-88.1132329, 41.766482], [-88.1132872, 41.766419], [-88.113365, 41.7663905], [-88.1134482, 41.7663825], [-88.1135474, 41.766406], [-88.1136064, 41.7664615], [-88.1136252, 41.7664975], [-88.1136326, 41.7665605], [-88.1136192, 41.7666075], [-88.1135843, 41.7666455], [-88.113534, 41.766681], [-88.1135038, 41.7667126], [-88.113481, 41.7667576], [-88.1134073, 41.7670667]]}}, {"type": "Feature", "id": 878797257, "properties": {"osm_id": 878797257, "osm_type": "way", "highway": "footway"}, "geometry": {"type": "LineString", "coordinates": [[-88.1126858, 41.7669661], [-88.1131934, 41.7670331]]}}, {"type": "Feature", "id": 878797258, "properties": {"osm_id": 878797258, "osm_type": "way", "highway": "footway"}, "geometry": {"type": "LineString", "coordinates": [[-88.1126765, 41.7670039], [-88.1126858, 41.7669661], [-88.11273, 41.7667746], [-88.1128333, 41.76636], [-88.1129969, 41.7656958], [-88.1130115, 41.7656373]]}}, {"type": "Feature", "id": 878797259, "properties": {"osm_id": 878797259, "osm_type": "way", "highway": "footway"}, "geometry": {"type": "LineString", "coordinates": [[-88.1126588, 41.7670782], [-88.1126681, 41.7670384], [-88.1126765, 41.7670039]]}}, {"type": "Feature", "id": 878797260, "properties": {"osm_id": 878797260, "osm_type": "way", "highway": "footway"}, "geometry": {"type": "LineString", "coordinates": [[-88.114676, 41.7678464], [-88.1145794, 41.7677638], [-88.1143621, 41.7675783], [-88.114283, 41.7675143], [-88.1141885, 41.7674543], [-88.1140966, 41.7674042], [-88.1139658, 41.7673497], [-88.1138478, 41.7673092], [-88.1137191, 41.7672762], [-88.1135239, 41.7672457], [-88.1126469, 41.7671292]]}}, {"type": "Feature", "id": 878797261, "properties": {"osm_id": 878797261, "osm_type": "way", "highway": "footway"}, "geometry": {"type": "LineString", "coordinates": [[-88.1148208, 41.7679654], [-88.114733, 41.7680209], [-88.1146578, 41.7680589], [-88.1144292, 41.7681504], [-88.1142562, 41.7681965], [-88.1141194, 41.768216], [-88.1139296, 41.768227], [-88.1132946, 41.768198], [-88.1132463, 41.768208], [-88.1131914, 41.768239], [-88.1131122, 41.7682575], [-88.1130385, 41.768256], [-88.1129707, 41.7682455], [-88.1129292, 41.768207], [-88.1128963, 41.7681659], [-88.1128809, 41.7681214], [-88.1128836, 41.7680699], [-88.112899, 41.7680214], [-88.1129573, 41.7679819], [-88.113019, 41.7679589], [-88.1130861, 41.7679474], [-88.1131545, 41.7679549], [-88.1132148, 41.7679784], [-88.1132711, 41.7680129], [-88.1133174, 41.7680299], [-88.1134153, 41.7680459], [-88.1135467, 41.7680469], [-88.1138284, 41.7680674], [-88.1140027, 41.7680654], [-88.1141663, 41.7680489], [-88.1143413, 41.7680039], [-88.114509, 41.7679379], [-88.114676, 41.7678464]]}}, {"type": "Feature", "id": 878797262, "properties": {"osm_id": 878797262, "osm_type": "way", "highway": "footway"}, "geometry": {"type": "LineString", "coordinates": [[-88.1183164, 41.7666155], [-88.1182393, 41.7670421], [-88.1182091, 41.7672122], [-88.1181521, 41.7673002], [-88.1180871, 41.7673777], [-88.1179885, 41.7674463], [-88.1178457, 41.7675028], [-88.1177136, 41.7675293], [-88.1175788, 41.7675378], [-88.1168941, 41.7674933], [-88.116129, 41.7674433], [-88.1159882, 41.7674438], [-88.1158548, 41.7674558], [-88.1157321, 41.7674773], [-88.1156107, 41.7675043], [-88.1154645, 41.7675583], [-88.1153727, 41.7676018], [-88.1152761, 41.7676573], [-88.1151648, 41.7677353], [-88.1149837, 41.7678599]]}}, {"type": "Feature", "id": 878797263, "properties": {"osm_id": 878797263, "osm_type": "way", "highway": "footway"}, "geometry": {"type": "LineString", "coordinates": [[-88.1148208, 41.7679654], [-88.1149068, 41.7679097], [-88.1149837, 41.7678599]]}}, {"type": "Feature", "id": 878797264, "properties": {"osm_id": 878797264, "osm_type": "way", "highway": "footway"}, "geometry": {"type": "LineString", "coordinates": [[-88.114676, 41.7678464], [-88.11474, 41.767899], [-88.1148208, 41.7679654]]}}, {"type": "Feature", "id": 878797265, "properties": {"osm_id": 878797265, "osm_type": "way", "highway": "footway"}, "geometry": {"type": "LineString", "coordinates": [[-88.1148389, 41.7677343], [-88.114762, 41.7677872], [-88.114676, 41.7678464]]}}, {"type": "Feature", "id": 878797266, "properties": {"osm_id": 878797266, "osm_type": "way", "highway": "footway"}, "geometry": {"type": "LineString", "coordinates": [[-88.1149837, 41.7678599], [-88.1149047, 41.7677914], [-88.1148389, 41.7677343]]}}, {"type": "Feature", "id": 878797267, "properties": {"osm_id": 878797267, "osm_type": "way", "highway": "footway"}, "geometry": {"type": "LineString", "coordinates": [[-88.1193306, 41.7667063], [-88.1191888, 41.7675248], [-88.1191599, 41.7676193], [-88.1190902, 41.7677568], [-88.1190285, 41.7678514], [-88.118942, 41.7679474], [-88.1188575, 41.7680189], [-88.1187569, 41.7680894], [-88.1186429, 41.7681534], [-88.1185336, 41.7682], [-88.1184505, 41.7682315], [-88.1182929, 41.768279], [-88.1181467, 41.768301], [-88.1179838, 41.7683155], [-88.1178503, 41.768316], [-88.1172824, 41.7682815], [-88.1164985, 41.7682265], [-88.1158923, 41.7681955], [-88.1156784, 41.7681724], [-88.1155369, 41.7681424], [-88.1154176, 41.7681069], [-88.1152875, 41.7680514], [-88.1151869, 41.7679984], [-88.1151031, 41.7679469], [-88.1149837, 41.7678599]]}}, {"type": "Feature", "id": 878797268, "properties": {"osm_id": 878797268, "osm_type": "way", "highway": "footway"}, "geometry": {"type": "LineString", "coordinates": [[-88.1193838, 41.7667112], [-88.1193306, 41.7667063], [-88.1184015, 41.766623], [-88.1183164, 41.7666155], [-88.1182727, 41.7666116]]}}, {"type": "Feature", "id": 878972102, "properties": {"osm_id": 878972102, "osm_type": "way", "highway": "footway"}, "geometry": {"type": "LineString", "coordinates": [[-88.11593248618003, 41.75631008881259], [-88.1158333, 41.7563928]]}}, {"type": "Feature", "id": 878972103, "properties": {"osm_id": 878972103, "osm_type": "way", "highway": "footway"}, "geometry": {"type": "LineString", "coordinates": [[-88.116013, 41.7565234], [-88.1160478, 41.7565515], [-88.11611634826389, 41.756606965850125]]}}, {"type": "Feature", "id": 878972104, "properties": {"osm_id": 878972104, "osm_type": "way", "highway": "footway"}, "geometry": {"type": "LineString", "coordinates": [[-88.1159487, 41.7564769], [-88.116013, 41.7565234]]}}, {"type": "Feature", "id": 878972105, "properties": {"osm_id": 878972105, "osm_type": "way", "highway": "footway"}, "geometry": {"type": "LineString", "coordinates": [[-88.1158333, 41.7563928], [-88.1158838, 41.7564296], [-88.1159487, 41.7564769]]}}, {"type": "Feature", "id": 878972106, "properties": {"osm_id": 878972106, "osm_type": "way", "highway": "footway"}, "geometry": {"type": "LineString", "coordinates": [[-88.1151809, 41.7559386], [-88.1155765, 41.7562128], [-88.1158333, 41.7563928]]}}, {"type": "Feature", "id": 878972107, "properties": {"osm_id": 878972107, "osm_type": "way", "highway": "footway"}, "geometry": {"type": "LineString", "coordinates": [[-88.1100035, 41.7594626], [-88.1100847, 41.7594022], [-88.1101561, 41.7593491]]}}, {"type": "Feature", "id": 878972110, "properties": {"osm_id": 878972110, "osm_type": "way", "highway": "footway"}, "geometry": {"type": "LineString", "coordinates": [[-88.110266, 41.7596417], [-88.1102144, 41.759612]]}}, {"type": "Feature", "id": 878972113, "properties": {"osm_id": 878972113, "osm_type": "way", "highway": "footway"}, "geometry": {"type": "LineString", "coordinates": [[-88.1180441, 41.7608186], [-88.1178778, 41.7608932], [-88.1177598, 41.7609567], [-88.1176566, 41.7610412], [-88.1176733, 41.7610937], [-88.1176867, 41.7611413], [-88.1176727, 41.7611838], [-88.1176606, 41.7612183], [-88.1176096, 41.7612608], [-88.1175499, 41.7612873], [-88.1174936, 41.7612978], [-88.1174292, 41.7612968], [-88.1173736, 41.7612858], [-88.1173253, 41.7612628], [-88.1172891, 41.7612178], [-88.1172697, 41.7611758], [-88.1172636, 41.7611423], [-88.1172683, 41.7611042], [-88.1172811, 41.7610747], [-88.1173045, 41.7610427], [-88.1173434, 41.7610147], [-88.1173917, 41.7609977], [-88.1174467, 41.7609867], [-88.1174815, 41.7609727], [-88.1175104, 41.7609387], [-88.1175506, 41.7608857], [-88.1176639, 41.7608011], [-88.1177578, 41.7607511], [-88.1178631, 41.7607041], [-88.1179664, 41.7606661]]}}, {"type": "Feature", "id": 878972114, "properties": {"osm_id": 878972114, "osm_type": "way", "highway": "footway"}, "geometry": {"type": "LineString", "coordinates": [[-88.1180441, 41.7608186], [-88.1179995, 41.760731], [-88.1179664, 41.7606661]]}}, {"type": "Feature", "id": 878972115, "properties": {"osm_id": 878972115, "osm_type": "way", "highway": "footway"}, "geometry": {"type": "LineString", "coordinates": [[-88.1189333, 41.7612423], [-88.1189092, 41.7612873], [-88.1189152, 41.7613078], [-88.1189366, 41.7613493], [-88.1189447, 41.7613888], [-88.1189299, 41.7614449], [-88.1189098, 41.7614799], [-88.1188796, 41.7615044], [-88.1188314, 41.7615299], [-88.118767, 41.7615419], [-88.1187066, 41.7615414], [-88.1186503, 41.7615284], [-88.1186047, 41.7615104], [-88.1185652, 41.7614739], [-88.1185444, 41.7614439], [-88.1185336, 41.7614159], [-88.1185289, 41.7613853], [-88.1185343, 41.7613538], [-88.1185551, 41.7613208], [-88.1185752, 41.7612983], [-88.1186114, 41.7612728], [-88.1186517, 41.7612538], [-88.1186865, 41.7612423], [-88.1187066, 41.7612378], [-88.1187355, 41.7611823]]}}, {"type": "Feature", "id": 878972116, "properties": {"osm_id": 878972116, "osm_type": "way", "highway": "footway"}, "geometry": {"type": "LineString", "coordinates": [[-88.1187355, 41.7611823], [-88.1184418, 41.7610902], [-88.1182976, 41.7610367], [-88.1182225, 41.7609877], [-88.1181615, 41.7609367], [-88.1180931, 41.7608657], [-88.1180441, 41.7608186]]}}, {"type": "Feature", "id": 878972117, "properties": {"osm_id": 878972117, "osm_type": "way", "highway": "footway"}, "geometry": {"type": "LineString", "coordinates": [[-88.1189333, 41.7612423], [-88.1188173, 41.7612071], [-88.1187355, 41.7611823]]}}, {"type": "Feature", "id": 878972119, "properties": {"osm_id": 878972119, "osm_type": "way", "highway": "footway"}, "geometry": {"type": "LineString", "coordinates": [[-88.11636673991245, 41.75701126634151], [-88.1163946, 41.7571202], [-88.1164113, 41.7572657], [-88.1164449, 41.7577349], [-88.1164932, 41.7582466], [-88.1165294, 41.7586778], [-88.1165542, 41.7589039], [-88.1165817, 41.7590019], [-88.1166333, 41.7590835], [-88.116695, 41.7591435], [-88.1168023, 41.7592045], [-88.1169163, 41.7592635], [-88.1175352, 41.7594631], [-88.1177592, 41.7595431], [-88.1178477, 41.7595907], [-88.1179382, 41.7596452], [-88.1180187, 41.7597362], [-88.1180656, 41.7598133], [-88.1180951, 41.7598913], [-88.1181259, 41.7599928], [-88.1181373, 41.7601449], [-88.1181561, 41.7605895], [-88.1181675, 41.7606596], [-88.1182192, 41.7607321], [-88.1183043, 41.7608186], [-88.1183834, 41.7608827], [-88.1184652, 41.7609287], [-88.11886819448654, 41.76105029607447]]}}, {"type": "Feature", "id": 878972121, "properties": {"osm_id": 878972121, "osm_type": "way", "highway": "footway"}, "geometry": {"type": "LineString", "coordinates": [[-88.11899905045895, 41.76126158560528], [-88.1189333, 41.7612423]]}}, {"type": "Feature", "id": 878972123, "properties": {"osm_id": 878972123, "osm_type": "way", "highway": "footway"}, "geometry": {"type": "LineString", "coordinates": [[-88.1177545, 41.7626323], [-88.1178609, 41.7626105], [-88.1179623, 41.7625898]]}}, {"type": "Feature", "id": 878972124, "properties": {"osm_id": 878972124, "osm_type": "way", "highway": "footway"}, "geometry": {"type": "LineString", "coordinates": [[-88.1179623, 41.7625898], [-88.117912, 41.7624197], [-88.1178872, 41.7623032], [-88.1178296, 41.7622086], [-88.1177464, 41.7621176], [-88.1176103, 41.7620181], [-88.1175184, 41.7619741], [-88.1174353, 41.7619736], [-88.1173085, 41.7620146], [-88.1172603, 41.7620621], [-88.1172462, 41.7621361], [-88.1172583, 41.7621836], [-88.1172891, 41.7622251], [-88.1173736, 41.7622612], [-88.117495, 41.7622892], [-88.1176049, 41.7623242], [-88.1176673, 41.7623617], [-88.1176861, 41.7624012], [-88.1177545, 41.7626323]]}}, {"type": "Feature", "id": 878972125, "properties": {"osm_id": 878972125, "osm_type": "way", "highway": "footway"}, "geometry": {"type": "LineString", "coordinates": [[-88.11980136473896, 41.76255706035255], [-88.1197064, 41.7625493], [-88.1193953, 41.7625132], [-88.1191029, 41.7624732], [-88.1189621, 41.7624547], [-88.1187992, 41.7624487], [-88.1186268, 41.7624547], [-88.1184626, 41.7624747], [-88.1182694, 41.7625152], [-88.1179623, 41.7625898]]}}, {"type": "Feature", "id": 878972129, "properties": {"osm_id": 878972129, "osm_type": "way", "highway": "footway"}, "geometry": {"type": "LineString", "coordinates": [[-88.111627, 41.7546685], [-88.1116323, 41.7546991], [-88.1118328, 41.7548801], [-88.111859, 41.7549157], [-88.1118684, 41.7549647], [-88.1118476, 41.7550302], [-88.1118093, 41.7550742], [-88.1117544, 41.7551093], [-88.1116786, 41.7551233], [-88.1116189, 41.7551228], [-88.1115706, 41.7551143], [-88.1115264, 41.7550937], [-88.1114808, 41.7550642], [-88.1114526, 41.7550257], [-88.1114452, 41.7549667]]}}, {"type": "Feature", "id": 878972131, "properties": {"osm_id": 878972131, "osm_type": "way", "highway": "footway"}, "geometry": {"type": "LineString", "coordinates": [[-88.1141596, 41.7596407], [-88.1132353, 41.7596665], [-88.1131752, 41.7596512]]}}, {"type": "Feature", "id": 878972132, "properties": {"osm_id": 878972132, "osm_type": "way", "highway": "footway"}, "geometry": {"type": "LineString", "coordinates": [[-88.1141916, 41.7606504], [-88.1141737, 41.7601649], [-88.1141596, 41.7596407]]}}, {"type": "Feature", "id": 878972150, "properties": {"osm_id": 878972150, "osm_type": "way", "highway": "footway"}, "geometry": {"type": "LineString", "coordinates": [[-88.1151809, 41.7559386], [-88.1152855, 41.7558511], [-88.1154209, 41.7556995], [-88.11549589327787, 41.755605134290825]]}}, {"type": "Feature", "id": 878972151, "properties": {"osm_id": 878972151, "osm_type": "way", "highway": "footway"}, "geometry": {"type": "LineString", "coordinates": [[-88.116472, 41.7592113], [-88.1163523, 41.7593171], [-88.1162792, 41.7593973], [-88.1162249, 41.7595051], [-88.1161968, 41.7596187], [-88.1161961, 41.7597507], [-88.1162129, 41.7598448], [-88.1162685, 41.7599868], [-88.1165005, 41.7602934], [-88.116581, 41.760395], [-88.1166454, 41.760435], [-88.1167258, 41.760445], [-88.116809, 41.760444], [-88.1168666, 41.760424], [-88.116925, 41.7603815], [-88.1169572, 41.760341], [-88.1169652, 41.7602954], [-88.1169585, 41.7602629], [-88.1169411, 41.7602214], [-88.1168968, 41.7601789], [-88.1168492, 41.7601564], [-88.1167949, 41.7601434], [-88.1167004, 41.7601339], [-88.1166387, 41.7601214], [-88.1165864, 41.7600894], [-88.1165488, 41.7600433], [-88.1164046, 41.7598158], [-88.1163953, 41.7597282], [-88.1164067, 41.7596067], [-88.1164395, 41.7595256], [-88.1164965, 41.7594471], [-88.116575, 41.7593621], [-88.116632, 41.7593181]]}}, {"type": "Feature", "id": 878972152, "properties": {"osm_id": 878972152, "osm_type": "way", "highway": "footway"}, "geometry": {"type": "LineString", "coordinates": [[-88.114391, 41.7565289], [-88.1144788, 41.7566019], [-88.1145016, 41.7566289], [-88.1145204, 41.756671], [-88.1145204, 41.756706], [-88.114513, 41.7567375], [-88.1144949, 41.756772], [-88.1144654, 41.756804], [-88.1144426, 41.7568215], [-88.114391, 41.7568405], [-88.1143588, 41.7568465], [-88.1143139, 41.7568475], [-88.1142656, 41.756844], [-88.1142119, 41.7568335], [-88.1141697, 41.756817], [-88.1140805, 41.7567655]]}}, {"type": "Feature", "id": 878972153, "properties": {"osm_id": 878972153, "osm_type": "way", "highway": "footway"}, "geometry": {"type": "LineString", "coordinates": [[-88.1142166, 41.7566585], [-88.1141642, 41.7566997], [-88.1140805, 41.7567655]]}}, {"type": "Feature", "id": 878972154, "properties": {"osm_id": 878972154, "osm_type": "way", "highway": "footway"}, "geometry": {"type": "LineString", "coordinates": [[-88.1142716, 41.7566169], [-88.1142166, 41.7566585]]}}, {"type": "Feature", "id": 878972155, "properties": {"osm_id": 878972155, "osm_type": "way", "highway": "footway"}, "geometry": {"type": "LineString", "coordinates": [[-88.114391, 41.7565289], [-88.1143092, 41.7565892], [-88.1142716, 41.7566169]]}}, {"type": "Feature", "id": 878972156, "properties": {"osm_id": 878972156, "osm_type": "way", "highway": "footway"}, "geometry": {"type": "LineString", "coordinates": [[-88.1150334, 41.7560587], [-88.1147611, 41.7562538], [-88.114391, 41.7565289]]}}, {"type": "Feature", "id": 878972160, "properties": {"osm_id": 878972160, "osm_type": "way", "highway": "footway"}, "geometry": {"type": "LineString", "coordinates": [[-88.1179664, 41.7606661], [-88.1179442, 41.7605966], [-88.1179328, 41.760513], [-88.1179275, 41.7603425], [-88.1179053, 41.7600008], [-88.1178966, 41.7599423], [-88.1178725, 41.7598838], [-88.1178369, 41.7598348], [-88.1177799, 41.7597782], [-88.1176981, 41.7597157], [-88.1176163, 41.7596782], [-88.1175097, 41.7596377], [-88.1173984, 41.7596012], [-88.1172321, 41.7595446], [-88.116807, 41.7593951], [-88.1167198, 41.7593621], [-88.116632, 41.7593181]]}}, {"type": "Feature", "id": 878972161, "properties": {"osm_id": 878972161, "osm_type": "way", "highway": "footway"}, "geometry": {"type": "LineString", "coordinates": [[-88.116472, 41.7592113], [-88.1165406, 41.7592575], [-88.116632, 41.7593181]]}}, {"type": "Feature", "id": 878972162, "properties": {"osm_id": 878972162, "osm_type": "way", "highway": "footway"}, "geometry": {"type": "LineString", "coordinates": [[-88.1162927, 41.7584337], [-88.1163295, 41.7588634], [-88.1163403, 41.7589734], [-88.1163899, 41.759093], [-88.1164362, 41.759173], [-88.116472, 41.7592113]]}}, {"type": "Feature", "id": 878972163, "properties": {"osm_id": 878972163, "osm_type": "way", "highway": "footway"}, "geometry": {"type": "LineString", "coordinates": [[-88.1162786, 41.7582686], [-88.1162397, 41.7578134], [-88.1161988, 41.7573803], [-88.1161579, 41.7570376], [-88.1161089, 41.7569231], [-88.1160747, 41.756857], [-88.115944, 41.7567105], [-88.115893, 41.7566625], [-88.1157341, 41.7565474], [-88.1153371, 41.7562703], [-88.1150334, 41.7560587]]}}, {"type": "Feature", "id": 878972164, "properties": {"osm_id": 878972164, "osm_type": "way", "highway": "footway"}, "geometry": {"type": "LineString", "coordinates": [[-88.1162927, 41.7584337], [-88.1162856, 41.7583505], [-88.1162786, 41.7582686]]}}, {"type": "Feature", "id": 878972165, "properties": {"osm_id": 878972165, "osm_type": "way", "highway": "footway"}, "geometry": {"type": "LineString", "coordinates": [[-88.1150334, 41.7560587], [-88.114963, 41.7560084], [-88.1148514, 41.7559269], [-88.1147853, 41.7558811]]}}, {"type": "Feature", "id": 878972166, "properties": {"osm_id": 878972166, "osm_type": "way", "highway": "footway"}, "geometry": {"type": "LineString", "coordinates": [[-88.1151809, 41.7559386], [-88.1151084, 41.7559976], [-88.1150334, 41.7560587]]}}, {"type": "Feature", "id": 878972167, "properties": {"osm_id": 878972167, "osm_type": "way", "highway": "footway"}, "geometry": {"type": "LineString", "coordinates": [[-88.1149435, 41.7557671], [-88.1150074, 41.7558115], [-88.1151181, 41.7558866], [-88.1151809, 41.7559386]]}}, {"type": "Feature", "id": 878972168, "properties": {"osm_id": 878972168, "osm_type": "way", "highway": "footway"}, "geometry": {"type": "LineString", "coordinates": [[-88.1147853, 41.7558811], [-88.1146391, 41.7557811], [-88.1145425, 41.75569], [-88.1144721, 41.7556035], [-88.1144258, 41.7555239], [-88.1144017, 41.7554024], [-88.1143923, 41.7552868], [-88.114395, 41.7552083], [-88.1144574, 41.7551293], [-88.1145405, 41.7550712], [-88.1146545, 41.7550527], [-88.1147571, 41.7550967], [-88.114806, 41.7551758], [-88.1147987, 41.7552633], [-88.1147289, 41.7553309], [-88.1146592, 41.7553749], [-88.1146357, 41.7554234], [-88.1146605, 41.7555169], [-88.1147155, 41.75559], [-88.1147879, 41.7556635], [-88.1149435, 41.7557671]]}}, {"type": "Feature", "id": 878972169, "properties": {"osm_id": 878972169, "osm_type": "way", "highway": "footway"}, "geometry": {"type": "LineString", "coordinates": [[-88.1149435, 41.7557671], [-88.1150488, 41.755664], [-88.115152, 41.755544], [-88.115205, 41.7554694], [-88.1152935, 41.7553048], [-88.11530007254399, 41.75528894795081]]}}, {"type": "Feature", "id": 878972170, "properties": {"osm_id": 878972170, "osm_type": "way", "highway": "footway"}, "geometry": {"type": "LineString", "coordinates": [[-88.1147853, 41.7558811], [-88.1148641, 41.755824], [-88.1149435, 41.7557671]]}}, {"type": "Feature", "id": 878972171, "properties": {"osm_id": 878972171, "osm_type": "way", "highway": "footway"}, "geometry": {"type": "LineString", "coordinates": [[-88.1139719, 41.7564784], [-88.1137311, 41.7562938], [-88.1134676, 41.7560847], [-88.1133711, 41.7559756], [-88.1132966, 41.7558691], [-88.1132369, 41.7557505], [-88.1132323, 41.755711], [-88.1132423, 41.7556765], [-88.1132691, 41.7556455], [-88.1133121, 41.7556115], [-88.1133389, 41.7555775], [-88.1133543, 41.7555349], [-88.1133456, 41.7554744], [-88.1133194, 41.7554304], [-88.1132705, 41.7553894], [-88.1132135, 41.7553674], [-88.1131397, 41.7553589], [-88.113066, 41.7553669], [-88.1130083, 41.7553879], [-88.1129634, 41.7554229], [-88.1129386, 41.7554729], [-88.1129365, 41.7555084], [-88.1129432, 41.7555685], [-88.1129714, 41.7556525], [-88.1130418, 41.7558286], [-88.1130888, 41.7559136], [-88.1132001, 41.7560727], [-88.1132986, 41.7561817], [-88.1134026, 41.7562708], [-88.1135407, 41.7563813], [-88.113819, 41.7565909]]}}, {"type": "Feature", "id": 878972172, "properties": {"osm_id": 878972172, "osm_type": "way", "highway": "footway"}, "geometry": {"type": "LineString", "coordinates": [[-88.1139719, 41.7564784], [-88.1144407, 41.7561383], [-88.1147853, 41.7558811]]}}, {"type": "Feature", "id": 878972173, "properties": {"osm_id": 878972173, "osm_type": "way", "highway": "footway"}, "geometry": {"type": "LineString", "coordinates": [[-88.113819, 41.7565909], [-88.1139118, 41.7565226], [-88.1139719, 41.7564784]]}}, {"type": "Feature", "id": 878972174, "properties": {"osm_id": 878972174, "osm_type": "way", "highway": "footway"}, "geometry": {"type": "LineString", "coordinates": [[-88.1132675, 41.7571587], [-88.1134421, 41.7569476], [-88.1135843, 41.756811], [-88.113758, 41.7566439], [-88.113819, 41.7565909]]}}, {"type": "Feature", "id": 878972175, "properties": {"osm_id": 878972175, "osm_type": "way", "highway": "footway"}, "geometry": {"type": "LineString", "coordinates": [[-88.1132009, 41.7573136], [-88.1131686, 41.7572997], [-88.1129258, 41.7572082], [-88.1126904, 41.7571021], [-88.1125892, 41.7570431], [-88.1125047, 41.7569791], [-88.1124075, 41.756884], [-88.1122633, 41.756705], [-88.1119253, 41.7562603], [-88.1118958, 41.7562228], [-88.1118643, 41.7562022], [-88.1118154, 41.7561827], [-88.1117691, 41.7561687], [-88.1117329, 41.7561507], [-88.111696, 41.7561112], [-88.1116759, 41.7560612], [-88.1116752, 41.7560077], [-88.1117034, 41.7559551], [-88.1117456, 41.7559181], [-88.1118174, 41.7558901], [-88.111869, 41.7558831], [-88.1119421, 41.7558901], [-88.1119984, 41.7559061], [-88.1120454, 41.7559421], [-88.1120789, 41.7559922], [-88.112087, 41.7560357], [-88.1120796, 41.7560907], [-88.1120722, 41.7561262], [-88.1120997, 41.7562093], [-88.1123344, 41.7564664], [-88.112557, 41.7567625], [-88.1126234, 41.7568315], [-88.1127662, 41.7569401], [-88.1128909, 41.7570051], [-88.1132675, 41.7571587], [-88.113299, 41.7571706]]}}, {"type": "Feature", "id": 878972176, "properties": {"osm_id": 878972176, "osm_type": "way", "highway": "footway"}, "geometry": {"type": "LineString", "coordinates": [[-88.1140805, 41.7567655], [-88.1139813, 41.7568385], [-88.1138988, 41.7569121], [-88.1137117, 41.7571076], [-88.1136654, 41.7571592], [-88.1135716, 41.7572735], [-88.1135487, 41.7573035]]}}, {"type": "Feature", "id": 878972177, "properties": {"osm_id": 878972177, "osm_type": "way", "highway": "footway"}, "geometry": {"type": "LineString", "coordinates": [[-88.1134803, 41.7573935], [-88.1135179, 41.7573441], [-88.1135487, 41.7573035]]}}, {"type": "Feature", "id": 878972178, "properties": {"osm_id": 878972178, "osm_type": "way", "highway": "footway"}, "geometry": {"type": "LineString", "coordinates": [[-88.1132009, 41.7573136], [-88.1132316, 41.7573268], [-88.1133763, 41.7573829], [-88.1134339, 41.7574059]]}}, {"type": "Feature", "id": 878972179, "properties": {"osm_id": 878972179, "osm_type": "way", "highway": "footway"}, "geometry": {"type": "LineString", "coordinates": [[-88.1134339, 41.7574059], [-88.1134623, 41.7574173], [-88.1137754, 41.7575198], [-88.1140054, 41.7575738], [-88.1142113, 41.7576099], [-88.1143876, 41.7576264], [-88.1146418, 41.7576344], [-88.1147893, 41.7576289], [-88.1150025, 41.7576079], [-88.1150401, 41.7576269], [-88.1150736, 41.7576554], [-88.1151239, 41.7576604], [-88.1151869, 41.7576634], [-88.115252, 41.7576524], [-88.1153123, 41.7576334], [-88.1153358, 41.7576089], [-88.1153686, 41.7575643], [-88.1153834, 41.7575233], [-88.11538, 41.7574848], [-88.1153586, 41.7574393], [-88.1153297, 41.7574038], [-88.1152774, 41.7573718], [-88.1152198, 41.7573573], [-88.115148, 41.7573502], [-88.1150917, 41.7573653], [-88.1150407, 41.7573853], [-88.1150065, 41.7574143], [-88.1149516, 41.7574453], [-88.1149066, 41.7574643], [-88.1145975, 41.7574743], [-88.1143809, 41.7574618], [-88.1141596, 41.7574353], [-88.1139471, 41.7573913], [-88.1138371, 41.7573628], [-88.1137057, 41.7573227], [-88.1135716, 41.7572735], [-88.1135331, 41.757259]]}}, {"type": "Feature", "id": 878972180, "properties": {"osm_id": 878972180, "osm_type": "way", "highway": "footway"}, "geometry": {"type": "LineString", "coordinates": [[-88.113299, 41.7571706], [-88.1133396, 41.7571859], [-88.1134833, 41.7572402], [-88.1135331, 41.757259]]}}, {"type": "Feature", "id": 878972181, "properties": {"osm_id": 878972181, "osm_type": "way", "highway": "footway"}, "geometry": {"type": "LineString", "coordinates": [[-88.1131857, 41.7572753], [-88.11322, 41.7572264], [-88.1132487, 41.7571854]]}}, {"type": "Feature", "id": 878972182, "properties": {"osm_id": 878972182, "osm_type": "way", "highway": "footway"}, "geometry": {"type": "LineString", "coordinates": [[-88.1128431, 41.7580909], [-88.1128521, 41.758058], [-88.1128806, 41.757918], [-88.1129322, 41.7577584], [-88.1129795, 41.7576429], [-88.1130914, 41.7574185], [-88.1131686, 41.7572997], [-88.1131857, 41.7572753]]}}, {"type": "Feature", "id": 878972195, "properties": {"osm_id": 878972195, "osm_type": "way", "highway": "footway"}, "geometry": {"type": "LineString", "coordinates": [[-88.1048984, 41.7575054], [-88.1048965, 41.7574651]]}}, {"type": "Feature", "id": 878972196, "properties": {"osm_id": 878972196, "osm_type": "way", "highway": "footway"}, "geometry": {"type": "LineString", "coordinates": [[-88.1048429, 41.7575564], [-88.1047901, 41.7575624]]}}, {"type": "Feature", "id": 878972197, "properties": {"osm_id": 878972197, "osm_type": "way", "highway": "footway"}, "geometry": {"type": "LineString", "coordinates": [[-88.1048017, 41.7593764], [-88.1048631, 41.7593736], [-88.1049174, 41.7593711]]}}, {"type": "Feature", "id": 878972198, "properties": {"osm_id": 878972198, "osm_type": "way", "highway": "footway"}, "geometry": {"type": "LineString", "coordinates": [[-88.1041077, 41.7593889], [-88.1047527, 41.7593751], [-88.1048017, 41.7593764]]}}, {"type": "Feature", "id": 878972200, "properties": {"osm_id": 878972200, "osm_type": "way", "highway": "footway"}, "geometry": {"type": "LineString", "coordinates": [[-88.1040826, 41.7595046], [-88.1040647, 41.7595519], [-88.1039839, 41.7597671], [-88.1039571, 41.7598052], [-88.103925, 41.7598303], [-88.1038875, 41.7598543], [-88.1038607, 41.7598883], [-88.10385016176755, 41.75990447209047]]}}, {"type": "Feature", "id": 878972202, "properties": {"osm_id": 878972202, "osm_type": "way", "highway": "footway"}, "geometry": {"type": "LineString", "coordinates": [[-88.1041081, 41.7594336], [-88.1040939, 41.7594721], [-88.1040826, 41.7595046]]}}, {"type": "Feature", "id": 878972203, "properties": {"osm_id": 878972203, "osm_type": "way", "highway": "footway"}, "geometry": {"type": "LineString", "coordinates": [[-88.1047568, 41.7594151], [-88.1047527, 41.7593751], [-88.1047478, 41.759137], [-88.1047075, 41.7581131], [-88.1046941, 41.7576249], [-88.1046485, 41.7575863], [-88.1046422, 41.7575743], [-88.1046284, 41.7575483], [-88.1046237, 41.7575103], [-88.1046271, 41.7574788], [-88.1046391, 41.7574443], [-88.1046733, 41.7574093], [-88.1047129, 41.7573813], [-88.1047592, 41.7573618], [-88.104788, 41.7573543], [-88.1048282, 41.7573457], [-88.1048812, 41.7573467], [-88.1049281, 41.7573603], [-88.1049489, 41.7573703], [-88.1049737, 41.7573713], [-88.1075567, 41.7569166], [-88.1078732, 41.7568645], [-88.1082856, 41.7567855], [-88.1083168, 41.7567863], [-88.1083392, 41.7567903]]}}, {"type": "Feature", "id": 878972204, "properties": {"osm_id": 878972204, "osm_type": "way", "highway": "footway"}, "geometry": {"type": "LineString", "coordinates": [[-88.1082993, 41.7569153], [-88.1082954, 41.7568728], [-88.1082908, 41.7568313]]}}, {"type": "Feature", "id": 878972205, "properties": {"osm_id": 878972205, "osm_type": "way", "highway": "footway"}, "geometry": {"type": "LineString", "coordinates": [[-88.107276, 41.7571355], [-88.1073354, 41.7571242], [-88.107896, 41.7570271], [-88.108301, 41.7569543], [-88.1083503, 41.7569498]]}}, {"type": "Feature", "id": 878972206, "properties": {"osm_id": 878972206, "osm_type": "way", "highway": "footway"}, "geometry": {"type": "LineString", "coordinates": [[-88.1071655, 41.7571544], [-88.1072216, 41.7571458], [-88.107276, 41.7571355]]}}, {"type": "Feature", "id": 878972207, "properties": {"osm_id": 878972207, "osm_type": "way", "highway": "footway"}, "geometry": {"type": "LineString", "coordinates": [[-88.1048429, 41.7575564], [-88.104902, 41.7575505], [-88.1071195, 41.7571609], [-88.1071655, 41.7571544]]}}, {"type": "Feature", "id": 878972208, "properties": {"osm_id": 878972208, "osm_type": "way", "highway": "footway"}, "geometry": {"type": "LineString", "coordinates": [[-88.104964, 41.7594073], [-88.1049724, 41.7593711], [-88.104902, 41.7575505], [-88.1048984, 41.7575054]]}}, {"type": "Feature", "id": 878972209, "properties": {"osm_id": 878972209, "osm_type": "way", "highway": "footway"}, "geometry": {"type": "LineString", "coordinates": [[-88.1061956, 41.7593881], [-88.1061942, 41.7593481], [-88.1061794, 41.7589044], [-88.1061646, 41.7583552], [-88.1061653, 41.7583107], [-88.1062042, 41.7582841], [-88.1062364, 41.7582476], [-88.1062565, 41.7582061], [-88.1062645, 41.7581646], [-88.1062525, 41.7581231], [-88.1062183, 41.7580751], [-88.1061747, 41.7580375], [-88.1061164, 41.758018], [-88.10606, 41.7580135], [-88.106001, 41.7580175], [-88.1059507, 41.758032], [-88.1058951, 41.758058], [-88.1058501, 41.7581106], [-88.1058367, 41.7581536], [-88.1058361, 41.7581966], [-88.1058501, 41.7582281], [-88.1058776, 41.7582721], [-88.1059132, 41.7583026], [-88.1059393, 41.7583262], [-88.1059501, 41.7583587], [-88.1059561, 41.7584152], [-88.1059749, 41.7589814], [-88.1059768, 41.7593506], [-88.1059781, 41.7593871]]}}, {"type": "Feature", "id": 878972210, "properties": {"osm_id": 878972210, "osm_type": "way", "highway": "footway"}, "geometry": {"type": "LineString", "coordinates": [[-88.1060279, 41.7593522], [-88.1059768, 41.7593506], [-88.1049724, 41.7593711], [-88.1049174, 41.7593711]]}}, {"type": "Feature", "id": 878972211, "properties": {"osm_id": 878972211, "osm_type": "way", "highway": "footway"}, "geometry": {"type": "LineString", "coordinates": [[-88.1061459, 41.7593504], [-88.1060863, 41.7593513], [-88.1060279, 41.7593522]]}}, {"type": "Feature", "id": 878972212, "properties": {"osm_id": 878972212, "osm_type": "way", "highway": "footway"}, "geometry": {"type": "LineString", "coordinates": [[-88.1071208, 41.7571302], [-88.1071195, 41.7571609], [-88.1072016, 41.7593273], [-88.1072039, 41.7593635]]}}, {"type": "Feature", "id": 878972213, "properties": {"osm_id": 878972213, "osm_type": "way", "highway": "footway"}, "geometry": {"type": "LineString", "coordinates": [[-88.1072513, 41.7593299], [-88.1072016, 41.7593273], [-88.1065797, 41.7593371], [-88.1061942, 41.7593481], [-88.1061459, 41.7593504]]}}, {"type": "Feature", "id": 878972214, "properties": {"osm_id": 878972214, "osm_type": "way", "highway": "footway"}, "geometry": {"type": "LineString", "coordinates": [[-88.1073775, 41.7593225], [-88.10731, 41.7593265], [-88.1072513, 41.7593299]]}}, {"type": "Feature", "id": 878972215, "properties": {"osm_id": 878972215, "osm_type": "way", "highway": "footway"}, "geometry": {"type": "LineString", "coordinates": [[-88.1082993, 41.7569153], [-88.108301, 41.7569543], [-88.1083312, 41.7572132], [-88.1084163, 41.7580255], [-88.1084465, 41.7583342], [-88.1084459, 41.7584002], [-88.1084425, 41.7584747], [-88.1084405, 41.7585102], [-88.1084103, 41.7586493], [-88.1083553, 41.7587553], [-88.1082762, 41.7588799], [-88.1081863, 41.7589759], [-88.1080858, 41.759057], [-88.107945, 41.7591445], [-88.107835, 41.7591985], [-88.1076694, 41.759258], [-88.1076358, 41.7592675], [-88.1075198, 41.7592965], [-88.1074166, 41.7593101], [-88.1073775, 41.7593225]]}}, {"type": "Feature", "id": 878972216, "properties": {"osm_id": 878972216, "osm_type": "way", "highway": "footway"}, "geometry": {"type": "LineString", "coordinates": [[-88.1074179, 41.7593478], [-88.1074166, 41.7593101], [-88.1073743, 41.757995], [-88.1073354, 41.7571242], [-88.1073297, 41.7570841]]}}, {"type": "Feature", "id": 878972217, "properties": {"osm_id": 878972217, "osm_type": "way", "highway": "footway"}, "geometry": {"type": "LineString", "coordinates": [[-88.1074211, 41.7594304], [-88.1074195, 41.7593901], [-88.1074179, 41.7593478]]}}, {"type": "Feature", "id": 878972218, "properties": {"osm_id": 878972218, "osm_type": "way", "highway": "footway"}, "geometry": {"type": "LineString", "coordinates": [[-88.1109638, 41.756882], [-88.110827, 41.7567045], [-88.110774, 41.7566469], [-88.1107016, 41.7565799], [-88.1106386, 41.7565329], [-88.1105648, 41.7564814], [-88.1104951, 41.7564384], [-88.1103945, 41.7563893], [-88.1102791, 41.7563408], [-88.1101571, 41.7563023], [-88.1099955, 41.7562648], [-88.1098312, 41.7562448], [-88.1096602, 41.7562428], [-88.1088328, 41.7562593], [-88.1087536, 41.7562673], [-88.1086886, 41.7562883], [-88.1086034, 41.7563308], [-88.1085391, 41.7563923], [-88.1085002, 41.7564444], [-88.1084787, 41.7565174], [-88.1084794, 41.7565984], [-88.1085424, 41.7571767], [-88.1085947, 41.7577034], [-88.1086551, 41.7582651], [-88.1086685, 41.7584257], [-88.1086591, 41.7585322], [-88.1086215, 41.7586823], [-88.1085505, 41.7588229], [-88.1084995, 41.7589089], [-88.1083875, 41.7590429], [-88.1082896, 41.759134], [-88.1081548, 41.7592235], [-88.1079805, 41.7593231], [-88.1078464, 41.7593746], [-88.1076935, 41.7594231], [-88.1075346, 41.7594626], [-88.1074229, 41.7594765], [-88.1073736, 41.7594826], [-88.106923, 41.7595016], [-88.1061465, 41.7595086], [-88.1055115, 41.7595211], [-88.1040647, 41.7595519]]}}, {"type": "Feature", "id": 878972219, "properties": {"osm_id": 878972219, "osm_type": "way", "highway": "footway"}, "geometry": {"type": "LineString", "coordinates": [[-88.1103938, 41.7562043], [-88.1105487, 41.7560367], [-88.110605, 41.7560082], [-88.110656, 41.7559932], [-88.1107344, 41.7559932], [-88.1108008, 41.7560122], [-88.1108444, 41.7560307], [-88.1108692, 41.7560517], [-88.110884, 41.7560687], [-88.1108947, 41.7560922], [-88.1108967, 41.7561087], [-88.1109007, 41.7561352], [-88.1108994, 41.7561502], [-88.1108887, 41.7561977], [-88.1108726, 41.7562323], [-88.1108323, 41.7562728], [-88.1107398, 41.7563788]]}}, {"type": "Feature", "id": 878972221, "properties": {"osm_id": 878972221, "osm_type": "way", "highway": "footway"}, "geometry": {"type": "LineString", "coordinates": [[-88.1103938, 41.7562043], [-88.1102738, 41.7561622], [-88.1101551, 41.7561312], [-88.1100552, 41.7561117], [-88.1098453, 41.7560822], [-88.109443, 41.7560832], [-88.1089622, 41.7560977], [-88.1087945, 41.7561032], [-88.1086423, 41.7561327], [-88.1085377, 41.7561742], [-88.1084284, 41.7562388], [-88.10836, 41.7563068], [-88.1082983, 41.7564103], [-88.1082762, 41.7564694], [-88.1082661, 41.7565304], [-88.1082655, 41.7566044], [-88.1082856, 41.7567855], [-88.1082908, 41.7568313]]}}, {"type": "Feature", "id": 878972222, "properties": {"osm_id": 878972222, "osm_type": "way", "highway": "footway"}, "geometry": {"type": "LineString", "coordinates": [[-88.1105319, 41.7562628], [-88.1104697, 41.7562364], [-88.1103938, 41.7562043]]}}, {"type": "Feature", "id": 878972223, "properties": {"osm_id": 878972223, "osm_type": "way", "highway": "footway"}, "geometry": {"type": "LineString", "coordinates": [[-88.1106037, 41.7563028], [-88.1105319, 41.7562628]]}}, {"type": "Feature", "id": 878972224, "properties": {"osm_id": 878972224, "osm_type": "way", "highway": "footway"}, "geometry": {"type": "LineString", "coordinates": [[-88.1107398, 41.7563788], [-88.1106562, 41.7563321], [-88.1106037, 41.7563028]]}}, {"type": "Feature", "id": 878972225, "properties": {"osm_id": 878972225, "osm_type": "way", "highway": "footway"}, "geometry": {"type": "LineString", "coordinates": [[-88.1110798, 41.7570251], [-88.111017, 41.7569476], [-88.1109638, 41.756882]]}}, {"type": "Feature", "id": 878972226, "properties": {"osm_id": 878972226, "osm_type": "way", "highway": "footway"}, "geometry": {"type": "LineString", "coordinates": [[-88.1102852, 41.7573968], [-88.1103878, 41.7573362], [-88.110491, 41.7572802], [-88.1106828, 41.7571942], [-88.1110798, 41.7570251]]}}, {"type": "Feature", "id": 878972228, "properties": {"osm_id": 878972228, "osm_type": "way", "highway": "footway"}, "geometry": {"type": "LineString", "coordinates": [[-88.1105129, 41.7596098], [-88.1105387, 41.7595819], [-88.1108893, 41.759203], [-88.1109852, 41.759092], [-88.1110382, 41.7589994], [-88.1110932, 41.7588799], [-88.1111193, 41.7587994], [-88.1111348, 41.7587378], [-88.1111442, 41.7586308], [-88.1111442, 41.7585558], [-88.1111542, 41.7585292], [-88.111183, 41.7584947], [-88.1112119, 41.7584572], [-88.1112213, 41.7584222], [-88.111224, 41.7583782], [-88.1112045, 41.7583297], [-88.1111629, 41.7582856], [-88.1111207, 41.7582646], [-88.1110778, 41.7582501], [-88.1110194, 41.7582446], [-88.1109678, 41.7582481], [-88.1109209, 41.7582596], [-88.110884, 41.7582781], [-88.1108531, 41.7583031], [-88.1108263, 41.7583407], [-88.1108116, 41.7583792], [-88.1108055, 41.7584167], [-88.1108263, 41.7584672], [-88.1108733, 41.7585072], [-88.1109028, 41.7585317], [-88.1109195, 41.7585568], [-88.1109296, 41.7585853], [-88.1109222, 41.7586703], [-88.1109115, 41.7587438], [-88.1108934, 41.7588219], [-88.1108665, 41.7588919], [-88.110823, 41.7589674], [-88.1107458, 41.7590765], [-88.1105608, 41.7592765], [-88.1103606, 41.7594946], [-88.1103412, 41.7595184]]}}, {"type": "Feature", "id": 878972229, "properties": {"osm_id": 878972229, "osm_type": "way", "highway": "footway"}, "geometry": {"type": "LineString", "coordinates": [[-88.1105129, 41.7596098], [-88.1104227, 41.7596223], [-88.1103413, 41.7596335]]}}, {"type": "Feature", "id": 878972230, "properties": {"osm_id": 878972230, "osm_type": "way", "highway": "footway"}, "geometry": {"type": "LineString", "coordinates": [[-88.1105015, 41.7595671], [-88.110443, 41.7595398], [-88.1103861, 41.7595133]]}}, {"type": "Feature", "id": 878972231, "properties": {"osm_id": 878972231, "osm_type": "way", "highway": "footway"}, "geometry": {"type": "LineString", "coordinates": [[-88.1128306, 41.7596702], [-88.1112936, 41.7597037], [-88.1110939, 41.7597017], [-88.1109658, 41.7596897], [-88.1108518, 41.7596772], [-88.1107284, 41.7596467], [-88.1105387, 41.7595819], [-88.1105015, 41.7595671]]}}, {"type": "Feature", "id": 878972232, "properties": {"osm_id": 878972232, "osm_type": "way", "highway": "footway"}, "geometry": {"type": "LineString", "coordinates": [[-88.1101142, 41.7575388], [-88.1100771, 41.757584], [-88.1100297, 41.7576419]]}}, {"type": "Feature", "id": 878972233, "properties": {"osm_id": 878972233, "osm_type": "way", "highway": "footway"}, "geometry": {"type": "LineString", "coordinates": [[-88.1101692, 41.7574838], [-88.1101142, 41.7575388]]}}, {"type": "Feature", "id": 878972234, "properties": {"osm_id": 878972234, "osm_type": "way", "highway": "footway"}, "geometry": {"type": "LineString", "coordinates": [[-88.1102852, 41.7573968], [-88.1102049, 41.7574449], [-88.1101692, 41.7574838]]}}, {"type": "Feature", "id": 878972235, "properties": {"osm_id": 878972235, "osm_type": "way", "highway": "footway"}, "geometry": {"type": "LineString", "coordinates": [[-88.1103861, 41.7595133], [-88.1103606, 41.7594946], [-88.1102664, 41.7594356], [-88.1101672, 41.7593611], [-88.1101561, 41.7593491], [-88.1100652, 41.7592505], [-88.1099834, 41.759128], [-88.1099258, 41.7590044], [-88.109901, 41.7588969], [-88.1098822, 41.7586933], [-88.1098426, 41.7582906], [-88.1098379, 41.7582011], [-88.1098393, 41.7581051], [-88.1098433, 41.7580505], [-88.10986, 41.7579765], [-88.1098909, 41.757888], [-88.1099244, 41.7578179], [-88.1099392, 41.7577809], [-88.109974, 41.7577209], [-88.1100297, 41.7576419]]}}, {"type": "Feature", "id": 878972236, "properties": {"osm_id": 878972236, "osm_type": "way", "highway": "footway"}, "geometry": {"type": "LineString", "coordinates": [[-88.1102852, 41.7573968], [-88.1103724, 41.7574523], [-88.1104555, 41.7575233], [-88.1104669, 41.7575588], [-88.1104635, 41.7575863], [-88.1104602, 41.7576244], [-88.1104454, 41.7576544], [-88.1104293, 41.7576754], [-88.1103992, 41.7577009], [-88.110369, 41.7577159], [-88.1103274, 41.7577289], [-88.1102805, 41.7577364], [-88.1102329, 41.7577369], [-88.1101859, 41.7577304], [-88.1101491, 41.7577099], [-88.1100297, 41.7576419]]}}, {"type": "Feature", "id": 878972237, "properties": {"osm_id": 878972237, "osm_type": "way", "highway": "footway"}, "geometry": {"type": "LineString", "coordinates": [[-88.1100921, 41.7573127], [-88.1101276, 41.7573407], [-88.1101739, 41.7573553], [-88.110255, 41.7573808], [-88.1102852, 41.7573968]]}}, {"type": "Feature", "id": 878972239, "properties": {"osm_id": 878972239, "osm_type": "way", "highway": "footway"}, "geometry": {"type": "LineString", "coordinates": [[-88.1099472, 41.7574383], [-88.1095811, 41.7572082], [-88.1094648, 41.7571267], [-88.1094353, 41.7570851], [-88.1094269, 41.7570549], [-88.1094228, 41.7570174], [-88.1094322, 41.7569701], [-88.1094745, 41.7569261], [-88.1095523, 41.7568971], [-88.1096321, 41.7568886], [-88.1097098, 41.7568986], [-88.1097621, 41.7569166], [-88.1097957, 41.7569441], [-88.1098145, 41.7569761], [-88.1098198, 41.7570336], [-88.1098205, 41.7570881], [-88.1098299, 41.7571312], [-88.109852, 41.7571602], [-88.1100921, 41.7573127]]}}, {"type": "Feature", "id": 878972241, "properties": {"osm_id": 878972241, "osm_type": "way", "highway": "footway"}, "geometry": {"type": "LineString", "coordinates": [[-88.1109638, 41.756882], [-88.1106687, 41.7570121], [-88.110491, 41.7570856], [-88.1103127, 41.7571707], [-88.1101853, 41.7572427], [-88.1100921, 41.7573127]]}}, {"type": "Feature", "id": 878972242, "properties": {"osm_id": 878972242, "osm_type": "way", "highway": "footway"}, "geometry": {"type": "LineString", "coordinates": [[-88.1099472, 41.7574383], [-88.1100218, 41.7573736], [-88.1100921, 41.7573127]]}}, {"type": "Feature", "id": 878972244, "properties": {"osm_id": 878972244, "osm_type": "way", "highway": "footway"}, "geometry": {"type": "LineString", "coordinates": [[-88.1100035, 41.7594626], [-88.1099365, 41.7594026], [-88.1098828, 41.7593496], [-88.1098399, 41.759286], [-88.1097809, 41.7591835], [-88.1097367, 41.759106], [-88.1097119, 41.7590349], [-88.1096944, 41.7589274], [-88.109675, 41.7587788], [-88.1096294, 41.7583272], [-88.1096173, 41.7581016], [-88.1096294, 41.758015], [-88.1096642, 41.757895], [-88.1097112, 41.7577654], [-88.1097977, 41.7576184], [-88.1098681, 41.7575338], [-88.1099472, 41.7574383]]}}, {"type": "Feature", "id": 878972245, "properties": {"osm_id": 878972245, "osm_type": "way", "highway": "footway"}, "geometry": {"type": "LineString", "coordinates": [[-88.1103413, 41.7596335], [-88.1103086, 41.7596662], [-88.110084, 41.7598563], [-88.110021, 41.7598893], [-88.1099593, 41.7599058], [-88.109909, 41.7599013], [-88.10985, 41.7598878], [-88.1098111, 41.7598733], [-88.1097836, 41.7598528], [-88.1097595, 41.7598293], [-88.1097427, 41.7598037], [-88.10973, 41.7597827], [-88.1097239, 41.7597567], [-88.109732, 41.7597287], [-88.109738, 41.7597037], [-88.1097501, 41.7596732], [-88.1097648, 41.7596547], [-88.109797, 41.7596202], [-88.1100035, 41.7594626]]}}, {"type": "Feature", "id": 878972246, "properties": {"osm_id": 878972246, "osm_type": "way", "highway": "footway"}, "geometry": {"type": "LineString", "coordinates": [[-88.1128307, 41.759702], [-88.1128306, 41.7596702], [-88.1128185, 41.7594331], [-88.1127971, 41.7590074], [-88.1127962, 41.7589814]]}}, {"type": "Feature", "id": 878972247, "properties": {"osm_id": 878972247, "osm_type": "way", "highway": "footway"}, "geometry": {"type": "LineString", "coordinates": [[-88.1128386, 41.7597974], [-88.1128349, 41.7597517], [-88.1128307, 41.759702]]}}, {"type": "Feature", "id": 878972248, "properties": {"osm_id": 878972248, "osm_type": "way", "highway": "footway"}, "geometry": {"type": "LineString", "coordinates": [[-88.1128826, 41.7598298], [-88.1128403, 41.759831], [-88.1112065, 41.7598638], [-88.1110569, 41.7598623], [-88.1109001, 41.7598503], [-88.1107371, 41.7598218], [-88.1105869, 41.7597772], [-88.1104736, 41.7597407], [-88.1103086, 41.7596662], [-88.110266, 41.7596417]]}}, {"type": "Feature", "id": 878972250, "properties": {"osm_id": 878972250, "osm_type": "way", "highway": "footway"}, "geometry": {"type": "LineString", "coordinates": [[-88.1127215, 41.7649276], [-88.1125805, 41.7649555], [-88.112502, 41.764979], [-88.1124759, 41.7649911]]}}, {"type": "Feature", "id": 878972251, "properties": {"osm_id": 878972251, "osm_type": "way", "highway": "footway"}, "geometry": {"type": "LineString", "coordinates": [[-88.1128307, 41.7649669], [-88.1127528, 41.764939], [-88.1127215, 41.7649276], [-88.1126951, 41.764918], [-88.1126221, 41.7649005], [-88.1125657, 41.764895], [-88.1125201, 41.7648975], [-88.1124792, 41.764896], [-88.1124417, 41.7648865], [-88.1124061, 41.764867], [-88.1123739, 41.76484], [-88.1123478, 41.764799], [-88.1123411, 41.764772], [-88.1123102, 41.7647595]]}}, {"type": "Feature", "id": 878972252, "properties": {"osm_id": 878972252, "osm_type": "way", "highway": "footway"}, "geometry": {"type": "LineString", "coordinates": [[-88.1130188, 41.7638246], [-88.1128152, 41.7638312], [-88.1126797, 41.7638282], [-88.1125604, 41.7638152], [-88.1124182, 41.7637887], [-88.112268, 41.7637427], [-88.1121406, 41.7636716], [-88.1120387, 41.7636051]]}}, {"type": "Feature", "id": 878972253, "properties": {"osm_id": 878972253, "osm_type": "way", "highway": "footway"}, "geometry": {"type": "LineString", "coordinates": [[-88.1130177, 41.7637927], [-88.1130188, 41.7638246], [-88.1130251, 41.7639987], [-88.113019, 41.7640778], [-88.1129949, 41.7642788], [-88.112958, 41.7644374], [-88.1129379, 41.7645154]]}}, {"type": "Feature", "id": 878972254, "properties": {"osm_id": 878972254, "osm_type": "way", "highway": "footway"}, "geometry": {"type": "LineString", "coordinates": [[-88.1130117, 41.7636655], [-88.113014, 41.7637279], [-88.1130177, 41.7637927]]}}, {"type": "Feature", "id": 878972255, "properties": {"osm_id": 878972255, "osm_type": "way", "highway": "footway"}, "geometry": {"type": "LineString", "coordinates": [[-88.1121735, 41.7634353], [-88.1122123, 41.7634561], [-88.1123203, 41.7635171], [-88.1124397, 41.7635736], [-88.1125744, 41.7636141], [-88.1126663, 41.7636241], [-88.1128091, 41.7636296], [-88.1130103, 41.7636281]]}}, {"type": "Feature", "id": 878972256, "properties": {"osm_id": 878972256, "osm_type": "way", "highway": "footway"}, "geometry": {"type": "LineString", "coordinates": [[-88.1095803, 41.7609809], [-88.1095792, 41.7610215], [-88.1095779, 41.7610619]]}}, {"type": "Feature", "id": 878972257, "properties": {"osm_id": 878972257, "osm_type": "way", "highway": "footway"}, "geometry": {"type": "LineString", "coordinates": [[-88.1095771, 41.7610987], [-88.10914392753799, 41.76110563675875]]}}, {"type": "Feature", "id": 878972258, "properties": {"osm_id": 878972258, "osm_type": "way", "highway": "footway"}, "geometry": {"type": "LineString", "coordinates": [[-88.1120822, 41.7635678], [-88.1120387, 41.7636051], [-88.111924, 41.7636571], [-88.1118536, 41.7636871], [-88.1117946, 41.7637011], [-88.1116477, 41.7637492], [-88.1114962, 41.7637707], [-88.1110845, 41.7637817], [-88.1105883, 41.7637922], [-88.1105044, 41.7638032], [-88.1104595, 41.7638172], [-88.1104139, 41.7638452], [-88.1103522, 41.7638732], [-88.1102879, 41.7638787], [-88.1102168, 41.7638682], [-88.1101618, 41.7638497], [-88.1101216, 41.7638192], [-88.110088, 41.7637802], [-88.1100719, 41.7637367], [-88.1100706, 41.7637041], [-88.110082, 41.7636716], [-88.1101008, 41.7636476], [-88.1101242, 41.7636181], [-88.1101377, 41.7635941], [-88.110141, 41.7635661], [-88.1101303, 41.763405], [-88.1101048, 41.7633075], [-88.1100693, 41.7632275], [-88.1100116, 41.7631475], [-88.1099251, 41.7630539], [-88.1098292, 41.7629504], [-88.1097816, 41.7628949], [-88.109732, 41.7628248], [-88.1096998, 41.7627533], [-88.109671, 41.7626678], [-88.1096555, 41.7624882], [-88.1096267, 41.761944], [-88.1096026, 41.7614309], [-88.1095771, 41.7610987], [-88.1095779, 41.7610619]]}}, {"type": "Feature", "id": 878972259, "properties": {"osm_id": 878972259, "osm_type": "way", "highway": "footway"}, "geometry": {"type": "LineString", "coordinates": [[-88.1121719, 41.7634908], [-88.1121293, 41.7635273], [-88.1120822, 41.7635678]]}}, {"type": "Feature", "id": 878972260, "properties": {"osm_id": 878972260, "osm_type": "way", "highway": "footway"}, "geometry": {"type": "LineString", "coordinates": [[-88.1121735, 41.7634353], [-88.1121145, 41.7634036], [-88.1120798, 41.7633851]]}}, {"type": "Feature", "id": 878972261, "properties": {"osm_id": 878972261, "osm_type": "way", "highway": "footway"}, "geometry": {"type": "LineString", "coordinates": [[-88.1123371, 41.7607931], [-88.1123223, 41.7608596], [-88.1123183, 41.7609472], [-88.112321, 41.7611463], [-88.1123532, 41.761716], [-88.1123793, 41.7624352], [-88.112386, 41.7627018], [-88.1123921, 41.7628574], [-88.11239, 41.7630714], [-88.1123786, 41.7631615], [-88.1123572, 41.763222], [-88.1123109, 41.763327], [-88.1122646, 41.7633895], [-88.1122123, 41.7634561], [-88.1121719, 41.7634908]]}}, {"type": "Feature", "id": 878972262, "properties": {"osm_id": 878972262, "osm_type": "way", "highway": "footway"}, "geometry": {"type": "LineString", "coordinates": [[-88.1108297, 41.7607691], [-88.1108632, 41.7614664], [-88.1108699, 41.7617225], [-88.1108116, 41.761754], [-88.110776, 41.7618], [-88.110764, 41.761837], [-88.1107754, 41.7619005], [-88.1108096, 41.7619485], [-88.1108645, 41.7619886], [-88.1109235, 41.7620056], [-88.1109758, 41.7620141], [-88.1110395, 41.7620086], [-88.1110979, 41.7619931], [-88.1111361, 41.7619691], [-88.1111636, 41.761947], [-88.1111817, 41.7619225], [-88.1111938, 41.7618905], [-88.1112025, 41.761858], [-88.1112052, 41.761833], [-88.1111924, 41.7617995], [-88.1111784, 41.761767], [-88.1111616, 41.7617455], [-88.1111341, 41.7617285], [-88.1111006, 41.7617095], [-88.1110838, 41.7616925], [-88.1110825, 41.7616484], [-88.1110664, 41.7612173], [-88.1110429, 41.7607651]]}}, {"type": "Feature", "id": 878972263, "properties": {"osm_id": 878972263, "osm_type": "way", "highway": "footway"}, "geometry": {"type": "LineString", "coordinates": [[-88.1108297, 41.7607691], [-88.1109355, 41.7607671], [-88.1110429, 41.7607651]]}}, {"type": "Feature", "id": 878972264, "properties": {"osm_id": 878972264, "osm_type": "way", "highway": "footway"}, "geometry": {"type": "LineString", "coordinates": [[-88.1097903, 41.7607931], [-88.1106305, 41.7607741], [-88.1108297, 41.7607691]]}}, {"type": "Feature", "id": 878972265, "properties": {"osm_id": 878972265, "osm_type": "way", "highway": "footway"}, "geometry": {"type": "LineString", "coordinates": [[-88.1103576, 41.7636356], [-88.1103496, 41.7634531], [-88.1103382, 41.7633565], [-88.1103194, 41.7632925], [-88.1102879, 41.76321], [-88.1102389, 41.7631184], [-88.1101725, 41.7630324], [-88.1100773, 41.7629384], [-88.1099673, 41.7628163], [-88.1099157, 41.7627348], [-88.1098949, 41.7626783], [-88.1098775, 41.7626223], [-88.1098694, 41.7624957], [-88.1098567, 41.7622151], [-88.1098299, 41.7617185], [-88.1098064, 41.7611933], [-88.1097903, 41.7607931]]}}, {"type": "Feature", "id": 878972266, "properties": {"osm_id": 878972266, "osm_type": "way", "highway": "footway"}, "geometry": {"type": "LineString", "coordinates": [[-88.1121855, 41.7628644], [-88.1117691, 41.7628794], [-88.1115096, 41.7628784], [-88.1114023, 41.7628759], [-88.111346, 41.7628769], [-88.1113138, 41.7628889], [-88.1112581, 41.7629134], [-88.1112038, 41.7629234], [-88.1111455, 41.7629264], [-88.1110878, 41.7629174], [-88.1110489, 41.7628999], [-88.1110201, 41.7628809], [-88.1109926, 41.7628519], [-88.1109705, 41.7628223], [-88.1109611, 41.7627878], [-88.1109658, 41.7627503], [-88.1109752, 41.7627183], [-88.1109859, 41.7626883], [-88.1110181, 41.7626508], [-88.1110483, 41.7626318], [-88.1111059, 41.7626163], [-88.111167, 41.7626053], [-88.1112233, 41.7626078], [-88.1112541, 41.7626133], [-88.1112877, 41.7626243], [-88.1113071, 41.7626393], [-88.1113265, 41.7626628], [-88.1113426, 41.7626923], [-88.1113587, 41.7627063], [-88.1113902, 41.7627173], [-88.1114372, 41.7627218], [-88.1115277, 41.7627183], [-88.112036, 41.7627078], [-88.1121802, 41.7627058]]}}, {"type": "Feature", "id": 878972267, "properties": {"osm_id": 878972267, "osm_type": "way", "highway": "footway"}, "geometry": {"type": "LineString", "coordinates": [[-88.1121855, 41.7628644], [-88.1122885, 41.7628609], [-88.1123921, 41.7628574]]}}, {"type": "Feature", "id": 878972268, "properties": {"osm_id": 878972268, "osm_type": "way", "highway": "footway"}, "geometry": {"type": "LineString", "coordinates": [[-88.1121802, 41.7627058], [-88.112282, 41.7627038], [-88.112386, 41.7627018]]}}, {"type": "Feature", "id": 878972269, "properties": {"osm_id": 878972269, "osm_type": "way", "highway": "footway"}, "geometry": {"type": "LineString", "coordinates": [[-88.1121855, 41.7628644], [-88.1121969, 41.7629804], [-88.1121963, 41.7630164], [-88.1121828, 41.7630989], [-88.1121513, 41.763191], [-88.1121044, 41.763291], [-88.1120354, 41.7633613], [-88.1119817, 41.763416], [-88.1118798, 41.7634836], [-88.1117322, 41.7635536], [-88.1115747, 41.7635931], [-88.1114432, 41.7636096], [-88.1108404, 41.7636256], [-88.1103576, 41.7636356]]}}, {"type": "Feature", "id": 878972270, "properties": {"osm_id": 878972270, "osm_type": "way", "highway": "footway"}, "geometry": {"type": "LineString", "coordinates": [[-88.1121802, 41.7627058], [-88.1121825, 41.7627746], [-88.1121855, 41.7628644]]}}, {"type": "Feature", "id": 878972271, "properties": {"osm_id": 878972271, "osm_type": "way", "highway": "footway"}, "geometry": {"type": "LineString", "coordinates": [[-88.1121292, 41.7607731], [-88.1121084, 41.7608316], [-88.1121024, 41.7609472], [-88.1121044, 41.7610662], [-88.1121265, 41.7615354], [-88.1121634, 41.7623047], [-88.1121802, 41.7627058]]}}, {"type": "Feature", "id": 878972272, "properties": {"osm_id": 878972272, "osm_type": "way", "highway": "footway"}, "geometry": {"type": "LineString", "coordinates": [[-88.1110429, 41.7607651], [-88.1115331, 41.7607521], [-88.1118342, 41.7607426], [-88.1119595, 41.7607401], [-88.1121292, 41.7607731]]}}, {"type": "Feature", "id": 878972273, "properties": {"osm_id": 878972273, "osm_type": "way", "highway": "footway"}, "geometry": {"type": "LineString", "coordinates": [[-88.1123371, 41.7607931], [-88.1122226, 41.7607818], [-88.1121292, 41.7607731]]}}, {"type": "Feature", "id": 878972274, "properties": {"osm_id": 878972274, "osm_type": "way", "highway": "footway"}, "geometry": {"type": "LineString", "coordinates": [[-88.1095811, 41.7609537], [-88.10913885423336, 41.760957118566445]]}}, {"type": "Feature", "id": 878972275, "properties": {"osm_id": 878972275, "osm_type": "way", "highway": "footway"}, "geometry": {"type": "LineString", "coordinates": [[-88.1134803, 41.7573935], [-88.1134623, 41.7574173], [-88.113365, 41.7575964], [-88.1132631, 41.7578124], [-88.1132021, 41.7580105], [-88.1131756, 41.7581114], [-88.1131617, 41.7581452]]}}, {"type": "Feature", "id": 878972276, "properties": {"osm_id": 878972276, "osm_type": "way", "highway": "footway"}, "geometry": {"type": "LineString", "coordinates": [[-88.1131617, 41.7581452], [-88.1131547, 41.7581802], [-88.1131422, 41.7582426]]}}, {"type": "Feature", "id": 878972277, "properties": {"osm_id": 878972277, "osm_type": "way", "highway": "footway"}, "geometry": {"type": "LineString", "coordinates": [[-88.1162786, 41.7582686], [-88.1160687, 41.7582811], [-88.1158608, 41.7582881], [-88.1153425, 41.7582916], [-88.1148966, 41.7582766], [-88.1145351, 41.7582591], [-88.1141348, 41.7582241], [-88.1135219, 41.7581451], [-88.1131756, 41.7581114], [-88.1131229, 41.7581032]]}}, {"type": "Feature", "id": 878972278, "properties": {"osm_id": 878972278, "osm_type": "way", "highway": "footway"}, "geometry": {"type": "LineString", "coordinates": [[-88.1128779, 41.75806], [-88.1129189, 41.7580684], [-88.1130794, 41.7580955], [-88.1131229, 41.7581032]]}}, {"type": "Feature", "id": 878972279, "properties": {"osm_id": 878972279, "osm_type": "way", "highway": "footway"}, "geometry": {"type": "LineString", "coordinates": [[-88.1128779, 41.75806], [-88.1128521, 41.758058], [-88.1127421, 41.7580455], [-88.1126288, 41.7580215], [-88.1125148, 41.75799], [-88.1122814, 41.757909], [-88.1121393, 41.757841], [-88.1120105, 41.7577639], [-88.1118214, 41.7576289], [-88.1116759, 41.7574658], [-88.1115136, 41.7572747], [-88.1111368, 41.756783], [-88.111008, 41.7566179], [-88.110953, 41.7565559], [-88.1108183, 41.7564459], [-88.1107398, 41.7563788]]}}, {"type": "Feature", "id": 878972280, "properties": {"osm_id": 878972280, "osm_type": "way", "highway": "footway"}, "geometry": {"type": "LineString", "coordinates": [[-88.1128151, 41.7581939], [-88.1128307, 41.7581366], [-88.1128431, 41.7580909]]}}, {"type": "Feature", "id": 878972282, "properties": {"osm_id": 878972282, "osm_type": "way", "highway": "footway"}, "geometry": {"type": "LineString", "coordinates": [[-88.1127914, 41.7588893], [-88.1127884, 41.7588484], [-88.1127843, 41.7585477], [-88.1127924, 41.7584107], [-88.1128078, 41.7582279], [-88.1128151, 41.7581939]]}}, {"type": "Feature", "id": 878972283, "properties": {"osm_id": 878972283, "osm_type": "way", "highway": "footway"}, "geometry": {"type": "LineString", "coordinates": [[-88.1127971, 41.7590074], [-88.1126267, 41.7590144], [-88.1124014, 41.7590104], [-88.1123612, 41.7590104], [-88.1123116, 41.7590204], [-88.1122553, 41.759053], [-88.1122063, 41.7590675], [-88.1121527, 41.759074], [-88.112103, 41.759073], [-88.1120487, 41.759061], [-88.1119777, 41.7590264], [-88.1119495, 41.7589949], [-88.1119401, 41.7589629], [-88.1119361, 41.7589204], [-88.1119421, 41.7588789], [-88.1119656, 41.7588349], [-88.1119904, 41.7588034], [-88.1120226, 41.7587733], [-88.112101, 41.7587593], [-88.1121815, 41.7587588], [-88.1122405, 41.7587768], [-88.1122814, 41.7587994], [-88.112323, 41.7588289], [-88.1123572, 41.7588439], [-88.1124202, 41.7588509], [-88.1127884, 41.7588484], [-88.1128393, 41.7588485]]}}, {"type": "Feature", "id": 878972284, "properties": {"osm_id": 878972284, "osm_type": "way", "highway": "footway"}, "geometry": {"type": "LineString", "coordinates": [[-88.1127914, 41.7588893], [-88.1127946, 41.7589304], [-88.1127962, 41.7589814]]}}, {"type": "Feature", "id": 878972285, "properties": {"osm_id": 878972285, "osm_type": "way", "highway": "footway"}, "geometry": {"type": "LineString", "coordinates": [[-88.11308, 41.7588377], [-88.1130432, 41.7588419], [-88.1129637, 41.758851]]}}, {"type": "Feature", "id": 878972286, "properties": {"osm_id": 878972286, "osm_type": "way", "highway": "footway"}, "geometry": {"type": "LineString", "coordinates": [[-88.1110798, 41.7570251], [-88.1112964, 41.7573177], [-88.1114566, 41.7575243], [-88.111572, 41.7576584], [-88.1117269, 41.7577894], [-88.1118818, 41.757901], [-88.1120601, 41.757998], [-88.1122385, 41.7580761], [-88.1124306, 41.7581511], [-88.1125446, 41.7581831], [-88.1126864, 41.7582134], [-88.1128078, 41.7582279], [-88.112846, 41.7582317]]}}, {"type": "Feature", "id": 878972287, "properties": {"osm_id": 878972287, "osm_type": "way", "highway": "footway"}, "geometry": {"type": "LineString", "coordinates": [[-88.1131034, 41.7582706], [-88.1130467, 41.7582621], [-88.1128925, 41.7582388], [-88.112846, 41.7582317]]}}, {"type": "Feature", "id": 878972288, "properties": {"osm_id": 878972288, "osm_type": "way", "highway": "footway"}, "geometry": {"type": "LineString", "coordinates": [[-88.1131034, 41.7582706], [-88.1131374, 41.7582741], [-88.1136366, 41.7583247], [-88.1141107, 41.7583817], [-88.1146692, 41.7584297], [-88.1151152, 41.7584477], [-88.1155182, 41.7584567], [-88.1159218, 41.7584502], [-88.1162927, 41.7584337]]}}, {"type": "Feature", "id": 878972290, "properties": {"osm_id": 878972290, "osm_type": "way", "highway": "footway"}, "geometry": {"type": "LineString", "coordinates": [[-88.1131356, 41.7588313], [-88.1131276, 41.7586563], [-88.1131263, 41.7584877], [-88.1131337, 41.7583872], [-88.1131374, 41.7582741], [-88.1131422, 41.7582426]]}}, {"type": "Feature", "id": 878972291, "properties": {"osm_id": 878972291, "osm_type": "way", "highway": "footway"}, "geometry": {"type": "LineString", "coordinates": [[-88.1131424, 41.7590109], [-88.113141, 41.7589701], [-88.1131403, 41.7589505]]}}, {"type": "Feature", "id": 878972293, "properties": {"osm_id": 878972293, "osm_type": "way", "highway": "footway"}, "geometry": {"type": "LineString", "coordinates": [[-88.1131757, 41.7596627], [-88.1131752, 41.7596512], [-88.1131665, 41.7595196], [-88.1131424, 41.7590109]]}}, {"type": "Feature", "id": 878972294, "properties": {"osm_id": 878972294, "osm_type": "way", "highway": "footway"}, "geometry": {"type": "LineString", "coordinates": [[-88.1131804, 41.7597932], [-88.113178, 41.7597267], [-88.1131757, 41.7596627]]}}, {"type": "Feature", "id": 878972295, "properties": {"osm_id": 878972295, "osm_type": "way", "highway": "footway"}, "geometry": {"type": "LineString", "coordinates": [[-88.113222, 41.7607167], [-88.1132209, 41.7606701], [-88.1132021, 41.7601599], [-88.1131804, 41.7597932]]}}, {"type": "Feature", "id": 878972296, "properties": {"osm_id": 878972296, "osm_type": "way", "highway": "footway"}, "geometry": {"type": "LineString", "coordinates": [[-88.1128771, 41.7607203], [-88.1128769, 41.7606961], [-88.1128621, 41.76037], [-88.1128521, 41.7600613], [-88.1128403, 41.759831], [-88.1128386, 41.7597974]]}}, {"type": "Feature", "id": 878972297, "properties": {"osm_id": 878972297, "osm_type": "way", "highway": "footway"}, "geometry": {"type": "LineString", "coordinates": [[-88.1128811, 41.7608114], [-88.1128836, 41.7608481], [-88.1128916, 41.7610217], [-88.1129164, 41.7615814], [-88.1129399, 41.7621861], [-88.1129667, 41.7626818], [-88.1129855, 41.763184], [-88.1130103, 41.7636281], [-88.1130117, 41.7636655]]}}, {"type": "Feature", "id": 878972298, "properties": {"osm_id": 878972298, "osm_type": "way", "highway": "footway"}, "geometry": {"type": "LineString", "coordinates": [[-88.1128836, 41.7608481], [-88.1127904, 41.7608511], [-88.1126972, 41.7608481], [-88.1126221, 41.7608466], [-88.1125349, 41.7608351], [-88.1124363, 41.7608141], [-88.1123371, 41.7607931]]}}, {"type": "Feature", "id": 878972299, "properties": {"osm_id": 878972299, "osm_type": "way", "highway": "footway"}, "geometry": {"type": "LineString", "coordinates": [[-88.1128771, 41.7607203], [-88.1128791, 41.7607659], [-88.1128811, 41.7608114]]}}, {"type": "Feature", "id": 878972300, "properties": {"osm_id": 878972300, "osm_type": "way", "highway": "footway"}, "geometry": {"type": "LineString", "coordinates": [[-88.1129157, 41.7606906], [-88.1128769, 41.7606961], [-88.1128065, 41.7607041], [-88.1127562, 41.7607016], [-88.1126884, 41.7606886], [-88.1126127, 41.7606836], [-88.1125215, 41.7606731], [-88.1122955, 41.7606151], [-88.1121942, 41.7606026], [-88.1121051, 41.7605905], [-88.1119475, 41.760585], [-88.111861, 41.760581], [-88.1114265, 41.7605935], [-88.1107834, 41.7606126], [-88.1098547, 41.7606326], [-88.1098077, 41.7605976], [-88.1097642, 41.7605745], [-88.1096984, 41.760559], [-88.1096381, 41.760555], [-88.1095657, 41.760566], [-88.1095181, 41.7605976], [-88.1094852, 41.7606391], [-88.1094644, 41.7606831], [-88.1094638, 41.7607266], [-88.1094812, 41.7607781], [-88.1094973, 41.7608001], [-88.1095389, 41.7608386], [-88.1095751, 41.7608546], [-88.1095905, 41.7608606], [-88.1095811, 41.7609537], [-88.1095803, 41.7609809]]}}, {"type": "Feature", "id": 878972301, "properties": {"osm_id": 878972301, "osm_type": "way", "crossing": "unmarked", "highway": "footway"}, "geometry": {"type": "LineString", "coordinates": [[-88.1131859, 41.7606815], [-88.1131279, 41.7606803], [-88.1129653, 41.7606835], [-88.1129157, 41.7606906]]}}, {"type": "Feature", "id": 878972304, "properties": {"osm_id": 878972304, "osm_type": "way", "highway": "footway"}, "geometry": {"type": "LineString", "coordinates": [[-88.1132228, 41.7608117], [-88.1132256, 41.7608386], [-88.1132557, 41.7614899], [-88.1132846, 41.7620876], [-88.1133007, 41.7625122], [-88.1133201, 41.7627788], [-88.1133171, 41.762799]]}}, {"type": "Feature", "id": 878972305, "properties": {"osm_id": 878972305, "osm_type": "way", "crossing": "unmarked", "highway": "footway"}, "geometry": {"type": "LineString", "coordinates": [[-88.1162933, 41.7626918], [-88.1162792, 41.7624592], [-88.1162524, 41.761875], [-88.1162363, 41.7616749], [-88.1161585, 41.7614629], [-88.1160298, 41.7612038], [-88.115944, 41.7610637], [-88.1158581, 41.7609757], [-88.115724, 41.7608912], [-88.1156238, 41.7608436], [-88.1155001, 41.7608054], [-88.1153673, 41.7607854], [-88.1149901, 41.7607261], [-88.1147088, 41.7606806], [-88.1144862, 41.7606603], [-88.1143424, 41.7606513], [-88.1142542, 41.7606486], [-88.1141916, 41.7606504], [-88.1132209, 41.7606701], [-88.1131859, 41.7606815]]}}, {"type": "Feature", "id": 878972306, "properties": {"osm_id": 878972306, "osm_type": "way", "highway": "footway"}, "geometry": {"type": "LineString", "coordinates": [[-88.1132228, 41.7608117], [-88.1132224, 41.7607605], [-88.113222, 41.7607167]]}}, {"type": "Feature", "id": 878972307, "properties": {"osm_id": 878972307, "osm_type": "way", "highway": "footway"}, "geometry": {"type": "LineString", "coordinates": [[-88.1160714, 41.7627038], [-88.11606, 41.7623927], [-88.1160258, 41.7617595], [-88.1160104, 41.761687], [-88.1159855, 41.7615879], [-88.1159359, 41.7614779], [-88.1158246, 41.7612648], [-88.1157676, 41.7611583], [-88.1157193, 41.7611022], [-88.1156523, 41.7610482], [-88.1155718, 41.7610017], [-88.1154954, 41.7609747], [-88.1154069, 41.7609542], [-88.1152057, 41.7609227], [-88.1146156, 41.7608276], [-88.1144855, 41.7608176], [-88.1143165, 41.7608151], [-88.1139907, 41.7608211], [-88.1132256, 41.7608386]]}}, {"type": "Feature", "id": 878972308, "properties": {"osm_id": 878972308, "osm_type": "way", "highway": "footway"}, "geometry": {"type": "LineString", "coordinates": [[-88.1177545, 41.7626323], [-88.1175245, 41.7626663], [-88.1172281, 41.7626958], [-88.1169619, 41.7627068], [-88.1164556, 41.7626878], [-88.1162933, 41.7626918]]}}, {"type": "Feature", "id": 878972309, "properties": {"osm_id": 878972309, "osm_type": "way", "highway": "footway"}, "geometry": {"type": "LineString", "coordinates": [[-88.1160714, 41.7627038], [-88.1161758, 41.7626982], [-88.1162933, 41.7626918]]}}, {"type": "Feature", "id": 878972311, "properties": {"osm_id": 878972311, "osm_type": "way", "highway": "footway"}, "geometry": {"type": "LineString", "coordinates": [[-88.1148932, 41.7627423], [-88.1148791, 41.7623722], [-88.1148697, 41.7622632], [-88.1148516, 41.7622096], [-88.114804, 41.7621306], [-88.114741, 41.7620576], [-88.1146639, 41.7620046], [-88.114572, 41.761964], [-88.1144922, 41.7619415], [-88.114393, 41.7619215], [-88.1143085, 41.76192], [-88.1142086, 41.761927], [-88.1141576, 41.761946], [-88.1141167, 41.7619991], [-88.1140671, 41.7620501], [-88.1139994, 41.7620826], [-88.1139001, 41.7620936], [-88.1138197, 41.7620786], [-88.1137553, 41.7620406], [-88.1137157, 41.7619871], [-88.1137057, 41.761933], [-88.1137137, 41.7618855], [-88.1137439, 41.761825], [-88.1138049, 41.7617875], [-88.1138726, 41.761774], [-88.1143843, 41.7617575], [-88.1145472, 41.7617785], [-88.1147014, 41.7618245], [-88.1148979, 41.761942], [-88.1150146, 41.7620686], [-88.1150602, 41.7621481], [-88.1150857, 41.7622266], [-88.1150964, 41.7623227], [-88.1151078, 41.7625513], [-88.1151152, 41.7627383]]}}, {"type": "Feature", "id": 878972312, "properties": {"osm_id": 878972312, "osm_type": "way", "highway": "footway"}, "geometry": {"type": "LineString", "coordinates": [[-88.1151152, 41.7627383], [-88.1155322, 41.7627278], [-88.1160714, 41.7627038]]}}, {"type": "Feature", "id": 878972313, "properties": {"osm_id": 878972313, "osm_type": "way", "highway": "footway"}, "geometry": {"type": "LineString", "coordinates": [[-88.1148932, 41.7627423], [-88.1150016, 41.7627404], [-88.1151152, 41.7627383]]}}, {"type": "Feature", "id": 878972314, "properties": {"osm_id": 878972314, "osm_type": "way", "highway": "footway"}, "geometry": {"type": "LineString", "coordinates": [[-88.1143675, 41.7644944], [-88.1143333, 41.7641748], [-88.1143078, 41.7639657], [-88.1142931, 41.7639137], [-88.1142699, 41.7638877], [-88.114228, 41.7638534], [-88.1141871, 41.7638369], [-88.1141358, 41.7638204], [-88.1140802, 41.7638184], [-88.1140168, 41.7638292], [-88.1139672, 41.7638512], [-88.1139293, 41.7638777], [-88.1139072, 41.7639017], [-88.1138911, 41.7639252], [-88.1138803, 41.7639567], [-88.113876, 41.7639875], [-88.113886, 41.764032], [-88.1139025, 41.764064], [-88.113928, 41.7640913], [-88.1139689, 41.7641138], [-88.1140034, 41.7641273], [-88.114048, 41.7641358], [-88.1140892, 41.7641413], [-88.114107, 41.7641433], [-88.1141362, 41.7644071], [-88.1141502, 41.7645074]]}}, {"type": "Feature", "id": 878972315, "properties": {"osm_id": 878972315, "osm_type": "way", "highway": "footway"}, "geometry": {"type": "LineString", "coordinates": [[-88.1141502, 41.7645074], [-88.1141556, 41.7645791], [-88.1141624, 41.7646706]]}}, {"type": "Feature", "id": 878972316, "properties": {"osm_id": 878972316, "osm_type": "way", "highway": "footway"}, "geometry": {"type": "LineString", "coordinates": [[-88.1143675, 41.7644944], [-88.1143689, 41.7645655], [-88.1143709, 41.7646599]]}}, {"type": "Feature", "id": 878972317, "properties": {"osm_id": 878972317, "osm_type": "way", "highway": "footway"}, "geometry": {"type": "LineString", "coordinates": [[-88.1141502, 41.7645074], [-88.113876, 41.7645219], [-88.1134351, 41.7645339], [-88.1132866, 41.7645349]]}}, {"type": "Feature", "id": 878972318, "properties": {"osm_id": 878972318, "osm_type": "way", "highway": "footway"}, "geometry": {"type": "LineString", "coordinates": [[-88.1143675, 41.7644944], [-88.1142531, 41.7645012], [-88.1141502, 41.7645074]]}}, {"type": "Feature", "id": 878972319, "properties": {"osm_id": 878972319, "osm_type": "way", "highway": "footway"}, "geometry": {"type": "LineString", "coordinates": [[-88.1174279, 41.7643258], [-88.1174983, 41.7641936], [-88.1175536, 41.7641058], [-88.1176646, 41.7640095], [-88.1177404, 41.7639572], [-88.1178017, 41.763934], [-88.1178631, 41.7639285], [-88.1179218, 41.763936], [-88.1179798, 41.763929], [-88.1180354, 41.7639097], [-88.1180884, 41.7638752], [-88.1181166, 41.7638407], [-88.1181327, 41.7637952], [-88.1181333, 41.7637487], [-88.1181145, 41.7637041], [-88.1180763, 41.7636596], [-88.1180052, 41.7636261], [-88.1179482, 41.7636136], [-88.1178772, 41.7636136], [-88.1178208, 41.7636276], [-88.1177659, 41.7636581], [-88.1177364, 41.7636851], [-88.1177169, 41.7637156], [-88.1177062, 41.7637407], [-88.1176901, 41.7637642], [-88.1176747, 41.7637817], [-88.1176532, 41.7638017], [-88.117617, 41.7638222], [-88.1175593, 41.7638547], [-88.1175124, 41.7638902], [-88.1174333, 41.7639572], [-88.1173709, 41.7640277], [-88.1173106, 41.7641058], [-88.1172663, 41.7641753], [-88.1172328, 41.7642393], [-88.117216, 41.7642823], [-88.1171127, 41.7642758], [-88.1167996, 41.7643008], [-88.116127, 41.7643569], [-88.1152225, 41.7644264], [-88.1143675, 41.7644944]]}}, {"type": "Feature", "id": 878972320, "properties": {"osm_id": 878972320, "osm_type": "way", "highway": "footway"}, "geometry": {"type": "LineString", "coordinates": [[-88.117216, 41.7642823], [-88.1172205, 41.7643561], [-88.1172261, 41.7644491]]}}, {"type": "Feature", "id": 878972321, "properties": {"osm_id": 878972321, "osm_type": "way", "highway": "footway"}, "geometry": {"type": "LineString", "coordinates": [[-88.1174279, 41.7643258], [-88.117322, 41.7642893], [-88.1172811, 41.7642783], [-88.117216, 41.7642823]]}}, {"type": "Feature", "id": 878972322, "properties": {"osm_id": 878972322, "osm_type": "way", "highway": "footway"}, "geometry": {"type": "LineString", "coordinates": [[-88.1173422, 41.7644752], [-88.1173883, 41.7643948], [-88.1174279, 41.7643258]]}}, {"type": "Feature", "id": 878972323, "properties": {"osm_id": 878972323, "osm_type": "way", "highway": "footway"}, "geometry": {"type": "LineString", "coordinates": [[-88.1133252, 41.7629209], [-88.1133254, 41.7629474], [-88.1133349, 41.763238], [-88.1133603, 41.7638077], [-88.1133563, 41.7639817], [-88.1133496, 41.7641018], [-88.1133308, 41.7643058], [-88.1133181, 41.7643979], [-88.1132866, 41.7645349]]}}, {"type": "Feature", "id": 878972324, "properties": {"osm_id": 878972324, "osm_type": "way", "highway": "footway"}, "geometry": {"type": "LineString", "coordinates": [[-88.113247, 41.7646935], [-88.1132691, 41.7646049], [-88.1132866, 41.7645349]]}}, {"type": "Feature", "id": 878972325, "properties": {"osm_id": 878972325, "osm_type": "way", "highway": "footway"}, "geometry": {"type": "LineString", "coordinates": [[-88.1158144, 41.7663768], [-88.1158199, 41.766342], [-88.1158608, 41.7660619], [-88.1158843, 41.7659228], [-88.1159011, 41.7657778], [-88.1158923, 41.7657068], [-88.1158695, 41.7655962], [-88.1158179, 41.7654669], [-88.1157887, 41.7654134]]}}, {"type": "Feature", "id": 878972326, "properties": {"osm_id": 878972326, "osm_type": "way", "highway": "footway"}, "geometry": {"type": "LineString", "coordinates": [[-88.115672, 41.7655113], [-88.1157101, 41.765499], [-88.1157625, 41.7654823]]}}, {"type": "Feature", "id": 878972327, "properties": {"osm_id": 878972327, "osm_type": "way", "highway": "footway"}, "geometry": {"type": "LineString", "coordinates": [[-88.1155877, 41.7654692], [-88.1155714, 41.7654214], [-88.1155616, 41.7653928]]}}, {"type": "Feature", "id": 878972328, "properties": {"osm_id": 878972328, "osm_type": "way", "highway": "footway"}, "geometry": {"type": "LineString", "coordinates": [[-88.1133201, 41.7627788], [-88.1140289, 41.7627628], [-88.1148932, 41.7627423]]}}, {"type": "Feature", "id": 878972329, "properties": {"osm_id": 878972329, "osm_type": "way", "highway": "footway"}, "geometry": {"type": "LineString", "coordinates": [[-88.1133252, 41.7629209], [-88.1133211, 41.76286], [-88.1133171, 41.762799]]}}, {"type": "Feature", "id": 878972330, "properties": {"osm_id": 878972330, "osm_type": "way", "highway": "footway"}, "geometry": {"type": "LineString", "coordinates": [[-88.11990584768054, 41.762725766077615], [-88.1196394, 41.7627033], [-88.1192002, 41.7626483], [-88.118948, 41.7626113], [-88.1188233, 41.7626073], [-88.1187113, 41.7626113], [-88.1185806, 41.7626203], [-88.1184947, 41.7626323], [-88.1180944, 41.7627313], [-88.1177484, 41.7627988], [-88.1175318, 41.7628324], [-88.1173085, 41.7628479], [-88.1170826, 41.7628614], [-88.1168874, 41.7628669], [-88.1167339, 41.7628589], [-88.1164636, 41.7628499], [-88.1163108, 41.7628544], [-88.1161109, 41.7628649], [-88.1159091, 41.7628759], [-88.1150354, 41.7629019], [-88.114232, 41.7629224], [-88.1133254, 41.7629474]]}}, {"type": "Feature", "id": 878972331, "properties": {"osm_id": 878972331, "osm_type": "way", "highway": "footway"}, "geometry": {"type": "LineString", "coordinates": [[-88.1205021927242, 41.763688667977746], [-88.1205004, 41.7636886], [-88.1204313, 41.7636811], [-88.1203763, 41.7636871], [-88.1203415, 41.7637041], [-88.1203086, 41.7637337], [-88.1202905, 41.7637717], [-88.1202516, 41.7638272], [-88.1201986, 41.7638647], [-88.1201363, 41.7638867], [-88.1200652, 41.7638907], [-88.1199968, 41.7638807], [-88.1199498, 41.7638607], [-88.1199022, 41.7638257], [-88.1198761, 41.7637872], [-88.11986, 41.7637387], [-88.1198721, 41.7636846], [-88.1198929, 41.7636446], [-88.1199311, 41.7636071], [-88.1200068, 41.7635791], [-88.1201269, 41.7635551], [-88.1202784, 41.7635346], [-88.12040076545193, 41.763524896157655]]}}, {"type": "Feature", "id": 878972334, "properties": {"osm_id": 878972334, "osm_type": "way", "highway": "footway"}, "geometry": {"type": "LineString", "coordinates": [[-88.1189272, 41.7653624], [-88.1188927, 41.7653246]]}}, {"type": "Feature", "id": 878972336, "properties": {"osm_id": 878972336, "osm_type": "way", "highway": "footway"}, "geometry": {"type": "LineString", "coordinates": [[-88.1187455, 41.7655227], [-88.1186833, 41.7655451], [-88.1186412, 41.7655602]]}}, {"type": "Feature", "id": 878972337, "properties": {"osm_id": 878972337, "osm_type": "way", "highway": "footway"}, "geometry": {"type": "LineString", "coordinates": [[-88.118828, 41.7654822], [-88.1187455, 41.7655227]]}}, {"type": "Feature", "id": 878972338, "properties": {"osm_id": 878972338, "osm_type": "way", "highway": "footway"}, "geometry": {"type": "LineString", "coordinates": [[-88.1189277, 41.7654231], [-88.1188813, 41.7654479], [-88.118828, 41.7654822]]}}, {"type": "Feature", "id": 878972339, "properties": {"osm_id": 878972339, "osm_type": "way", "highway": "footway"}, "geometry": {"type": "LineString", "coordinates": [[-88.1185717, 41.765542], [-88.1186023, 41.7655742], [-88.118661, 41.7656543], [-88.1187073, 41.7656973], [-88.118775, 41.7657483], [-88.1188408, 41.7657663], [-88.118934, 41.7657663], [-88.118991, 41.7657563], [-88.1190439, 41.7657263], [-88.1190741, 41.7656993], [-88.1190922, 41.7656653], [-88.1191009, 41.7656342], [-88.1191003, 41.7656062], [-88.1190942, 41.7655667], [-88.1190761, 41.7655287], [-88.119052, 41.7654987], [-88.1189594, 41.7653977], [-88.1189272, 41.7653624]]}}, {"type": "Feature", "id": 878972340, "properties": {"osm_id": 878972340, "osm_type": "way", "highway": "footway"}, "geometry": {"type": "LineString", "coordinates": [[-88.1185236, 41.7654715], [-88.1185409, 41.7654969], [-88.1185717, 41.765542]]}}, {"type": "Feature", "id": 878972342, "properties": {"osm_id": 878972342, "osm_type": "way", "highway": "footway"}, "geometry": {"type": "LineString", "coordinates": [[-88.113247, 41.7646935], [-88.1134113, 41.764699], [-88.1136473, 41.7646905], [-88.1141624, 41.7646706], [-88.1143085, 41.7646649], [-88.1143709, 41.7646599], [-88.1148121, 41.7646244], [-88.1158823, 41.7645389], [-88.1169183, 41.7644549], [-88.1170953, 41.7644414], [-88.1171831, 41.7644424], [-88.1172261, 41.7644491], [-88.1172569, 41.7644539], [-88.1173112, 41.7644644], [-88.1173422, 41.7644752], [-88.1173944, 41.7644934], [-88.1174668, 41.7645289], [-88.1175204, 41.7645659], [-88.1175702, 41.7646041], [-88.1176009, 41.7646409], [-88.1176321, 41.7646867], [-88.1176733, 41.7647795], [-88.1176814, 41.7648545], [-88.1176636, 41.764972], [-88.1176203, 41.7651351], [-88.1175513, 41.7654367], [-88.1175408, 41.765473]]}}, {"type": "Feature", "id": 878972343, "properties": {"osm_id": 878972343, "osm_type": "way", "highway": "footway"}, "geometry": {"type": "LineString", "coordinates": [[-88.1175408, 41.765473], [-88.1175307, 41.7655108], [-88.1175194, 41.765553]]}}, {"type": "Feature", "id": 878972344, "properties": {"osm_id": 878972344, "osm_type": "way", "highway": "footway"}, "geometry": {"type": "LineString", "coordinates": [[-88.1157625, 41.7654823], [-88.1158179, 41.7654669], [-88.1159654, 41.7654312], [-88.1160801, 41.7654097], [-88.116184, 41.7654147], [-88.1165126, 41.7654572], [-88.1170403, 41.7655337], [-88.1175124, 41.7655947], [-88.1179094, 41.7656553], [-88.1180321, 41.7656608], [-88.1181467, 41.7656573], [-88.1182547, 41.7656512], [-88.1183593, 41.7656387], [-88.1184787, 41.7656117], [-88.1186023, 41.7655742], [-88.1186412, 41.7655602]]}}, {"type": "Feature", "id": 878972345, "properties": {"osm_id": 878972345, "osm_type": "way", "highway": "footway"}, "geometry": {"type": "LineString", "coordinates": [[-88.1174279, 41.7643258], [-88.1174943, 41.7643539], [-88.1175741, 41.7643909], [-88.1176606, 41.7644419], [-88.117725, 41.7645024], [-88.11779, 41.7645669], [-88.1178296, 41.7646254], [-88.1178571, 41.7646765], [-88.1178819, 41.7647505], [-88.1178946, 41.7648165], [-88.1178993, 41.764886], [-88.117851, 41.7650906], [-88.1177806, 41.7653932], [-88.1177645, 41.7654672], [-88.1177559, 41.7655029]]}}, {"type": "Feature", "id": 878972346, "properties": {"osm_id": 878972346, "osm_type": "way", "highway": "footway"}, "geometry": {"type": "LineString", "coordinates": [[-88.117604, 41.7654439], [-88.1176468, 41.7654501], [-88.1177206, 41.7654608]]}}, {"type": "Feature", "id": 878972347, "properties": {"osm_id": 878972347, "osm_type": "way", "highway": "footway"}, "geometry": {"type": "LineString", "coordinates": [[-88.1129672, 41.7654992], [-88.1130331, 41.7654982], [-88.1138968, 41.7654697], [-88.1147678, 41.7654417], [-88.1148677, 41.7654372], [-88.1149884, 41.7654272], [-88.1151225, 41.7654147], [-88.1152909, 41.7653892], [-88.1154364, 41.7653582], [-88.1155349, 41.7653317], [-88.1156476, 41.7653016], [-88.1157421, 41.7652741], [-88.1158454, 41.7652516], [-88.1159487, 41.7652421], [-88.1160593, 41.7652371], [-88.1162243, 41.7652576], [-88.1175513, 41.7654367], [-88.117604, 41.7654439]]}}, {"type": "Feature", "id": 878972353, "properties": {"osm_id": 878972353, "osm_type": "way", "highway": "footway"}, "geometry": {"type": "LineString", "coordinates": [[-88.1129379, 41.7645154], [-88.1129266, 41.7645625], [-88.1129158, 41.7646079], [-88.1128702, 41.764795], [-88.1128307, 41.7649669], [-88.1128091, 41.7650606], [-88.1126971, 41.7655055]]}}, {"type": "Feature", "id": 878972355, "properties": {"osm_id": 878972355, "osm_type": "way", "highway": "footway"}, "geometry": {"type": "LineString", "coordinates": [[-88.1130311, 41.7655587], [-88.1130331, 41.7654982], [-88.1130432, 41.7654857], [-88.113078, 41.7653667], [-88.1132188, 41.7648215], [-88.113247, 41.7646935]]}}, {"type": "Feature", "id": 878972356, "properties": {"osm_id": 878972356, "osm_type": "way", "highway": "footway"}, "geometry": {"type": "LineString", "coordinates": [[-88.1130115, 41.7656373], [-88.1130216, 41.7655967], [-88.1130311, 41.7655587]]}}, {"type": "Feature", "id": 878972357, "properties": {"osm_id": 878972357, "osm_type": "way", "highway": "footway"}, "geometry": {"type": "LineString", "coordinates": [[-88.1129969, 41.7656958], [-88.1136835, 41.7656763], [-88.1141395, 41.7656628], [-88.1147967, 41.7656412], [-88.1149911, 41.7656292], [-88.1151675, 41.7656112], [-88.1153753, 41.7655827], [-88.1156178, 41.7655237], [-88.115672, 41.7655113]]}}, {"type": "Feature", "id": 889464008, "properties": {"osm_id": 889464008, "osm_type": "way", "highway": "service"}, "geometry": {"type": "LineString", "coordinates": [[-88.0965338, 41.7553258], [-88.096755, 41.7552819], [-88.0970031, 41.755256], [-88.0975158, 41.7552295]]}}, {"type": "Feature", "id": 894139883, "properties": {"osm_id": 894139883, "osm_type": "way", "highway": "service"}, "geometry": {"type": "LineString", "coordinates": [[-88.1099222, 41.7548085], [-88.1098924, 41.7548311], [-88.1098739, 41.7548596], [-88.109869, 41.7548911], [-88.1098779, 41.7549221], [-88.1098999, 41.7549492], [-88.1099325, 41.7549696], [-88.1099721, 41.7549809], [-88.1100146, 41.7549821], [-88.1100553, 41.7549729], [-88.1100898, 41.7549543], [-88.1101143, 41.7549283], [-88.1101262, 41.7548979], [-88.1101242, 41.7548662], [-88.1101085, 41.7548367], [-88.1100808, 41.7548126], [-88.1100441, 41.7547965], [-88.1100024, 41.7547902], [-88.1099602, 41.7547944], [-88.1099222, 41.7548085]]}}, {"type": "Feature", "id": 896303286, "properties": {"osm_id": 896303286, "osm_type": "way", "highway": "footway"}, "geometry": {"type": "LineString", "coordinates": [[-88.1118993, 41.7783525], [-88.11194814495306, 41.778455268303865]]}}, {"type": "Feature", "id": 896303287, "properties": {"osm_id": 896303287, "osm_type": "way", "highway": "footway"}, "geometry": {"type": "LineString", "coordinates": [[-88.1114607, 41.7779637], [-88.1114596, 41.7779956], [-88.111458, 41.7780442]]}}, {"type": "Feature", "id": 906496606, "properties": {"osm_id": 906496606, "osm_type": "way", "highway": "service"}, "geometry": {"type": "LineString", "coordinates": [[-88.094235, 41.744658], [-88.0940888, 41.7447713], [-88.094011, 41.7448316], [-88.0940191, 41.7450837]]}}, {"type": "Feature", "id": 906496607, "properties": {"osm_id": 906496607, "osm_type": "way", "highway": "service"}, "geometry": {"type": "LineString", "coordinates": [[-88.094011, 41.7448316], [-88.0937598, 41.7448309], [-88.0937092, 41.7448424], [-88.0936713, 41.7448653], [-88.0936613, 41.744895], [-88.0936685, 41.7450871]]}}, {"type": "Feature", "id": 914403635, "properties": {"osm_id": 914403635, "osm_type": "way", "highway": "footway"}, "geometry": {"type": "LineString", "coordinates": [[-88.10358867370923, 41.75174166581275], [-88.1035891, 41.7517447], [-88.1035931, 41.7519798], [-88.1036044, 41.7522433], [-88.1035955, 41.7523001], [-88.1035944, 41.7523172], [-88.1036158, 41.7528786], [-88.1036119, 41.7528978], [-88.1035998, 41.7529242], [-88.1035972, 41.7529314], [-88.1035946, 41.7529386], [-88.1035934, 41.7529439], [-88.1035916, 41.7529522], [-88.1035905, 41.752968]]}}, {"type": "Feature", "id": 914403637, "properties": {"osm_id": 914403637, "osm_type": "way", "crossing": "zebra", "highway": "footway"}, "geometry": {"type": "LineString", "coordinates": [[-88.1034305, 41.7499975], [-88.1034322, 41.7500355], [-88.103435, 41.7500999]]}}, {"type": "Feature", "id": 924605110, "properties": {"osm_id": 924605110, "osm_type": "way", "highway": "footway"}, "geometry": {"type": "LineString", "coordinates": [[-88.10429353317335, 41.7375169922912], [-88.1042866, 41.737515], [-88.1042584, 41.7375069], [-88.1042157, 41.7374945], [-88.104181, 41.7374866], [-88.1041409, 41.737477], [-88.1039627, 41.7374299], [-88.1038468, 41.7373948]]}}, {"type": "Feature", "id": 926918000, "properties": {"osm_id": 926918000, "osm_type": "way", "highway": "footway"}, "geometry": {"type": "LineString", "coordinates": [[-88.10580781569408, 41.73996206252702], [-88.1052712, 41.7398019], [-88.1051712, 41.7397583], [-88.1050491, 41.7397002], [-88.1049235, 41.7396329], [-88.1048412, 41.7395781], [-88.1047474, 41.7395094], [-88.1046448, 41.7394223], [-88.1045669, 41.7393437], [-88.1044891, 41.7392552], [-88.1051984567385, 41.738978147422145]]}}, {"type": "Feature", "id": 928046948, "properties": {"osm_id": 928046948, "osm_type": "way", "highway": "footway"}, "geometry": {"type": "LineString", "coordinates": [[-88.10858325290914, 41.74444348447638], [-88.1082631, 41.744452]]}}, {"type": "Feature", "id": 928698288, "properties": {"osm_id": 928698288, "osm_type": "way", "highway": "service"}, "geometry": {"type": "LineString", "coordinates": [[-88.110264, 41.748029], [-88.1100879, 41.7481709]]}}, {"type": "Feature", "id": 928957442, "properties": {"osm_id": 928957442, "osm_type": "way", "highway": "footway"}, "geometry": {"type": "MultiLineString", "coordinates": [[[-88.102605073815, 41.73479068351792], [-88.1022783, 41.7351013], [-88.1019421, 41.7354208], [-88.1018572, 41.7354904], [-88.1017409, 41.7355828], [-88.1023963, 41.7359728], [-88.1026387, 41.7357483], [-88.1027266, 41.735688], [-88.102844, 41.7356277], [-88.1030033, 41.7355806], [-88.10308558801844, 41.73556655655393]], [[-88.1031678097776, 41.735699317761494], [-88.1031195, 41.7357021], [-88.1029997, 41.7357294], [-88.1028523, 41.7357941], [-88.1027361, 41.7358835], [-88.102552, 41.7360617], [-88.1036273, 41.7367022], [-88.10375, 41.7368131], [-88.103809, 41.7368928], [-88.103858, 41.7369839], [-88.1038792, 41.7370583], [-88.1038892, 41.7371507], [-88.1038875, 41.7372299], [-88.1038698, 41.7373188], [-88.1038468, 41.7373948]]]}}, {"type": "Feature", "id": 929741330, "properties": {"osm_id": 929741330, "osm_type": "way", "highway": "service"}, "geometry": {"type": "MultiLineString", "coordinates": [[[-88.0886859, 41.744587], [-88.08864651092227, 41.744586623791044]], [[-88.08863139199906, 41.744299406936975], [-88.0886723, 41.7442962]]]}}, {"type": "Feature", "id": 931172024, "properties": {"osm_id": 931172024, "osm_type": "way", "highway": "secondary", "lanes": "2", "maxspeed": "45 mph", "name": "75th Street", "oneway": "yes"}, "geometry": {"type": "MultiLineString", "coordinates": [[[-88.1036121, 41.7490694], [-88.1037718, 41.7490655], [-88.10720122017979, 41.74899465550163]], [[-88.10957310993727, 41.748944643769825], [-88.1096218, 41.7489436], [-88.11134716936066, 41.74890630416648]]]}}, {"type": "Feature", "id": 936223279, "properties": {"osm_id": 936223279, "osm_type": "way", "highway": "service"}, "geometry": {"type": "MultiLineString", "coordinates": [[[-88.0887104, 41.7451103], [-88.08867363879119, 41.74510197670744]], [[-88.08865364753065, 41.744722199200694], [-88.0886919, 41.744715]]]}}, {"type": "Feature", "id": 936379805, "properties": {"osm_id": 936379805, "osm_type": "way", "highway": "secondary", "lanes": "2", "maxspeed": "45 mph", "name": "75th Street", "oneway": "yes"}, "geometry": {"type": "MultiLineString", "coordinates": [[[-88.11125617848501, 41.74875938370828], [-88.10955409541302, 41.74880069531006]], [[-88.10719720532795, 41.74885817280241], [-88.1069643, 41.7488638], [-88.1068141, 41.7488689], [-88.1061247, 41.7488826], [-88.1058662, 41.7488913]]]}}, {"type": "Feature", "id": 938141666, "properties": {"osm_id": 938141666, "osm_type": "way", "highway": "secondary", "lanes": "2", "maxspeed": "35 mph", "name": "Naper Boulevard", "oneway": "yes"}, "geometry": {"type": "LineString", "coordinates": [[-88.11535173460607, 41.75537236525806], [-88.1153207, 41.7554376], [-88.1152767, 41.7555013]]}}, {"type": "Feature", "id": 938141667, "properties": {"osm_id": 938141667, "osm_type": "way", "highway": "secondary", "lanes": "3", "maxspeed": "35 mph", "name": "Naper Boulevard", "oneway": "yes"}, "geometry": {"type": "LineString", "coordinates": [[-88.1152767, 41.7555013], [-88.1152139, 41.7555923], [-88.1150688, 41.7557545], [-88.1150074, 41.7558115], [-88.1149285, 41.7558726]]}}, {"type": "Feature", "id": 938141668, "properties": {"osm_id": 938141668, "osm_type": "way", "highway": "secondary", "lanes": "3", "maxspeed": "35 mph", "name": "Naper Boulevard", "oneway": "yes"}, "geometry": {"type": "LineString", "coordinates": [[-88.1130274, 41.7577267], [-88.1129841, 41.7578487], [-88.1129488, 41.757957], [-88.112925, 41.7580477], [-88.1129189, 41.7580684], [-88.1129048, 41.7581518]]}}, {"type": "Feature", "id": 938141669, "properties": {"osm_id": 938141669, "osm_type": "way", "highway": "secondary", "lanes": "3", "maxspeed": "35 mph", "name": "Naper Boulevard", "oneway": "yes"}, "geometry": {"type": "LineString", "coordinates": [[-88.1130344, 41.7586512], [-88.113031, 41.7584204], [-88.1130438, 41.758283], [-88.1130467, 41.7582621], [-88.1130651, 41.7581682]]}}, {"type": "Feature", "id": 938141670, "properties": {"osm_id": 938141670, "osm_type": "way", "highway": "secondary", "lanes": "2", "maxspeed": "35 mph", "name": "Naper Boulevard", "oneway": "yes"}, "geometry": {"type": "LineString", "coordinates": [[-88.113046, 41.7589304], [-88.1130443, 41.7588584], [-88.1130432, 41.7588419], [-88.1130344, 41.7586512]]}}, {"type": "Feature", "id": 938141671, "properties": {"osm_id": 938141671, "osm_type": "way", "highway": "secondary", "lanes": "2", "maxspeed": "35 mph", "name": "Naper Boulevard", "oneway": "yes"}, "geometry": {"type": "LineString", "coordinates": [[-88.1129048, 41.7581518], [-88.1128925, 41.7582388], [-88.1128759, 41.7583469], [-88.1128685, 41.7585528], [-88.1128776, 41.7588486], [-88.1128836, 41.7589304], [-88.1128953, 41.7591163]]}}, {"type": "Feature", "id": 938141672, "properties": {"osm_id": 938141672, "osm_type": "way", "highway": "secondary", "lanes": "3", "maxspeed": "35 mph", "name": "Naper Boulevard", "oneway": "yes"}, "geometry": {"type": "LineString", "coordinates": [[-88.1130552, 41.7591106], [-88.1130521, 41.7590254], [-88.113046, 41.7589304]]}}, {"type": "Feature", "id": 938141673, "properties": {"osm_id": 938141673, "osm_type": "way", "highway": "secondary", "lanes": "3", "maxspeed": "35 mph", "name": "Naper Boulevard", "oneway": "yes"}, "geometry": {"type": "LineString", "coordinates": [[-88.1128953, 41.7591163], [-88.1129287, 41.7597448]]}}, {"type": "Feature", "id": 938141674, "properties": {"osm_id": 938141674, "osm_type": "way", "highway": "residential", "lanes": "2", "name": "Collingwood Drive"}, "geometry": {"type": "LineString", "coordinates": [[-88.1129287, 41.7597448], [-88.1128349, 41.7597517], [-88.1128091, 41.7597522], [-88.1112956, 41.7597825], [-88.1111211, 41.7597825], [-88.1109458, 41.7597705], [-88.1108236, 41.7597517], [-88.1107285, 41.7597305], [-88.1106288, 41.759701], [-88.1105138, 41.7596605], [-88.1104227, 41.7596223], [-88.110386, 41.759603], [-88.110311, 41.759563], [-88.1103008, 41.7595567], [-88.1102873, 41.7595484], [-88.110215, 41.759504], [-88.1101384, 41.7594526], [-88.1100847, 41.7594022], [-88.1100621, 41.7593809], [-88.109997, 41.759309], [-88.109917, 41.759199], [-88.109863, 41.759105], [-88.109824, 41.759015], [-88.109787, 41.758878], [-88.109768, 41.758736], [-88.109716, 41.758217], [-88.109722, 41.758063], [-88.10975, 41.757938], [-88.109793, 41.757822], [-88.109828, 41.75775], [-88.109921, 41.757605], [-88.1099868, 41.7575336], [-88.1101004, 41.7574103], [-88.1101739, 41.7573553], [-88.110201, 41.757335], [-88.110326, 41.757254], [-88.110452, 41.757191], [-88.111017, 41.7569476], [-88.111102, 41.756911]]}}, {"type": "Feature", "id": 938141675, "properties": {"osm_id": 938141675, "osm_type": "way", "highway": "secondary", "lanes": "2", "maxspeed": "35 mph", "name": "Naper Boulevard", "oneway": "yes"}, "geometry": {"type": "LineString", "coordinates": [[-88.1130841, 41.7597333], [-88.1130552, 41.7591106]]}}, {"type": "Feature", "id": 938141676, "properties": {"osm_id": 938141676, "osm_type": "way", "highway": "secondary", "lanes": "3", "maxspeed": "35 mph", "name": "Naper Boulevard", "oneway": "yes"}, "geometry": {"type": "LineString", "coordinates": [[-88.1131057, 41.7601975], [-88.1130841, 41.7597333]]}}, {"type": "Feature", "id": 938141677, "properties": {"osm_id": 938141677, "osm_type": "way", "highway": "secondary", "lanes": "2", "maxspeed": "35 mph", "name": "Naper Boulevard", "oneway": "yes"}, "geometry": {"type": "LineString", "coordinates": [[-88.1131322, 41.760761], [-88.1131279, 41.7606803], [-88.1131057, 41.7601975]]}}, {"type": "Feature", "id": 938141678, "properties": {"osm_id": 938141678, "osm_type": "way", "highway": "secondary", "lanes": "3", "maxspeed": "35 mph", "name": "Naper Boulevard", "oneway": "yes"}, "geometry": {"type": "LineString", "coordinates": [[-88.1131555, 41.7613052], [-88.1131322, 41.760761]]}}, {"type": "Feature", "id": 938141680, "properties": {"osm_id": 938141680, "osm_type": "way", "highway": "secondary", "lanes": "3", "maxspeed": "35 mph", "name": "Naper Boulevard", "oneway": "yes"}, "geometry": {"type": "LineString", "coordinates": [[-88.1130462, 41.762317], [-88.113064, 41.7627398], [-88.1131468, 41.7628649]]}}, {"type": "Feature", "id": 963510113, "properties": {"osm_id": 963510113, "osm_type": "way", "highway": "footway"}, "geometry": {"type": "LineString", "coordinates": [[-88.1028759, 41.7472207], [-88.102848, 41.7463281], [-88.1027875, 41.7463273]]}}, {"type": "Feature", "id": 993551534, "properties": {"osm_id": 993551534, "osm_type": "way", "highway": "residential", "lanes": "2", "name": "Culpepper Drive"}, "geometry": {"type": "LineString", "coordinates": [[-88.116382, 41.758347], [-88.1162856, 41.7583505], [-88.115885, 41.758365], [-88.115401, 41.758369], [-88.115189, 41.758366], [-88.114701, 41.758343], [-88.114399, 41.758323], [-88.1141902, 41.7583045], [-88.114, 41.758286], [-88.113574, 41.758234], [-88.1131893, 41.7581849], [-88.1131547, 41.7581802], [-88.1130651, 41.7581682], [-88.1129048, 41.7581518], [-88.1128307, 41.7581366], [-88.112782, 41.758128], [-88.11268, 41.758111], [-88.112531, 41.758077], [-88.112338, 41.758019], [-88.112171, 41.757952], [-88.112034, 41.757884], [-88.111905, 41.757806], [-88.111802, 41.757732], [-88.111685, 41.757631], [-88.111598, 41.757545], [-88.111541, 41.757479], [-88.111212, 41.757048], [-88.111102, 41.756911], [-88.111058, 41.756856], [-88.110997, 41.756765], [-88.110859, 41.756598], [-88.110758, 41.756508], [-88.110704, 41.756466], [-88.1105975, 41.7563931], [-88.1105, 41.756337], [-88.110414, 41.756295], [-88.110108, 41.756204], [-88.109923, 41.756172], [-88.109804, 41.756161], [-88.109624, 41.756157], [-88.108851, 41.756175], [-88.108757, 41.756183], [-88.10869, 41.756198], [-88.108613, 41.756226], [-88.108535, 41.756268], [-88.108466, 41.756324], [-88.108427, 41.756368], [-88.108402, 41.756409], [-88.108381, 41.756461], [-88.108367, 41.756538], [-88.1083939, 41.7567867], [-88.1084014, 41.756856], [-88.1084107, 41.7569462], [-88.1085524, 41.7583182], [-88.108554, 41.758385], [-88.1085541, 41.7584447], [-88.1085481, 41.7584965], [-88.108537, 41.7585715], [-88.10852, 41.758632], [-88.108485, 41.7587168], [-88.108439, 41.7588058], [-88.1083919, 41.7588811], [-88.1083203, 41.758966], [-88.1082708, 41.7590169], [-88.1082059, 41.7590763], [-88.1081206, 41.759137], [-88.1080171, 41.759204], [-88.1079063, 41.75926], [-88.1078077, 41.7592988], [-88.1076975, 41.7593351], [-88.107579, 41.759367], [-88.1074956, 41.7593823], [-88.1074195, 41.7593901], [-88.1073773, 41.759395], [-88.107313, 41.7594], [-88.1072062, 41.7594024], [-88.1061968, 41.7594251], [-88.106088, 41.759428], [-88.1059796, 41.75943], [-88.1049637, 41.7594488], [-88.1048647, 41.7594499], [-88.1047575, 41.7594511], [-88.1040939, 41.7594721], [-88.103888, 41.759467]]}}, {"type": "Feature", "id": 1000788218, "properties": {"osm_id": 1000788218, "osm_type": "way", "highway": "secondary", "lanes": "4", "maxspeed": "40 mph", "name": "Maple Avenue"}, "geometry": {"type": "LineString", "coordinates": [[-88.10759972814728, 41.77962656616133], [-88.1081222, 41.7795014]]}}, {"type": "Feature", "id": 1050204491, "properties": {"osm_id": 1050204491, "osm_type": "way", "highway": "secondary", "lanes": "3", "maxspeed": "45 mph", "name": "75th Street", "oneway": "yes"}, "geometry": {"type": "LineString", "coordinates": [[-88.1049179, 41.7489131], [-88.1044427, 41.7489248], [-88.1037983, 41.7489394], [-88.1037714, 41.7489399], [-88.103608, 41.7489428]]}}, {"type": "Feature", "id": 1068861036, "properties": {"osm_id": 1068861036, "osm_type": "way", "highway": "secondary", "lanes": "5", "maxspeed": "40 mph", "name": "Hobson Road"}, "geometry": {"type": "LineString", "coordinates": [[-88.11432490603869, 41.75371437348108], [-88.1141039, 41.7537527]]}}, {"type": "Feature", "id": 1068861037, "properties": {"osm_id": 1068861037, "osm_type": "way", "highway": "secondary", "lanes": "4", "maxspeed": "40 mph", "name": "Hobson Road"}, "geometry": {"type": "LineString", "coordinates": [[-88.1141039, 41.7537527], [-88.1138614, 41.7537939]]}}, {"type": "Feature", "id": 1068861038, "properties": {"osm_id": 1068861038, "osm_type": "way", "highway": "secondary", "lanes": "2", "maxspeed": "40 mph", "name": "Hobson Road"}, "geometry": {"type": "LineString", "coordinates": [[-88.1124013, 41.754055], [-88.1119911, 41.7541252]]}}, {"type": "Feature", "id": 1068861039, "properties": {"osm_id": 1068861039, "osm_type": "way", "highway": "secondary", "lanes": "3", "maxspeed": "40 mph", "name": "Hobson Road"}, "geometry": {"type": "LineString", "coordinates": [[-88.1119911, 41.7541252], [-88.1114741, 41.7542225]]}}, {"type": "Feature", "id": 1068861040, "properties": {"osm_id": 1068861040, "osm_type": "way", "highway": "secondary", "lanes": "3", "maxspeed": "40 mph", "name": "Hobson Road"}, "geometry": {"type": "LineString", "coordinates": [[-88.1109329, 41.7543121], [-88.1105417, 41.7543801], [-88.109955, 41.7544819]]}}, {"type": "Feature", "id": 1068861041, "properties": {"osm_id": 1068861041, "osm_type": "way", "highway": "secondary", "lanes": "2", "maxspeed": "40 mph", "name": "Hobson Road"}, "geometry": {"type": "LineString", "coordinates": [[-88.1094894, 41.7545629], [-88.10928, 41.7545993], [-88.108695, 41.7546994]]}}, {"type": "Feature", "id": 1068861042, "properties": {"osm_id": 1068861042, "osm_type": "way", "highway": "secondary", "lanes": "3", "maxspeed": "40 mph", "name": "Hobson Road"}, "geometry": {"type": "LineString", "coordinates": [[-88.108695, 41.7546994], [-88.107689, 41.7548734], [-88.107626, 41.7548846]]}}, {"type": "Feature", "id": 1068861043, "properties": {"osm_id": 1068861043, "osm_type": "way", "highway": "secondary", "lanes": "5", "maxspeed": "40 mph", "name": "Hobson Road"}, "geometry": {"type": "LineString", "coordinates": [[-88.1049902, 41.7553476], [-88.1040182, 41.7555155], [-88.1038289, 41.7555497]]}}, {"type": "Feature", "id": 1068861044, "properties": {"osm_id": 1068861044, "osm_type": "way", "highway": "secondary", "lanes": "4", "maxspeed": "40 mph", "name": "Hobson Road"}, "geometry": {"type": "LineString", "coordinates": [[-88.1065801, 41.7550697], [-88.1059517, 41.7551858]]}}, {"type": "Feature", "id": 1068861046, "properties": {"osm_id": 1068861046, "osm_type": "way", "highway": "secondary", "lanes": "5", "maxspeed": "45 mph", "name": "Hobson Road"}, "geometry": {"type": "LineString", "coordinates": [[-88.1038289, 41.7555497], [-88.1036558, 41.755578], [-88.1033021, 41.755636], [-88.1030969, 41.7556696], [-88.1026995, 41.7557352], [-88.1021378, 41.7558184]]}}, {"type": "Feature", "id": 1068861047, "properties": {"osm_id": 1068861047, "osm_type": "way", "highway": "secondary", "lanes": "3", "maxspeed": "45 mph", "name": "Hobson Road"}, "geometry": {"type": "LineString", "coordinates": [[-88.1021378, 41.7558184], [-88.1016212, 41.755882]]}}, {"type": "Feature", "id": 1068861048, "properties": {"osm_id": 1068861048, "osm_type": "way", "highway": "secondary", "lanes": "3", "maxspeed": "45 mph", "name": "Hobson Road"}, "geometry": {"type": "LineString", "coordinates": [[-88.1016212, 41.755882], [-88.1014933, 41.7558995], [-88.1001108, 41.7561123]]}}, {"type": "Feature", "id": 1068861049, "properties": {"osm_id": 1068861049, "osm_type": "way", "highway": "secondary", "lanes": "3", "maxspeed": "45 mph", "name": "Hobson Road"}, "geometry": {"type": "LineString", "coordinates": [[-88.0966004, 41.7566028], [-88.0961503, 41.7566637], [-88.0956212, 41.7567202]]}}, {"type": "Feature", "id": 1068861051, "properties": {"osm_id": 1068861051, "osm_type": "way", "highway": "secondary", "lanes": "3", "maxspeed": "45 mph", "name": "Hobson Road"}, "geometry": {"type": "LineString", "coordinates": [[-88.0956212, 41.7567202], [-88.09540607355305, 41.75674228094791]]}}, {"type": "Feature", "id": 1068861107, "properties": {"osm_id": 1068861107, "osm_type": "way", "highway": "secondary", "lanes": "3", "maxspeed": "45 mph", "name": "75th Street", "oneway": "yes"}, "geometry": {"type": "LineString", "coordinates": [[-88.0903431, 41.7492079], [-88.08889135260853, 41.74923792454176]]}}, {"type": "Feature", "id": 1068861108, "properties": {"osm_id": 1068861108, "osm_type": "way", "highway": "secondary", "lanes": "2", "maxspeed": "45 mph", "name": "75th Street", "oneway": "yes"}, "geometry": {"type": "LineString", "coordinates": [[-88.0947948, 41.7492303], [-88.0972766, 41.7491864]]}}, {"type": "Feature", "id": 1068861109, "properties": {"osm_id": 1068861109, "osm_type": "way", "highway": "secondary", "lanes": "3", "maxspeed": "45 mph", "name": "75th Street", "oneway": "yes"}, "geometry": {"type": "LineString", "coordinates": [[-88.0938259, 41.7492504], [-88.0945881, 41.7492345], [-88.0946742, 41.7492327], [-88.0947948, 41.7492303]]}}, {"type": "Feature", "id": 1068861110, "properties": {"osm_id": 1068861110, "osm_type": "way", "highway": "secondary", "lanes": "3", "maxspeed": "45 mph", "name": "75th Street", "oneway": "yes"}, "geometry": {"type": "LineString", "coordinates": [[-88.0972766, 41.7491864], [-88.0987603, 41.7491586]]}}, {"type": "Feature", "id": 1068861111, "properties": {"osm_id": 1068861111, "osm_type": "way", "highway": "secondary", "lanes": "2", "maxspeed": "45 mph", "name": "75th Street", "oneway": "yes"}, "geometry": {"type": "LineString", "coordinates": [[-88.103608, 41.7489428], [-88.1034347, 41.748946], [-88.1029892, 41.7489566], [-88.10119560249213, 41.7489909080222]]}}, {"type": "Feature", "id": 1068861113, "properties": {"osm_id": 1068861113, "osm_type": "way", "highway": "secondary", "lanes": "3", "maxspeed": "45 mph", "name": "75th Street", "oneway": "yes"}, "geometry": {"type": "LineString", "coordinates": [[-88.1018512, 41.7491023], [-88.1033979, 41.7490747], [-88.1034351, 41.7490737], [-88.1036121, 41.7490694]]}}, {"type": "Feature", "id": 1069071169, "properties": {"osm_id": 1069071169, "osm_type": "way", "highway": "secondary", "lanes": "5", "maxspeed": "35 mph", "name": "Naper Boulevard"}, "geometry": {"type": "LineString", "coordinates": [[-88.1130811, 41.7645867], [-88.1131206, 41.7644277], [-88.1131475, 41.76432], [-88.113172, 41.7642008], [-88.1131808, 41.7640984]]}}, {"type": "Feature", "id": 1069071174, "properties": {"osm_id": 1069071174, "osm_type": "way", "highway": "secondary", "lanes": "5", "maxspeed": "35 mph", "name": "Naper Boulevard"}, "geometry": {"type": "LineString", "coordinates": [[-88.1093149149451, 41.77577661750764], [-88.109315, 41.775777], [-88.1093498, 41.7758856], [-88.1093931, 41.7760208], [-88.1094607, 41.7762167], [-88.1096019, 41.7766245], [-88.1096433, 41.7767467], [-88.1096703, 41.7768512], [-88.109691, 41.776945], [-88.1097062, 41.7770669], [-88.1097103, 41.7771437], [-88.1097103, 41.7771947], [-88.109708, 41.777254], [-88.1096999, 41.777355], [-88.1096851, 41.777449], [-88.1096681, 41.7775414]]}}, {"type": "Feature", "id": 1069071175, "properties": {"osm_id": 1069071175, "osm_type": "way", "highway": "secondary", "lanes": "4", "maxspeed": "35 mph", "name": "Naper Boulevard"}, "geometry": {"type": "LineString", "coordinates": [[-88.1096681, 41.7775414], [-88.109656, 41.777589]]}}, {"type": "Feature", "id": 1069071177, "properties": {"osm_id": 1069071177, "osm_type": "way", "highway": "tertiary", "lanes": "3", "maxspeed": "25 mph", "name": "Olesen Drive"}, "geometry": {"type": "LineString", "coordinates": [[-88.1196216, 41.7759668], [-88.1195492, 41.776633], [-88.11957153173397, 41.77673845541043]]}}, {"type": "Feature", "id": 1069071185, "properties": {"osm_id": 1069071185, "osm_type": "way", "highway": "secondary", "lanes": "5", "maxspeed": "40 mph", "name": "Chicago Avenue"}, "geometry": {"type": "LineString", "coordinates": [[-88.1207828, 41.7764521], [-88.1215375, 41.7762745]]}}, {"type": "Feature", "id": 1069071186, "properties": {"osm_id": 1069071186, "osm_type": "way", "highway": "secondary", "lanes": "4", "maxspeed": "40 mph", "name": "Chicago Avenue"}, "geometry": {"type": "LineString", "coordinates": [[-88.1205499, 41.7765054], [-88.1207828, 41.7764521]]}}, {"type": "Feature", "id": 1069071187, "properties": {"osm_id": 1069071187, "osm_type": "way", "highway": "secondary", "lanes": "5", "maxspeed": "40 mph", "name": "Chicago Avenue"}, "geometry": {"type": "LineString", "coordinates": [[-88.1198714, 41.7766707], [-88.1204388, 41.7765325]]}}, {"type": "Feature", "id": 1069071188, "properties": {"osm_id": 1069071188, "osm_type": "way", "highway": "secondary", "lanes": "4", "maxspeed": "40 mph", "name": "Chicago Avenue"}, "geometry": {"type": "LineString", "coordinates": [[-88.11978431121675, 41.7766915394824], [-88.1198714, 41.7766707]]}}, {"type": "Feature", "id": 1069071192, "properties": {"osm_id": 1069071192, "osm_type": "way", "highway": "secondary", "lanes": "5", "maxspeed": "40 mph", "name": "Maple Avenue"}, "geometry": {"type": "LineString", "coordinates": [[-88.1081222, 41.7795014], [-88.1094492, 41.7791825], [-88.1095905, 41.7791454], [-88.1097566, 41.779102]]}}, {"type": "Feature", "id": 1071128526, "properties": {"osm_id": 1071128526, "osm_type": "way", "crossing": "unmarked", "highway": "footway"}, "geometry": {"type": "LineString", "coordinates": [[-88.1017409, 41.7355828], [-88.1016688, 41.7356273], [-88.1015985, 41.7356706]]}}, {"type": "Feature", "id": 1071128527, "properties": {"osm_id": 1071128527, "osm_type": "way", "highway": "footway"}, "geometry": {"type": "LineString", "coordinates": [[-88.1015985, 41.7356706], [-88.1015975, 41.7356858], [-88.101856, 41.7358387], [-88.1022047, 41.7360461], [-88.1022754, 41.7360872], [-88.1023013, 41.7361022]]}}, {"type": "Feature", "id": 1071128528, "properties": {"osm_id": 1071128528, "osm_type": "way", "highway": "footway"}, "geometry": {"type": "LineString", "coordinates": [[-88.1024202, 41.7359883], [-88.1023963, 41.7359728], [-88.1023816, 41.7359883]]}}, {"type": "Feature", "id": 1071128529, "properties": {"osm_id": 1071128529, "osm_type": "way", "highway": "footway"}, "geometry": {"type": "LineString", "coordinates": [[-88.1025257, 41.7360483], [-88.102552, 41.7360617], [-88.1025318, 41.7360817]]}}, {"type": "Feature", "id": 1071128530, "properties": {"osm_id": 1071128530, "osm_type": "way", "crossing": "unmarked", "highway": "footway"}, "geometry": {"type": "LineString", "coordinates": [[-88.1025257, 41.7360483], [-88.1024669, 41.7360149], [-88.1024202, 41.7359883]]}}, {"type": "Feature", "id": 1071128531, "properties": {"osm_id": 1071128531, "osm_type": "way", "crossing": "unmarked", "highway": "footway"}, "geometry": {"type": "LineString", "coordinates": [[-88.1023816, 41.7359883], [-88.102339, 41.7360278], [-88.1022973, 41.7360664]]}}, {"type": "Feature", "id": 1071128532, "properties": {"osm_id": 1071128532, "osm_type": "way", "crossing": "unmarked", "highway": "footway"}, "geometry": {"type": "LineString", "coordinates": [[-88.1023013, 41.7361022], [-88.102346, 41.7361286], [-88.102399, 41.7361599]]}}, {"type": "Feature", "id": 1071128533, "properties": {"osm_id": 1071128533, "osm_type": "way", "crossing": "unmarked", "highway": "footway"}, "geometry": {"type": "LineString", "coordinates": [[-88.1025318, 41.7360817], [-88.102493, 41.7361169], [-88.1024506, 41.7361553]]}}, {"type": "Feature", "id": 1071128542, "properties": {"osm_id": 1071128542, "osm_type": "way", "highway": "footway"}, "geometry": {"type": "LineString", "coordinates": [[-88.1022973, 41.7360664], [-88.1022754, 41.7360872], [-88.1021396, 41.7362165], [-88.1019986, 41.7363522], [-88.1019438, 41.7364027], [-88.1018927, 41.7364465], [-88.101827, 41.7364936], [-88.1017416, 41.7365374], [-88.1016325, 41.7365874], [-88.1015164, 41.7366355], [-88.1013639, 41.7366969], [-88.1013131, 41.7367077], [-88.1012501, 41.7367173], [-88.1012061, 41.7367145], [-88.1011684, 41.7367122], [-88.1011212, 41.7367184], [-88.1010916, 41.7367264], [-88.1010597, 41.7367445], [-88.1010347, 41.7367643], [-88.1010165, 41.7367881], [-88.1009983, 41.7368192], [-88.1009929, 41.7368435], [-88.1009907, 41.7368662], [-88.1009922, 41.7368917], [-88.1009967, 41.7369075], [-88.1010067, 41.7369193], [-88.1010263, 41.736942], [-88.1010506, 41.736963], [-88.1010794, 41.7369777], [-88.1011196, 41.7369924], [-88.1011629, 41.7369998], [-88.1012001, 41.7369992], [-88.101238, 41.736993], [-88.1012699, 41.7369839], [-88.1012994, 41.7369681], [-88.1013275, 41.7369483], [-88.1013434, 41.7369302], [-88.1013541, 41.7369103], [-88.1013654, 41.73689], [-88.1013745, 41.7368735], [-88.1013859, 41.7368594], [-88.1014223, 41.7368401], [-88.1015414, 41.736792], [-88.1016992, 41.7367252], [-88.1018024, 41.7366867], [-88.1018715, 41.7366477], [-88.1019754, 41.7365877], [-88.1020368, 41.7365429], [-88.1020945, 41.7364909], [-88.1021984, 41.7363901], [-88.102338, 41.736257], [-88.102429, 41.7361748], [-88.1024506, 41.7361553]]}}, {"type": "Feature", "id": 1071128543, "properties": {"osm_id": 1071128543, "osm_type": "way", "highway": "footway"}, "geometry": {"type": "LineString", "coordinates": [[-88.102399, 41.7361599], [-88.102429, 41.7361748], [-88.1025429, 41.7362457], [-88.102756, 41.7363737], [-88.1029745, 41.7365057], [-88.1031778, 41.7366166], [-88.1034263, 41.736762], [-88.1034877, 41.7368016], [-88.1035492, 41.736852], [-88.1035871, 41.7368927], [-88.1036129, 41.7369302], [-88.1036493, 41.7369918], [-88.1036706, 41.7370445], [-88.1036903, 41.7371039], [-88.1036979, 41.7371492], [-88.1036964, 41.7371933], [-88.1036903, 41.7372528], [-88.1036569, 41.7373456], [-88.103685, 41.737353]]}}, {"type": "Feature", "id": 1071128544, "properties": {"osm_id": 1071128544, "osm_type": "way", "highway": "footway"}, "geometry": {"type": "LineString", "coordinates": [[-88.1038468, 41.7373948], [-88.1038056, 41.7373869]]}}, {"type": "Feature", "id": 1071128545, "properties": {"osm_id": 1071128545, "osm_type": "way", "crossing": "unmarked", "highway": "footway"}, "geometry": {"type": "LineString", "coordinates": [[-88.1038056, 41.7373869], [-88.1037401, 41.7373685], [-88.103685, 41.737353]]}}, {"type": "Feature", "id": 1071128546, "properties": {"osm_id": 1071128546, "osm_type": "way", "highway": "footway"}, "geometry": {"type": "LineString", "coordinates": [[-88.1036569, 41.7373456], [-88.103337, 41.7372607], [-88.1032477, 41.7372392], [-88.1031529, 41.7372217], [-88.1030699, 41.7372149], [-88.1029662, 41.7372203], [-88.102645, 41.7372843], [-88.1023554, 41.7373442], [-88.1022995, 41.7373576], [-88.1022688, 41.7373704], [-88.1022408, 41.7373785], [-88.1022075, 41.7373799], [-88.1021632, 41.7373691], [-88.1021335, 41.7373576], [-88.1020992, 41.7373482], [-88.1020433, 41.7373408], [-88.1020023, 41.7373455], [-88.1019575, 41.7373597], [-88.1019197, 41.7373778], [-88.101898, 41.7374001], [-88.1018773, 41.737433], [-88.1018619, 41.7374647], [-88.1018583, 41.7374943], [-88.1018637, 41.7375253], [-88.1018754, 41.7375522], [-88.1019007, 41.7375852], [-88.1019422, 41.7376088], [-88.1019765, 41.7376229], [-88.102018, 41.7376323], [-88.1020631, 41.737633], [-88.102101, 41.7376276], [-88.1021344, 41.7376189], [-88.1021705, 41.7375987], [-88.1022011, 41.7375758], [-88.1022174, 41.7375529], [-88.1022381, 41.737532], [-88.1022517, 41.7375192], [-88.1022688, 41.7375084], [-88.102285, 41.7374997], [-88.1023184, 41.7374943], [-88.1023527, 41.7374909], [-88.1023897, 41.7374896], [-88.102442, 41.7374802], [-88.1027605, 41.7374142], [-88.1029075, 41.7373819], [-88.102968, 41.7373725], [-88.1030077, 41.7373677], [-88.1030772, 41.7373677], [-88.1031448, 41.7373725], [-88.1033158, 41.7374102], [-88.1036888, 41.7375118], [-88.1041742, 41.7376398], [-88.1042572, 41.7376674], [-88.104333, 41.7376983], [-88.104398, 41.7377327], [-88.10444618425025, 41.73776347377631]]}}, {"type": "Feature", "id": 1071128558, "properties": {"osm_id": 1071128558, "osm_type": "way", "highway": "footway"}, "geometry": {"type": "LineString", "coordinates": [[-88.1015975, 41.7356858], [-88.1014622, 41.735768], [-88.1013371, 41.7358423], [-88.1011879, 41.7359223], [-88.1008766, 41.7360841], [-88.1006415, 41.7362022], [-88.1004769, 41.7362955], [-88.1003659, 41.7363707], [-88.1002575, 41.7364545], [-88.1001771, 41.7365211], [-88.1001261, 41.7365687], [-88.100616, 41.736861], [-88.1009061, 41.737028], [-88.101268, 41.7372428], [-88.1014645, 41.7373656], [-88.1015551, 41.7374275], [-88.1016559, 41.7375056], [-88.1017543, 41.7375868], [-88.1018728, 41.7376912], [-88.101991, 41.737814], [-88.1020829, 41.7379235], [-88.1021722, 41.7380396], [-88.1022309, 41.7381386], [-88.1022938, 41.7382457], [-88.1023075, 41.738269]]}}, {"type": "Feature", "id": 1071128573, "properties": {"osm_id": 1071128573, "osm_type": "way", "highway": "footway"}, "geometry": {"type": "LineString", "coordinates": [[-88.1022938, 41.7382457], [-88.1023906, 41.73821], [-88.1025054, 41.7381715], [-88.1026224, 41.7381411], [-88.102734, 41.7381227], [-88.1028337, 41.7381091], [-88.102941, 41.7380987], [-88.1030354, 41.7381043], [-88.10322, 41.7381219], [-88.1033477, 41.7381483], [-88.1034528, 41.7381756], [-88.1035955, 41.7382236], [-88.1036781, 41.7382668], [-88.1037929, 41.7383309], [-88.1039206, 41.7384349], [-88.1040021, 41.7385254], [-88.1040579, 41.7385927], [-88.1042381, 41.7388766], [-88.1043994, 41.7391255], [-88.1044109, 41.7391431]]}}, {"type": "Feature", "id": 1071128574, "properties": {"osm_id": 1071128574, "osm_type": "way", "highway": "footway"}, "geometry": {"type": "LineString", "coordinates": [[-88.1044891, 41.7392552], [-88.1044763, 41.739236]]}}, {"type": "Feature", "id": 1071128575, "properties": {"osm_id": 1071128575, "osm_type": "way", "crossing": "uncontrolled", "highway": "footway"}, "geometry": {"type": "LineString", "coordinates": [[-88.1044763, 41.739236], [-88.1044388, 41.7391827], [-88.1044109, 41.7391431]]}}, {"type": "Feature", "id": 1071128576, "properties": {"osm_id": 1071128576, "osm_type": "way", "highway": "footway"}, "geometry": {"type": "LineString", "coordinates": [[-88.10511940076695, 41.73885049792452], [-88.1050361, 41.7388881], [-88.1048818, 41.738948], [-88.1043994, 41.7391255], [-88.1043694, 41.739134]]}}, {"type": "Feature", "id": 1071128577, "properties": {"osm_id": 1071128577, "osm_type": "way", "crossing": "unmarked", "highway": "footway"}, "geometry": {"type": "LineString", "coordinates": [[-88.1043694, 41.739134], [-88.1043176, 41.7391529], [-88.1042647, 41.7391723]]}}, {"type": "Feature", "id": 1071128578, "properties": {"osm_id": 1071128578, "osm_type": "way", "highway": "footway"}, "geometry": {"type": "LineString", "coordinates": [[-88.1042647, 41.7391723], [-88.1042205, 41.7391865]]}}, {"type": "Feature", "id": 1071128579, "properties": {"osm_id": 1071128579, "osm_type": "way", "crossing": "unmarked", "highway": "footway"}, "geometry": {"type": "LineString", "coordinates": [[-88.1023075, 41.738269], [-88.1023209, 41.7383041], [-88.1023398, 41.7383531]]}}, {"type": "Feature", "id": 1071128580, "properties": {"osm_id": 1071128580, "osm_type": "way", "highway": "footway"}, "geometry": {"type": "LineString", "coordinates": [[-88.1023398, 41.7383531], [-88.1023509, 41.7383854], [-88.1024691, 41.7383429], [-88.1025729, 41.7383106], [-88.1026775, 41.7382857], [-88.1028075, 41.7382601], [-88.1029085, 41.7382487], [-88.103005, 41.738248], [-88.1031481, 41.7382554], [-88.1032591, 41.7382736], [-88.1033811, 41.7383059], [-88.1035099, 41.7383544], [-88.103592, 41.7383955], [-88.1036732, 41.73845], [-88.1037634, 41.7385267], [-88.1038176, 41.738584], [-88.1038726, 41.7386565], [-88.1039294, 41.7387372], [-88.1039394, 41.7387716], [-88.103961, 41.7387891]]}}, {"type": "Feature", "id": 1071128581, "properties": {"osm_id": 1071128581, "osm_type": "way", "crossing": "uncontrolled", "highway": "footway"}, "geometry": {"type": "LineString", "coordinates": [[-88.103961, 41.7387891], [-88.1039853, 41.7388294], [-88.104016, 41.7388806]]}}, {"type": "Feature", "id": 1071128582, "properties": {"osm_id": 1071128582, "osm_type": "way", "highway": "footway"}, "geometry": {"type": "LineString", "coordinates": [[-88.104016, 41.7388806], [-88.1040296, 41.7389049], [-88.1037391, 41.7390132], [-88.1036046, 41.739059], [-88.1035081, 41.7390907], [-88.1034341, 41.7391082], [-88.1033421, 41.7391257], [-88.1032961, 41.7391317], [-88.1032591, 41.7391337], [-88.1032366, 41.7391358], [-88.1032194, 41.7391412], [-88.1032059, 41.7391546], [-88.1032024, 41.7391765], [-88.1032027, 41.739269], [-88.1032042, 41.7393599], [-88.1031979, 41.7396016], [-88.1032033, 41.7396434], [-88.1032214, 41.739673], [-88.1032493, 41.7396952], [-88.1032809, 41.73971], [-88.1033125, 41.7397174], [-88.1033359, 41.7397161], [-88.1033594, 41.7397066], [-88.103391, 41.7396898], [-88.1034235, 41.7396763], [-88.1034595, 41.7396703], [-88.1035191, 41.7396676], [-88.1035615, 41.7396723], [-88.1036138, 41.7396918], [-88.1036499, 41.7397161], [-88.1036743, 41.739743], [-88.1036887, 41.7397793], [-88.1036932, 41.739817], [-88.1036896, 41.739846], [-88.1036698, 41.7398817], [-88.1036445, 41.7399039], [-88.1036066, 41.7399254], [-88.1035615, 41.7399402], [-88.1035182, 41.739947], [-88.1034749, 41.7399476], [-88.1034361, 41.7399429], [-88.1033946, 41.7399295], [-88.1033648, 41.7399093], [-88.1033432, 41.7398877], [-88.1033251, 41.7398709], [-88.1032981, 41.7398581], [-88.1032602, 41.7398507], [-88.1032133, 41.739846], [-88.1031654, 41.7398305], [-88.1031302, 41.739813], [-88.1030933, 41.7397908], [-88.1030644, 41.7397598], [-88.1030346, 41.7397282], [-88.1030202, 41.7396986], [-88.1030103, 41.7396575], [-88.103003, 41.7395828], [-88.1030039, 41.7393566], [-88.1030012, 41.7392758], [-88.1030021, 41.7392213], [-88.1030076, 41.7392038]]}}, {"type": "Feature", "id": 1071128583, "properties": {"osm_id": 1071128583, "osm_type": "way", "crossing": "unmarked", "highway": "footway"}, "geometry": {"type": "LineString", "coordinates": [[-88.1030076, 41.7392038], [-88.1030518, 41.7390713], [-88.103086, 41.7389688]]}}, {"type": "Feature", "id": 1071128584, "properties": {"osm_id": 1071128584, "osm_type": "way", "highway": "footway"}, "geometry": {"type": "LineString", "coordinates": [[-88.103086, 41.7389688], [-88.1030987, 41.7389513]]}}, {"type": "Feature", "id": 1071128585, "properties": {"osm_id": 1071128585, "osm_type": "way", "highway": "footway"}, "geometry": {"type": "LineString", "coordinates": [[-88.1030021, 41.7392213], [-88.1029525, 41.7392118], [-88.1029083, 41.7391984], [-88.1028704, 41.7391836], [-88.1028452, 41.739164], [-88.1028253, 41.7391425], [-88.1028091, 41.7391129], [-88.1028046, 41.7390927], [-88.1028038, 41.7390778], [-88.1028038, 41.7390506], [-88.1028069, 41.7390298], [-88.1028145, 41.7390112], [-88.1028334, 41.7389856], [-88.1028578, 41.7389634], [-88.1028903, 41.7389452], [-88.1029264, 41.7389345], [-88.1029679, 41.7389257], [-88.1030021, 41.7389244], [-88.1030355, 41.7389311], [-88.1030797, 41.7389426], [-88.1030987, 41.7389513], [-88.1031257, 41.7389648], [-88.1031564, 41.7389809], [-88.1031988, 41.7389897], [-88.1032466, 41.7389883], [-88.1033558, 41.7389702], [-88.1034514, 41.7389493], [-88.1035227, 41.7389258], [-88.1036986, 41.7388632], [-88.1039394, 41.7387716]]}}, {"type": "Feature", "id": 1071128586, "properties": {"osm_id": 1071128586, "osm_type": "way", "highway": "footway"}, "geometry": {"type": "LineString", "coordinates": [[-88.1023509, 41.7383854], [-88.1023956, 41.7385009], [-88.1024596, 41.7386456], [-88.1024957, 41.7387466], [-88.1025219, 41.7388772], [-88.1025363, 41.7390139], [-88.1025402, 41.7390793], [-88.1025408, 41.7392078], [-88.1025417, 41.7394104], [-88.1025372, 41.7396048], [-88.1025372, 41.7398714], [-88.1025381, 41.7401227], [-88.1025453, 41.7403253], [-88.1025607, 41.7404875], [-88.1025707, 41.740571], [-88.1026076, 41.7407373], [-88.1026635, 41.7409756], [-88.1027519, 41.7412307], [-88.1028358, 41.7414414], [-88.1028695, 41.7415094], [-88.1029687, 41.7416892], [-88.1031005, 41.7419174], [-88.1031546, 41.742017], [-88.1032159, 41.7421348], [-88.1032484, 41.7422035], [-88.103271, 41.742256], [-88.1032759, 41.7422709], [-88.1032809, 41.7422863], [-88.103289, 41.7423172]]}}, {"type": "Feature", "id": 1071128587, "properties": {"osm_id": 1071128587, "osm_type": "way", "highway": "footway"}, "geometry": {"type": "LineString", "coordinates": [[-88.1028695, 41.7415094], [-88.1030718, 41.7414773], [-88.103262, 41.741505]]}}, {"type": "Feature", "id": 1071128588, "properties": {"osm_id": 1071128588, "osm_type": "way", "highway": "footway"}, "geometry": {"type": "LineString", "coordinates": [[-88.1040296, 41.7389049], [-88.1041751, 41.7391163], [-88.1042205, 41.7391865], [-88.1042788, 41.7392779], [-88.1043618, 41.7393761], [-88.1044439, 41.739469], [-88.104526, 41.7395512], [-88.1046108, 41.7396178], [-88.1047165, 41.7396977], [-88.1048645, 41.7397838], [-88.1049188, 41.7398121], [-88.1049421, 41.7398242]]}}, {"type": "Feature", "id": 1071128589, "properties": {"osm_id": 1071128589, "osm_type": "way", "crossing": "uncontrolled", "highway": "footway"}, "geometry": {"type": "LineString", "coordinates": [[-88.1049421, 41.7398242], [-88.1049954, 41.7398503], [-88.1050522, 41.7398781]]}}, {"type": "Feature", "id": 1071128590, "properties": {"osm_id": 1071128590, "osm_type": "way", "highway": "footway"}, "geometry": {"type": "LineString", "coordinates": [[-88.1050522, 41.7398781], [-88.1050787, 41.7398931], [-88.1053058, 41.7399678], [-88.1055638, 41.7400442], [-88.10592695247753, 41.740154429406516]]}}, {"type": "Feature", "id": 1071128598, "properties": {"osm_id": 1071128598, "osm_type": "way", "highway": "footway"}, "geometry": {"type": "LineString", "coordinates": [[-88.10663904474758, 41.74130422516181], [-88.106555, 41.7413581], [-88.1063201, 41.7415078], [-88.106114, 41.7416383], [-88.1060046, 41.7417039], [-88.1059338, 41.7417415], [-88.1058641, 41.7417704], [-88.1057869, 41.7417992], [-88.1056955, 41.7418208], [-88.10563, 41.7418368], [-88.1055367, 41.7418488], [-88.1054316, 41.7418496], [-88.1053395, 41.7418416], [-88.1051743, 41.7418224], [-88.1048212, 41.7417792], [-88.1044312, 41.7417298], [-88.1042461, 41.7417063], [-88.1036024, 41.7416255], [-88.1035209, 41.7416151], [-88.1034661, 41.7416119], [-88.1034189, 41.7416143], [-88.1033631, 41.7416263], [-88.103317, 41.7416399], [-88.1032816, 41.7416487], [-88.1032387, 41.7416471], [-88.1032033, 41.7416439], [-88.1031711, 41.7416343], [-88.1031357, 41.7416191], [-88.1031121, 41.7416015], [-88.103096, 41.7415782], [-88.1030831, 41.7415494], [-88.1030735, 41.7415238], [-88.1030735, 41.7415022], [-88.1030718, 41.7414773], [-88.103082, 41.7414558], [-88.1031024, 41.7414253], [-88.1031357, 41.7413997], [-88.1031668, 41.7413837], [-88.1032065, 41.7413709], [-88.1032537, 41.7413637], [-88.1033073, 41.7413717], [-88.1033546, 41.7413821], [-88.10339, 41.7413981], [-88.1034168, 41.7414221], [-88.1034275, 41.7414421], [-88.1034361, 41.7414574], [-88.1035251, 41.7414662], [-88.1042627, 41.7415584], [-88.1042999, 41.741563]]}}, {"type": "Feature", "id": 1071128599, "properties": {"osm_id": 1071128599, "osm_type": "way", "highway": "footway"}, "geometry": {"type": "LineString", "coordinates": [[-88.1044312, 41.7417298], [-88.1044372, 41.7416959]]}}, {"type": "Feature", "id": 1071128600, "properties": {"osm_id": 1071128600, "osm_type": "way", "crossing": "unmarked", "highway": "footway"}, "geometry": {"type": "LineString", "coordinates": [[-88.1042999, 41.741563], [-88.1043584, 41.7415706], [-88.1044179, 41.7415782]]}}, {"type": "Feature", "id": 1071128601, "properties": {"osm_id": 1071128601, "osm_type": "way", "crossing": "unmarked", "highway": "footway"}, "geometry": {"type": "LineString", "coordinates": [[-88.1044372, 41.7416959], [-88.1044458, 41.7416475], [-88.1044522, 41.7416111]]}}, {"type": "Feature", "id": 1071128602, "properties": {"osm_id": 1071128602, "osm_type": "way", "highway": "footway"}, "geometry": {"type": "LineString", "coordinates": [[-88.1044179, 41.7415782], [-88.1044565, 41.7415838], [-88.1044522, 41.7416111]]}}, {"type": "Feature", "id": 1071128603, "properties": {"osm_id": 1071128603, "osm_type": "way", "highway": "footway"}, "geometry": {"type": "LineString", "coordinates": [[-88.1044565, 41.7415838], [-88.1049518, 41.7416463], [-88.1053372, 41.7416951], [-88.1054155, 41.7417007], [-88.1054831, 41.7417007], [-88.1055529, 41.7416943], [-88.1056226, 41.7416847], [-88.1056881, 41.7416703], [-88.1057599, 41.7416479], [-88.1058179, 41.7416247], [-88.1058704, 41.7415983], [-88.10604, 41.741495], [-88.1062749, 41.7413437], [-88.1064219, 41.7412508], [-88.10655611581436, 41.741170322099784]]}}, {"type": "Feature", "id": 1071128604, "properties": {"osm_id": 1071128604, "osm_type": "way", "highway": "footway"}, "geometry": {"type": "LineString", "coordinates": [[-88.1044565, 41.7415838], [-88.1045377, 41.7412041], [-88.1046085, 41.7409023], [-88.1050076, 41.7409535], [-88.1053252, 41.7409927], [-88.1053638, 41.7409983], [-88.1053885, 41.7410039], [-88.1054207, 41.7410055], [-88.1054657, 41.7409983], [-88.1055065, 41.7409863], [-88.1055439, 41.7409684], [-88.105571, 41.7409468], [-88.1055927, 41.7409172], [-88.1056107, 41.7408835], [-88.1056098, 41.7408539], [-88.1056053, 41.7408176], [-88.1055782, 41.7407873], [-88.1055484, 41.7407543], [-88.105506, 41.7407321], [-88.1054528, 41.7407179], [-88.1053897, 41.7407166], [-88.1053328, 41.7407307], [-88.1052994, 41.7407469], [-88.1052715, 41.7407718], [-88.1052426, 41.740796], [-88.1052128, 41.7408102], [-88.1051813, 41.7408189], [-88.1051434, 41.7408209], [-88.1048799, 41.7407859], [-88.104639, 41.7407563], [-88.1046905, 41.7405402], [-88.1047112, 41.7404655], [-88.1047311, 41.7404056], [-88.104759, 41.7403401], [-88.1047951, 41.7402694], [-88.1048465, 41.7401791], [-88.1049241, 41.7400802], [-88.1050189, 41.7399684], [-88.1050787, 41.7398931]]}}, {"type": "Feature", "id": 1071128605, "properties": {"osm_id": 1071128605, "osm_type": "way", "highway": "footway"}, "geometry": {"type": "LineString", "coordinates": [[-88.1049188, 41.7398121], [-88.1047744, 41.7399836], [-88.1047013, 41.7400751], [-88.1046499, 41.7401539], [-88.1045921, 41.7402609], [-88.1045497, 41.740354], [-88.1045127, 41.7404508], [-88.1044478, 41.7407315], [-88.1041293, 41.7406931], [-88.1038469, 41.7406561], [-88.1033471, 41.7405941], [-88.1031811, 41.7405726], [-88.1031495, 41.7405625], [-88.1031252, 41.7405423], [-88.1030674, 41.7405039], [-88.1030223, 41.7404837], [-88.1029637, 41.7404743], [-88.1028906, 41.7404811], [-88.1028446, 41.7405012], [-88.1028067, 41.7405302], [-88.1027824, 41.7405632], [-88.1027689, 41.7405922], [-88.1027643, 41.7406332], [-88.1027778, 41.7406729], [-88.1027959, 41.7407032], [-88.1028239, 41.7407295], [-88.1028626, 41.7407483], [-88.1029231, 41.7407658], [-88.1029763, 41.7407665], [-88.1030169, 41.7407591], [-88.103053, 41.740747], [-88.1030918, 41.7407261], [-88.1031216, 41.740718], [-88.103164, 41.7407227], [-88.1036791, 41.740786], [-88.1041158, 41.7408405], [-88.1044131, 41.7408776], [-88.1043193, 41.7413064], [-88.1042627, 41.7415584]]}}, {"type": "Feature", "id": 1071128606, "properties": {"osm_id": 1071128606, "osm_type": "way", "highway": "footway"}, "geometry": {"type": "LineString", "coordinates": [[-88.1045692, 41.7409004], [-88.1046085, 41.7409023], [-88.1046143, 41.7408749]]}}, {"type": "Feature", "id": 1071128607, "properties": {"osm_id": 1071128607, "osm_type": "way", "highway": "footway"}, "geometry": {"type": "LineString", "coordinates": [[-88.104636, 41.7407826], [-88.104639, 41.7407563], [-88.1046053, 41.7407517]]}}, {"type": "Feature", "id": 1071128608, "properties": {"osm_id": 1071128608, "osm_type": "way", "highway": "footway"}, "geometry": {"type": "LineString", "coordinates": [[-88.1044483, 41.7408843], [-88.1044131, 41.7408776], [-88.1044204, 41.74085]]}}, {"type": "Feature", "id": 1071128609, "properties": {"osm_id": 1071128609, "osm_type": "way", "highway": "footway"}, "geometry": {"type": "LineString", "coordinates": [[-88.1044429, 41.7407564], [-88.1044478, 41.7407315], [-88.1044817, 41.7407362]]}}, {"type": "Feature", "id": 1071128610, "properties": {"osm_id": 1071128610, "osm_type": "way", "crossing": "unmarked", "highway": "footway"}, "geometry": {"type": "LineString", "coordinates": [[-88.1045692, 41.7409004], [-88.1045096, 41.7408925], [-88.1044483, 41.7408843]]}}, {"type": "Feature", "id": 1071128611, "properties": {"osm_id": 1071128611, "osm_type": "way", "crossing": "unmarked", "highway": "footway"}, "geometry": {"type": "LineString", "coordinates": [[-88.1044204, 41.74085], [-88.1044329, 41.740798], [-88.1044429, 41.7407564]]}}, {"type": "Feature", "id": 1071128612, "properties": {"osm_id": 1071128612, "osm_type": "way", "crossing": "unmarked", "highway": "footway"}, "geometry": {"type": "LineString", "coordinates": [[-88.1046143, 41.7408749], [-88.1046267, 41.7408221], [-88.104636, 41.7407826]]}}, {"type": "Feature", "id": 1071128613, "properties": {"osm_id": 1071128613, "osm_type": "way", "crossing": "unmarked", "highway": "footway"}, "geometry": {"type": "LineString", "coordinates": [[-88.1046053, 41.7407517], [-88.1045429, 41.7407439], [-88.1044817, 41.7407362]]}}, {"type": "Feature", "id": 1071128614, "properties": {"osm_id": 1071128614, "osm_type": "way", "crossing": "uncontrolled", "highway": "footway"}, "geometry": {"type": "LineString", "coordinates": [[-88.103289, 41.7423172], [-88.1033101, 41.7423613], [-88.1033388, 41.7424214]]}}, {"type": "Feature", "id": 1071128615, "properties": {"osm_id": 1071128615, "osm_type": "way", "highway": "footway"}, "geometry": {"type": "LineString", "coordinates": [[-88.1032837, 41.7424575], [-88.1033483, 41.7424472], [-88.1036841, 41.7424888], [-88.1040149, 41.7425297], [-88.1040467, 41.7425336]]}}, {"type": "Feature", "id": 1071128616, "properties": {"osm_id": 1071128616, "osm_type": "way", "crossing": "unmarked", "highway": "footway"}, "geometry": {"type": "LineString", "coordinates": [[-88.1040467, 41.7425336], [-88.1041084, 41.7425411], [-88.1041787, 41.7425496]]}}, {"type": "Feature", "id": 1071128617, "properties": {"osm_id": 1071128617, "osm_type": "way", "highway": "footway"}, "geometry": {"type": "LineString", "coordinates": [[-88.1041787, 41.7425496], [-88.104202, 41.7425533], [-88.1044083, 41.7425857], [-88.1045681, 41.7426113], [-88.1047044, 41.7426345], [-88.1049613, 41.7426841], [-88.1051591, 41.7427175], [-88.1053542, 41.7427442], [-88.1055456, 41.7427522], [-88.1056851, 41.7427426], [-88.1057988, 41.7427281], [-88.105949, 41.7426993], [-88.1060703, 41.7426649], [-88.1062151, 41.7426145], [-88.1064608, 41.7425072], [-88.1068009, 41.7423447], [-88.1070305, 41.7422118], [-88.1071498425319, 41.7421289962609]]}}, {"type": "Feature", "id": 1071128618, "properties": {"osm_id": 1071128618, "osm_type": "way", "highway": "footway"}, "geometry": {"type": "LineString", "coordinates": [[-88.1032809, 41.7422863], [-88.1033997, 41.7422895], [-88.1035324, 41.7423047], [-88.1037672, 41.7423304], [-88.1042163, 41.7423885], [-88.1045493, 41.7424437], [-88.104927, 41.7425094], [-88.1051783, 41.7425608], [-88.1052919, 41.7425789], [-88.1053735, 41.7425837], [-88.1054781, 41.7425903], [-88.1055815, 41.7425856], [-88.1056606, 41.7425789], [-88.1057805, 41.7425656], [-88.1058788, 41.7425456], [-88.1059515, 41.7425256], [-88.1060484, 41.7424942], [-88.1061735, 41.7424437], [-88.106592, 41.7422533], [-88.1067132, 41.7421886], [-88.106805, 41.7421324], [-88.1069173, 41.742061], [-88.1070505564612, 41.74196868177999]]}}, {"type": "Feature", "id": 1071128619, "properties": {"osm_id": 1071128619, "osm_type": "way", "highway": "footway"}, "geometry": {"type": "LineString", "coordinates": [[-88.1040149, 41.7425297], [-88.1040013, 41.7426192], [-88.1039911, 41.7426982], [-88.1039911, 41.7427868], [-88.1040064, 41.7428829], [-88.104037, 41.7429998], [-88.1040715, 41.7430845], [-88.1041225, 41.7431864], [-88.1041723, 41.7432625], [-88.1042156, 41.7433235], [-88.1042569, 41.7433671], [-88.1041598, 41.7434181], [-88.1040908, 41.7434475], [-88.1040339, 41.7434628], [-88.1039785, 41.7434634], [-88.1039352, 41.7434577], [-88.103895, 41.743443], [-88.1038525, 41.74343], [-88.1038032, 41.7434192], [-88.1037494, 41.7434186], [-88.1037046, 41.7434271], [-88.1036682, 41.7434447], [-88.1036287, 41.743473], [-88.1036045, 41.7435047], [-88.1035946, 41.7435432], [-88.1035942, 41.7435718], [-88.1036022, 41.7436015], [-88.1036166, 41.743632], [-88.10365, 41.7436598], [-88.1036841, 41.7436796], [-88.1037228, 41.7436932], [-88.1037653, 41.7436983], [-88.1038123, 41.7436977], [-88.1038571, 41.7436898], [-88.103892, 41.7436722], [-88.1039239, 41.7436524], [-88.1039732, 41.7436394], [-88.1041454, 41.7435924], [-88.1042182, 41.7435647], [-88.1042933, 41.7435313], [-88.1043419, 41.7435013], [-88.1044003, 41.7434662], [-88.10448, 41.7435126], [-88.1045376, 41.7435409], [-88.104681, 41.7435862], [-88.1047743, 41.7436071], [-88.1048692, 41.7436224], [-88.1050343, 41.7436247], [-88.1051792, 41.7436111], [-88.1053422, 41.7435952], [-88.1054409, 41.7435862], [-88.105516, 41.7435879], [-88.1055653, 41.7436009], [-88.1055987, 41.7436173], [-88.1056374, 41.7436411], [-88.1056692, 41.7436524], [-88.1057246, 41.7436671], [-88.1057686, 41.7436666], [-88.1058172, 41.7436603], [-88.1058618, 41.7436384], [-88.1058832, 41.7436213], [-88.105915, 41.7435947], [-88.1059309, 41.7435669], [-88.1059355, 41.7435403], [-88.105937, 41.7435024], [-88.1059287, 41.7434741], [-88.1059105, 41.7434469], [-88.1058763, 41.7434147], [-88.1058414, 41.7433949], [-88.1057944, 41.7433835], [-88.1057329, 41.7433818], [-88.105692, 41.7433898], [-88.1056495, 41.743405], [-88.1056123, 41.7434226], [-88.1055729, 41.7434401], [-88.1055327, 41.7434481], [-88.1054485, 41.7434447], [-88.1053658, 41.7434435], [-88.1052535, 41.7434543], [-88.1050661, 41.7434741], [-88.1049834, 41.7434758], [-88.1049078, 41.7434713], [-88.1048324, 41.7434622], [-88.1047528, 41.7434464], [-88.1046397, 41.7434118], [-88.1045631, 41.7433801], [-88.1044979, 41.7433405], [-88.1044478, 41.7432998], [-88.1044008, 41.7432567], [-88.104356, 41.7432052], [-88.1043006, 41.7431248], [-88.1042642, 41.7430648], [-88.1042407, 41.7429975], [-88.1042172, 41.7429358], [-88.1041959, 41.7428226], [-88.1041861, 41.7427145], [-88.1041929, 41.742624], [-88.104202, 41.7425533]]}}, {"type": "Feature", "id": 1071128620, "properties": {"osm_id": 1071128620, "osm_type": "way", "highway": "footway"}, "geometry": {"type": "LineString", "coordinates": [[-88.1044003, 41.7434662], [-88.1043743, 41.743447]]}}, {"type": "Feature", "id": 1071128621, "properties": {"osm_id": 1071128621, "osm_type": "way", "highway": "footway"}, "geometry": {"type": "LineString", "coordinates": [[-88.1042569, 41.7433671], [-88.1042795, 41.7433836]]}}, {"type": "Feature", "id": 1071128622, "properties": {"osm_id": 1071128622, "osm_type": "way", "crossing": "unmarked", "highway": "footway"}, "geometry": {"type": "LineString", "coordinates": [[-88.1043743, 41.743447], [-88.1043198, 41.7434105], [-88.1042795, 41.7433836]]}}, {"type": "Feature", "id": 1071128623, "properties": {"osm_id": 1071128623, "osm_type": "way", "highway": "footway"}, "geometry": {"type": "LineString", "coordinates": [[-88.103573, 41.744157], [-88.1035622, 41.7438801], [-88.1035429, 41.7435765], [-88.10353, 41.7433406], [-88.1035172, 41.7432086], [-88.1034925, 41.7430484], [-88.1034657, 41.7428915], [-88.1034378, 41.7427803], [-88.1033938, 41.742609], [-88.1033483, 41.7424472], [-88.1033388, 41.7424214]]}}, {"type": "Feature", "id": 1071139201, "properties": {"osm_id": 1071139201, "osm_type": "way", "highway": "footway"}, "geometry": {"type": "LineString", "coordinates": [[-88.103573, 41.744157], [-88.1035885, 41.7444689], [-88.1035958, 41.7445975], [-88.1035981, 41.7446378]]}}, {"type": "Feature", "id": 1071139202, "properties": {"osm_id": 1071139202, "osm_type": "way", "crossing": "unmarked", "highway": "footway"}, "geometry": {"type": "LineString", "coordinates": [[-88.1035981, 41.7446378], [-88.1035986, 41.744673], [-88.1035992, 41.7447219]]}}, {"type": "Feature", "id": 1071139203, "properties": {"osm_id": 1071139203, "osm_type": "way", "highway": "footway"}, "geometry": {"type": "LineString", "coordinates": [[-88.1035992, 41.7447219], [-88.1036013, 41.74476], [-88.1036174, 41.7450445], [-88.1036206, 41.7451309], [-88.1036131, 41.7451718], [-88.1036013, 41.7452174], [-88.1035917, 41.7452606], [-88.103597, 41.7453054], [-88.1036088, 41.7453551], [-88.1036046, 41.7453959], [-88.1035938, 41.7454335], [-88.1035895, 41.7454776], [-88.1035874, 41.7455248], [-88.1035949, 41.7455872], [-88.1036056, 41.7457177], [-88.1036142, 41.7457865], [-88.1036239, 41.7458354], [-88.1036389, 41.745925], [-88.1036518, 41.7459867], [-88.1036546, 41.7460107], [-88.1036603, 41.7460587]]}}, {"type": "Feature", "id": 1071139204, "properties": {"osm_id": 1071139204, "osm_type": "way", "crossing": "unmarked", "highway": "footway"}, "geometry": {"type": "LineString", "coordinates": [[-88.1036603, 41.7460587], [-88.1036652, 41.7461099], [-88.1036703, 41.7461632]]}}, {"type": "Feature", "id": 1071139205, "properties": {"osm_id": 1071139205, "osm_type": "way", "crossing": "unmarked", "highway": "footway"}, "geometry": {"type": "LineString", "coordinates": [[-88.103736, 41.7478534], [-88.1037363, 41.7479009], [-88.1037369, 41.7479742]]}}, {"type": "Feature", "id": 1071139206, "properties": {"osm_id": 1071139206, "osm_type": "way", "highway": "footway"}, "geometry": {"type": "LineString", "coordinates": [[-88.1037369, 41.7479742], [-88.1037476, 41.7483016], [-88.1037433, 41.7483776], [-88.1037508, 41.748637], [-88.1037575, 41.7487659], [-88.1037665, 41.7488709]]}}, {"type": "Feature", "id": 1071139207, "properties": {"osm_id": 1071139207, "osm_type": "way", "highway": "footway"}, "geometry": {"type": "LineString", "coordinates": [[-88.1037575, 41.7487659], [-88.1042422, 41.7487547], [-88.1042872, 41.7487651], [-88.1046295, 41.7487539]]}}, {"type": "Feature", "id": 1071139208, "properties": {"osm_id": 1071139208, "osm_type": "way", "crossing": "unmarked", "highway": "footway"}, "geometry": {"type": "LineString", "coordinates": [[-88.1046295, 41.7487539], [-88.1046658, 41.7487534], [-88.1047585, 41.7487521], [-88.1048054, 41.7487515]]}}, {"type": "Feature", "id": 1071139209, "properties": {"osm_id": 1071139209, "osm_type": "way", "highway": "footway"}, "geometry": {"type": "LineString", "coordinates": [[-88.1048054, 41.7487515], [-88.1049117, 41.7487491]]}}, {"type": "Feature", "id": 1071139210, "properties": {"osm_id": 1071139210, "osm_type": "way", "highway": "footway"}, "geometry": {"type": "LineString", "coordinates": [[-88.1035742, 41.7460049], [-88.1036546, 41.7460107], [-88.1039111, 41.7460057], [-88.1041419, 41.7459984], [-88.1041908, 41.7459969]]}}, {"type": "Feature", "id": 1071139211, "properties": {"osm_id": 1071139211, "osm_type": "way", "highway": "footway"}, "geometry": {"type": "LineString", "coordinates": [[-88.1043107, 41.745998], [-88.1043575, 41.7459955], [-88.1044786, 41.7459889], [-88.1045655, 41.7459953], [-88.1046095, 41.7460009], [-88.1046696, 41.7460025], [-88.1047511, 41.7459937], [-88.1050591, 41.7459817], [-88.1052955, 41.745975], [-88.1053429, 41.7459737]]}}, {"type": "Feature", "id": 1071139212, "properties": {"osm_id": 1071139212, "osm_type": "way", "crossing": "unmarked", "highway": "footway"}, "geometry": {"type": "LineString", "coordinates": [[-88.1053429, 41.7459737], [-88.1054075, 41.7459694], [-88.1054641, 41.7459657]]}}, {"type": "Feature", "id": 1071139213, "properties": {"osm_id": 1071139213, "osm_type": "way", "highway": "footway"}, "geometry": {"type": "LineString", "coordinates": [[-88.1055261, 41.7461743], [-88.1055253, 41.746125]]}}, {"type": "Feature", "id": 1071139214, "properties": {"osm_id": 1071139214, "osm_type": "way", "crossing": "unmarked", "highway": "footway"}, "geometry": {"type": "LineString", "coordinates": [[-88.1055253, 41.746125], [-88.105523, 41.7460678], [-88.105521, 41.7460153]]}}, {"type": "Feature", "id": 1071139215, "properties": {"osm_id": 1071139215, "osm_type": "way", "crossing": "unmarked", "highway": "footway"}, "geometry": {"type": "LineString", "coordinates": [[-88.1052875, 41.7460727], [-88.1052935, 41.7460201]]}}, {"type": "Feature", "id": 1071139216, "properties": {"osm_id": 1071139216, "osm_type": "way", "highway": "footway"}, "geometry": {"type": "LineString", "coordinates": [[-88.1054641, 41.7459657], [-88.1055143, 41.7459687], [-88.1055456, 41.7459705], [-88.1057152, 41.7459753], [-88.1058031, 41.7459817], [-88.1058965, 41.7459953], [-88.1059909, 41.7460121], [-88.106063, 41.746031]]}}, {"type": "Feature", "id": 1071139217, "properties": {"osm_id": 1071139217, "osm_type": "way", "highway": "footway"}, "geometry": {"type": "LineString", "coordinates": [[-88.103522, 41.7446008], [-88.1035958, 41.7445975], [-88.1040787, 41.7445865], [-88.1041207, 41.7445856], [-88.104288, 41.744582], [-88.1045904, 41.7445756], [-88.1046485, 41.7445744], [-88.1047973, 41.7445698], [-88.1050627, 41.7445616], [-88.1051056, 41.744556], [-88.1051474, 41.7445384], [-88.105186, 41.7445111], [-88.1052322, 41.7444879], [-88.1052794, 41.7444743], [-88.1053438, 41.7444719], [-88.1053985, 41.7444767], [-88.1054532, 41.7444959], [-88.1054961, 41.7445184], [-88.1055219, 41.7445432], [-88.1055465, 41.7445752], [-88.1055616, 41.7446144], [-88.1055658, 41.74466], [-88.1055573, 41.7447001], [-88.1055369, 41.7447417], [-88.1055146, 41.7447669], [-88.1055015, 41.7447817], [-88.1054789, 41.7448137], [-88.1054693, 41.744849], [-88.1054661, 41.7448954], [-88.1054789, 41.7452172], [-88.1054972, 41.7455742], [-88.1055101, 41.745908], [-88.1055143, 41.7459687], [-88.105521, 41.7460153]]}}, {"type": "Feature", "id": 1071139218, "properties": {"osm_id": 1071139218, "osm_type": "way", "highway": "footway"}, "geometry": {"type": "LineString", "coordinates": [[-88.1052935, 41.7460201], [-88.1052955, 41.745975], [-88.1052837, 41.7456663], [-88.1052729, 41.7454269], [-88.1052569, 41.7450171], [-88.1052397, 41.7447217], [-88.1047215, 41.7447313], [-88.1043031, 41.7447441], [-88.1042601, 41.7447409]]}}, {"type": "Feature", "id": 1071139219, "properties": {"osm_id": 1071139219, "osm_type": "way", "crossing": "unmarked", "highway": "footway"}, "geometry": {"type": "LineString", "coordinates": [[-88.1042601, 41.7447409], [-88.1041938, 41.7447437], [-88.1041271, 41.7447465]]}}, {"type": "Feature", "id": 1071139220, "properties": {"osm_id": 1071139220, "osm_type": "way", "highway": "footway"}, "geometry": {"type": "LineString", "coordinates": [[-88.104288, 41.744582], [-88.1042902, 41.7446208]]}}, {"type": "Feature", "id": 1071139221, "properties": {"osm_id": 1071139221, "osm_type": "way", "crossing": "unmarked", "highway": "footway"}, "geometry": {"type": "LineString", "coordinates": [[-88.1042902, 41.7446208], [-88.1042923, 41.7446565], [-88.1042955, 41.7447105]]}}, {"type": "Feature", "id": 1071139222, "properties": {"osm_id": 1071139222, "osm_type": "way", "highway": "footway"}, "geometry": {"type": "LineString", "coordinates": [[-88.1040787, 41.7445865], [-88.104082, 41.7446296]]}}, {"type": "Feature", "id": 1071139223, "properties": {"osm_id": 1071139223, "osm_type": "way", "crossing": "unmarked", "highway": "footway"}, "geometry": {"type": "LineString", "coordinates": [[-88.104082, 41.7446296], [-88.1040824, 41.7446615], [-88.1040831, 41.7447161]]}}, {"type": "Feature", "id": 1071139224, "properties": {"osm_id": 1071139224, "osm_type": "way", "highway": "footway"}, "geometry": {"type": "LineString", "coordinates": [[-88.1041271, 41.7447465], [-88.1040848, 41.7447476], [-88.1036013, 41.74476], [-88.1035306, 41.7447609]]}}, {"type": "Feature", "id": 1071139225, "properties": {"osm_id": 1071139225, "osm_type": "way", "highway": "footway"}, "geometry": {"type": "LineString", "coordinates": [[-88.1052397, 41.7447217], [-88.1052847, 41.7447256]]}}, {"type": "Feature", "id": 1071139226, "properties": {"osm_id": 1071139226, "osm_type": "way", "highway": "footway"}, "geometry": {"type": "LineString", "coordinates": [[-88.1055146, 41.7447669], [-88.1054402, 41.7447488]]}}, {"type": "Feature", "id": 1071139227, "properties": {"osm_id": 1071139227, "osm_type": "way", "crossing": "unmarked", "highway": "footway"}, "geometry": {"type": "LineString", "coordinates": [[-88.1054402, 41.7447488], [-88.1053527, 41.7447358], [-88.1052847, 41.7447256]]}}, {"type": "Feature", "id": 1071139228, "properties": {"osm_id": 1071139228, "osm_type": "way", "highway": "footway"}, "geometry": {"type": "LineString", "coordinates": [[-88.1040831, 41.7447161], [-88.1040848, 41.7447476], [-88.104101, 41.745077], [-88.1041149, 41.7453916], [-88.1041278, 41.7456693], [-88.1041331, 41.7456998], [-88.1041449, 41.7457102], [-88.1041492, 41.745731], [-88.1041471, 41.7457558], [-88.1041364, 41.7457686], [-88.104131, 41.745787], [-88.1041419, 41.7459984], [-88.1041478, 41.7460372]]}}, {"type": "Feature", "id": 1071139229, "properties": {"osm_id": 1071139229, "osm_type": "way", "highway": "footway"}, "geometry": {"type": "LineString", "coordinates": [[-88.1043611, 41.7460394], [-88.1043575, 41.7459955], [-88.1043413, 41.7456709], [-88.1043241, 41.7452491], [-88.1043069, 41.7448544], [-88.1043031, 41.7447441], [-88.1042955, 41.7447105]]}}, {"type": "Feature", "id": 1071139230, "properties": {"osm_id": 1071139230, "osm_type": "way", "highway": "footway"}, "geometry": {"type": "LineString", "coordinates": [[-88.103688, 41.7466469], [-88.1038039, 41.7466469], [-88.1038904, 41.7466684]]}}, {"type": "Feature", "id": 1071139256, "properties": {"osm_id": 1071139256, "osm_type": "way", "highway": "footway"}, "geometry": {"type": "LineString", "coordinates": [[-88.10868370054625, 41.744605674506566], [-88.1083417, 41.7446142]]}}, {"type": "Feature", "id": 1071139286, "properties": {"osm_id": 1071139286, "osm_type": "way", "highway": "footway"}, "geometry": {"type": "LineString", "coordinates": [[-88.11091347616477, 41.74820603172048], [-88.1107074, 41.7482123], [-88.1106325, 41.7482109], [-88.110508, 41.7482015], [-88.1104358, 41.7481924], [-88.1103852, 41.7481968], [-88.1103267, 41.748213], [-88.1102915, 41.7482298], [-88.1102671, 41.748252], [-88.1102175, 41.7482782], [-88.1101661, 41.7482944], [-88.1101156, 41.7483011], [-88.1100722, 41.7483018], [-88.1100262, 41.7482917], [-88.1099775, 41.7482688], [-88.1099468, 41.748248], [-88.1099189, 41.748217], [-88.1099035, 41.7481827], [-88.1099008, 41.7481578], [-88.1099008, 41.7481127], [-88.109918, 41.7480723], [-88.1099441, 41.7480433], [-88.1099793, 41.7480097], [-88.1100127, 41.7479868], [-88.1100389, 41.7479727], [-88.1100479, 41.7479612], [-88.1100452, 41.7479343], [-88.1100307, 41.7479006], [-88.1100028, 41.7478434], [-88.109973, 41.7478037], [-88.109955, 41.7477781], [-88.1099486, 41.7477465], [-88.1099144, 41.7474887], [-88.1098729, 41.747208], [-88.1098368, 41.7469408], [-88.1097944, 41.7466457], [-88.10975257871509, 41.74633156261567]]}}, {"type": "Feature", "id": 1071139287, "properties": {"osm_id": 1071139287, "osm_type": "way", "highway": "footway"}, "geometry": {"type": "LineString", "coordinates": [[-88.11003264653276, 41.7467837803991], [-88.1100556, 41.7469646], [-88.1101039, 41.7473024], [-88.1101554, 41.7476984], [-88.1101768, 41.747768], [-88.1102036, 41.7478233], [-88.1102348, 41.7478641], [-88.110283, 41.7479169], [-88.1103324, 41.7479577], [-88.1103946, 41.7479906], [-88.1104622, 41.748017], [-88.1105244, 41.7480346], [-88.1106092, 41.748045], [-88.1106993, 41.7480474], [-88.11081362611066, 41.74804480659106]]}}, {"type": "Feature", "id": 1071394195, "properties": {"osm_id": 1071394195, "osm_type": "way", "highway": "footway"}, "geometry": {"type": "LineString", "coordinates": [[-88.11144050709375, 41.749057014030676], [-88.1111437, 41.7490663], [-88.1110185, 41.7490576], [-88.1109005, 41.749055], [-88.1108279, 41.7490596], [-88.1107503, 41.7490725], [-88.110709, 41.7490768], [-88.110575, 41.7490792], [-88.1104239, 41.7490821], [-88.1102069, 41.7490955], [-88.1096542, 41.7491052]]}}, {"type": "Feature", "id": 1071394196, "properties": {"osm_id": 1071394196, "osm_type": "way", "crossing": "unmarked", "highway": "footway"}, "geometry": {"type": "LineString", "coordinates": [[-88.1096542, 41.7491052], [-88.1096117, 41.7491079], [-88.1095948272211, 41.74910905332919]]}}, {"type": "Feature", "id": 1071394203, "properties": {"osm_id": 1071394203, "osm_type": "way", "highway": "footway"}, "geometry": {"type": "LineString", "coordinates": [[-88.10720645829053, 41.749172722220344], [-88.1070834, 41.7491753], [-88.106963, 41.7492053], [-88.1062811, 41.749221], [-88.1056789, 41.7492315], [-88.1055372, 41.7492334], [-88.1055066, 41.7492367], [-88.1054377, 41.7492572], [-88.1053446, 41.7492596], [-88.1051238, 41.7492648], [-88.1047213, 41.7492729], [-88.1042562, 41.7492839], [-88.1040942, 41.7492891], [-88.1038533, 41.7492877], [-88.1038167, 41.7492905]]}}, {"type": "Feature", "id": 1071394204, "properties": {"osm_id": 1071394204, "osm_type": "way", "crossing": "unmarked", "highway": "footway"}, "geometry": {"type": "LineString", "coordinates": [[-88.1038594, 41.7504947], [-88.1038599, 41.7505215], [-88.1038607, 41.7505727]]}}, {"type": "Feature", "id": 1071394205, "properties": {"osm_id": 1071394205, "osm_type": "way", "highway": "footway"}, "geometry": {"type": "LineString", "coordinates": [[-88.1038607, 41.7505727], [-88.1038627, 41.7505929], [-88.1038694, 41.7509311]]}}, {"type": "Feature", "id": 1071394206, "properties": {"osm_id": 1071394206, "osm_type": "way", "highway": "footway"}, "geometry": {"type": "LineString", "coordinates": [[-88.1038533, 41.7492877], [-88.1038486, 41.749238], [-88.1037721, 41.7491426]]}}, {"type": "Feature", "id": 1071394207, "properties": {"osm_id": 1071394207, "osm_type": "way", "crossing": "traffic_signals", "highway": "footway"}, "geometry": {"type": "LineString", "coordinates": [[-88.1037721, 41.7491426], [-88.1037718, 41.7490655], [-88.1037714, 41.7489399], [-88.1037665, 41.7488709]]}}, {"type": "Feature", "id": 1071394208, "properties": {"osm_id": 1071394208, "osm_type": "way", "highway": "footway"}, "geometry": {"type": "LineString", "coordinates": [[-88.1034353, 41.7491432], [-88.1034155, 41.7491583], [-88.103417, 41.7491866], [-88.1034572, 41.7492177], [-88.1034686, 41.7492607], [-88.1034585, 41.7492915], [-88.1034473, 41.7493315], [-88.1034458, 41.749383], [-88.1034178, 41.7494232], [-88.1034094, 41.74946], [-88.1034132, 41.749503], [-88.1034269, 41.7495341], [-88.103436, 41.7495539], [-88.1034284, 41.7495879], [-88.1034314, 41.7496552], [-88.1034443, 41.7497928], [-88.1034314, 41.7498782], [-88.1034284, 41.7499416], [-88.1034305, 41.7499975]]}}, {"type": "Feature", "id": 1071394209, "properties": {"osm_id": 1071394209, "osm_type": "way", "crossing": "unmarked", "highway": "footway"}, "geometry": {"type": "LineString", "coordinates": [[-88.1035905, 41.752968], [-88.1035897, 41.7530068], [-88.1035883, 41.7530858], [-88.1035876, 41.7531228]]}}, {"type": "Feature", "id": 1071394210, "properties": {"osm_id": 1071394210, "osm_type": "way", "highway": "footway"}, "geometry": {"type": "LineString", "coordinates": [[-88.1035876, 41.7531228], [-88.1035973, 41.7531471], [-88.1036189, 41.7531659], [-88.1036342, 41.7531901], [-88.1036379, 41.753215], [-88.1036333, 41.7532426], [-88.103636, 41.7533968], [-88.1036451, 41.7536976], [-88.1036559, 41.7540435], [-88.1036649, 41.7540798], [-88.1036739, 41.7541095], [-88.1036757, 41.7541471], [-88.1036676, 41.7541801], [-88.1036631, 41.7542266], [-88.1036595, 41.7544433], [-88.1036676, 41.7547838], [-88.1036649, 41.7549083], [-88.1036712, 41.7549366], [-88.1036812, 41.7549656], [-88.1036794, 41.7550241], [-88.1036839, 41.7551944], [-88.1036839, 41.7552906], [-88.1036839, 41.7553438], [-88.1036676, 41.7553842], [-88.1036478, 41.7554185], [-88.1036451, 41.7554373], [-88.1036454, 41.7554572], [-88.103646, 41.7554638]]}}, {"type": "Feature", "id": 1071394211, "properties": {"osm_id": 1071394211, "osm_type": "way", "crossing": "traffic_signals", "highway": "cycleway"}, "geometry": {"type": "LineString", "coordinates": [[-88.103646, 41.7554638], [-88.1036558, 41.755578], [-88.1036678, 41.7557172]]}}, {"type": "Feature", "id": 1071394212, "properties": {"osm_id": 1071394212, "osm_type": "way", "highway": "footway"}, "geometry": {"type": "LineString", "coordinates": [[-88.1033797, 41.7476648], [-88.1033668, 41.7473738], [-88.103366, 41.7473417]]}}, {"type": "Feature", "id": 1071394213, "properties": {"osm_id": 1071394213, "osm_type": "way", "highway": "footway"}, "geometry": {"type": "LineString", "coordinates": [[-88.1033634, 41.7472561], [-88.1033616, 41.7472113], [-88.1033548, 41.7469687], [-88.1033518, 41.7469002], [-88.1033373, 41.7465419], [-88.1033312, 41.7463448], [-88.1032945, 41.7454393]]}}, {"type": "Feature", "id": 1071394214, "properties": {"osm_id": 1071394214, "osm_type": "way", "crossing": "unmarked", "highway": "footway"}, "geometry": {"type": "LineString", "coordinates": [[-88.103366, 41.7473417], [-88.1033645, 41.7472943], [-88.1033634, 41.7472561]]}}, {"type": "Feature", "id": 1071394215, "properties": {"osm_id": 1071394215, "osm_type": "way", "crossing": "unmarked", "highway": "footway"}, "geometry": {"type": "LineString", "coordinates": [[-88.1032945, 41.7454393], [-88.1032931, 41.7453855], [-88.1032918, 41.7453343]]}}, {"type": "Feature", "id": 1071394216, "properties": {"osm_id": 1071394216, "osm_type": "way", "highway": "footway"}, "geometry": {"type": "LineString", "coordinates": [[-88.1032918, 41.7453343], [-88.1032864, 41.7453061], [-88.1032693, 41.7450274], [-88.1032603, 41.7447649], [-88.1032531, 41.7445567], [-88.1032395, 41.7442647], [-88.1032278, 41.7440461], [-88.1032197, 41.7438065], [-88.1032152, 41.7437159], [-88.103198, 41.7434248], [-88.1031881, 41.7432814], [-88.1031926, 41.7432397], [-88.1031845, 41.743204], [-88.1031737, 41.7431508], [-88.1031583, 41.7430519], [-88.1031267, 41.742897], [-88.1030934, 41.7427637], [-88.1030437, 41.7425901], [-88.1030068, 41.7424929], [-88.102995, 41.7424622]]}}, {"type": "Feature", "id": 1071394217, "properties": {"osm_id": 1071394217, "osm_type": "way", "highway": "footway"}, "geometry": {"type": "LineString", "coordinates": [[-88.1032759, 41.7422709], [-88.1032034, 41.7422892]]}}, {"type": "Feature", "id": 1071394218, "properties": {"osm_id": 1071394218, "osm_type": "way", "crossing": "unmarked", "highway": "footway"}, "geometry": {"type": "LineString", "coordinates": [[-88.1032034, 41.7422892], [-88.1031052, 41.7423051], [-88.1029995, 41.7423222]]}}, {"type": "Feature", "id": 1071394219, "properties": {"osm_id": 1071394219, "osm_type": "way", "highway": "footway"}, "geometry": {"type": "LineString", "coordinates": [[-88.1014932, 41.743626], [-88.1015093, 41.7436126], [-88.1016132, 41.7435264], [-88.1017142, 41.7434436], [-88.101827, 41.7433513], [-88.1019371, 41.7432669], [-88.1020561, 41.7431682], [-88.1022068, 41.7430434], [-88.1022997, 41.7429656], [-88.1023313, 41.7429784], [-88.1023557, 41.7429885], [-88.1023918, 41.7429993], [-88.1024405, 41.743008], [-88.1024865, 41.743004], [-88.1025334, 41.7429932], [-88.1025776, 41.7429717], [-88.1026083, 41.7429401], [-88.1026254, 41.7429077], [-88.1026308, 41.7428734], [-88.1026308, 41.7428411], [-88.1026209, 41.7428095], [-88.1026029, 41.7427852], [-88.1025695, 41.7427516], [-88.1026011, 41.7427193], [-88.1026651, 41.7426708], [-88.1027362, 41.7426151], [-88.1028038, 41.7425695], [-88.1028757, 41.742535], [-88.1029487, 41.7425086], [-88.1030068, 41.7424929], [-88.1030392, 41.7424877], [-88.1030771, 41.742483]]}}, {"type": "Feature", "id": 1071394220, "properties": {"osm_id": 1071394220, "osm_type": "way", "crossing": "unmarked", "highway": "footway"}, "geometry": {"type": "LineString", "coordinates": [[-88.1030771, 41.742483], [-88.1031728, 41.7424712], [-88.1032837, 41.7424575]]}}, {"type": "Feature", "id": 1071394222, "properties": {"osm_id": 1071394222, "osm_type": "way", "crossing": "uncontrolled", "highway": "footway"}, "geometry": {"type": "LineString", "coordinates": [[-88.102995, 41.7424622], [-88.1029784, 41.7424083], [-88.1029635, 41.7423598]]}}, {"type": "Feature", "id": 1071394223, "properties": {"osm_id": 1071394223, "osm_type": "way", "highway": "footway"}, "geometry": {"type": "LineString", "coordinates": [[-88.1029635, 41.7423598], [-88.102949, 41.7423336], [-88.1029027, 41.7422372], [-88.1028405, 41.7421075], [-88.1027825, 41.7420075], [-88.1027094, 41.7418836], [-88.1026598, 41.7418055], [-88.1025957, 41.7416877], [-88.1025452, 41.7415813], [-88.1025145, 41.7415113], [-88.1024586, 41.7413929], [-88.1024108, 41.7412697], [-88.1023729, 41.7411505], [-88.1023323, 41.7410375], [-88.1022962, 41.7408928], [-88.1022583, 41.7407117], [-88.1022348, 41.7405798], [-88.1022222, 41.7404909], [-88.1022193, 41.7404601], [-88.1022105, 41.7403543], [-88.1022042, 41.7402142], [-88.1021987, 41.7399961], [-88.1022014, 41.7398204], [-88.1021988, 41.739455], [-88.1021996, 41.7393272], [-88.1022014, 41.7390876], [-88.1021906, 41.7389678], [-88.1021753, 41.7388688], [-88.1021563, 41.73879], [-88.1021392, 41.7387187], [-88.1021076, 41.7386211], [-88.1020842, 41.7385571], [-88.1020546, 41.7384918], [-88.1020391, 41.7384575]]}}, {"type": "Feature", "id": 1071394225, "properties": {"osm_id": 1071394225, "osm_type": "way", "highway": "footway"}, "geometry": {"type": "LineString", "coordinates": [[-88.1023509, 41.7383854], [-88.1022962, 41.738405]]}}, {"type": "Feature", "id": 1071394226, "properties": {"osm_id": 1071394226, "osm_type": "way", "crossing": "unmarked", "highway": "footway"}, "geometry": {"type": "LineString", "coordinates": [[-88.1022962, 41.738405], [-88.1022103, 41.7384362], [-88.1021184, 41.7384696]]}}, {"type": "Feature", "id": 1071394227, "properties": {"osm_id": 1071394227, "osm_type": "way", "highway": "footway"}, "geometry": {"type": "LineString", "coordinates": [[-88.1021184, 41.7384696], [-88.1020546, 41.7384918]]}}, {"type": "Feature", "id": 1071394228, "properties": {"osm_id": 1071394228, "osm_type": "way", "crossing": "uncontrolled", "highway": "footway"}, "geometry": {"type": "LineString", "coordinates": [[-88.1020391, 41.7384575], [-88.102016, 41.7384105], [-88.1019994, 41.7383767]]}}, {"type": "Feature", "id": 1071394229, "properties": {"osm_id": 1071394229, "osm_type": "way", "highway": "footway"}, "geometry": {"type": "LineString", "coordinates": [[-88.1019994, 41.7383767], [-88.1019822, 41.7383471], [-88.1020535, 41.7383228]]}}, {"type": "Feature", "id": 1071394230, "properties": {"osm_id": 1071394230, "osm_type": "way", "crossing": "unmarked", "highway": "footway"}, "geometry": {"type": "LineString", "coordinates": [[-88.1020535, 41.7383228], [-88.1021402, 41.7382954], [-88.1022384, 41.7382643]]}}, {"type": "Feature", "id": 1071394231, "properties": {"osm_id": 1071394231, "osm_type": "way", "highway": "footway"}, "geometry": {"type": "LineString", "coordinates": [[-88.1022384, 41.7382643], [-88.1022938, 41.7382457]]}}, {"type": "Feature", "id": 1071394232, "properties": {"osm_id": 1071394232, "osm_type": "way", "highway": "footway"}, "geometry": {"type": "LineString", "coordinates": [[-88.1019822, 41.7383471], [-88.1019452, 41.738273], [-88.1018938, 41.7381916], [-88.1018279, 41.7381007], [-88.1017576, 41.7380078], [-88.101671, 41.7379129], [-88.1015871, 41.7378317], [-88.1014932, 41.7377499], [-88.1013868, 41.7376624], [-88.1013155, 41.7376092], [-88.1011741, 41.7375121], [-88.1010286, 41.7374288], [-88.1008292, 41.7373144], [-88.1006289, 41.7371966], [-88.1003998, 41.7370565], [-88.1002758, 41.7369879], [-88.1001255, 41.7368983], [-88.0999126, 41.7367733], [-88.0999622, 41.7367208]]}}, {"type": "Feature", "id": 1071394233, "properties": {"osm_id": 1071394233, "osm_type": "way", "crossing": "uncontrolled", "highway": "footway"}, "geometry": {"type": "LineString", "coordinates": [[-88.0999622, 41.7367208], [-88.1000261, 41.736661], [-88.1000858, 41.736605]]}}, {"type": "Feature", "id": 1071394234, "properties": {"osm_id": 1071394234, "osm_type": "way", "highway": "footway"}, "geometry": {"type": "LineString", "coordinates": [[-88.1000858, 41.736605], [-88.1001261, 41.7365687], [-88.1001048, 41.7365565]]}}, {"type": "Feature", "id": 1071394235, "properties": {"osm_id": 1071394235, "osm_type": "way", "crossing": "uncontrolled", "highway": "footway"}, "geometry": {"type": "LineString", "coordinates": [[-88.1001048, 41.7365565], [-88.1000395, 41.7365203], [-88.099992, 41.7364939]]}}, {"type": "Feature", "id": 1071394236, "properties": {"osm_id": 1071394236, "osm_type": "way", "highway": "footway"}, "geometry": {"type": "LineString", "coordinates": [[-88.099992, 41.7364939], [-88.0999706, 41.7364805], [-88.1000738, 41.7363876], [-88.100152, 41.7363225], [-88.1001922, 41.7362903]]}}, {"type": "Feature", "id": 1071394237, "properties": {"osm_id": 1071394237, "osm_type": "way", "crossing": "unmarked", "highway": "footway"}, "geometry": {"type": "LineString", "coordinates": [[-88.1001922, 41.7362903], [-88.1002424, 41.7362574], [-88.1003029, 41.7362178]]}}, {"type": "Feature", "id": 1071394238, "properties": {"osm_id": 1071394238, "osm_type": "way", "highway": "footway"}, "geometry": {"type": "LineString", "coordinates": [[-88.1003029, 41.7362178], [-88.1003418, 41.7361928], [-88.1003644, 41.7361782], [-88.100444, 41.7361261], [-88.1006611, 41.736018], [-88.1008264, 41.7359336], [-88.1008514, 41.7359183], [-88.1008765, 41.7358951], [-88.1008932, 41.7358889], [-88.1009227, 41.7358849], [-88.1009561, 41.7358674], [-88.1011685, 41.7357553], [-88.1012968, 41.7356828], [-88.1013552, 41.7356472], [-88.1014007, 41.7356177], [-88.1014318, 41.7355832], [-88.101447, 41.7355719], [-88.1014606, 41.7355617], [-88.1014894, 41.7355509], [-88.1015069, 41.7355436], [-88.1015388, 41.7355266], [-88.1015752, 41.7354977], [-88.1016647, 41.7354292], [-88.101739, 41.7353686], [-88.1018134, 41.7353019], [-88.1018862, 41.7352367], [-88.1019537, 41.7351767], [-88.1019969, 41.7351346], [-88.1020182, 41.7351139]]}}, {"type": "Feature", "id": 1071394239, "properties": {"osm_id": 1071394239, "osm_type": "way", "highway": "footway"}, "geometry": {"type": "LineString", "coordinates": [[-88.101447, 41.7355719], [-88.101472, 41.7355917]]}}, {"type": "Feature", "id": 1071394240, "properties": {"osm_id": 1071394240, "osm_type": "way", "crossing": "unmarked", "highway": "footway"}, "geometry": {"type": "LineString", "coordinates": [[-88.101472, 41.7355917], [-88.1015235, 41.7356238], [-88.1015985, 41.7356706]]}}, {"type": "Feature", "id": 1071394241, "properties": {"osm_id": 1071394241, "osm_type": "way", "highway": "footway"}, "geometry": {"type": "LineString", "coordinates": [[-88.1022783, 41.7351013], [-88.1022571, 41.7350902]]}}, {"type": "Feature", "id": 1071394242, "properties": {"osm_id": 1071394242, "osm_type": "way", "crossing": "unmarked", "highway": "footway"}, "geometry": {"type": "LineString", "coordinates": [[-88.1022571, 41.7350902], [-88.1021942, 41.7350577], [-88.1021198, 41.7350194], [-88.1020624, 41.7350728], [-88.1020182, 41.7351139]]}}, {"type": "Feature", "id": 1071394243, "properties": {"osm_id": 1071394243, "osm_type": "way", "highway": "footway"}, "geometry": {"type": "LineString", "coordinates": [[-88.1021198, 41.7350194], [-88.1023245, 41.7348219], [-88.1023947, 41.7347512], [-88.1024777, 41.7346752], [-88.10251304488582, 41.7346420869433]]}}, {"type": "Feature", "id": 1072104938, "properties": {"osm_id": 1072104938, "osm_type": "way", "highway": "footway"}, "geometry": {"type": "LineString", "coordinates": [[-88.0999126, 41.7367733], [-88.0997062, 41.7366502], [-88.0994938, 41.7365237], [-88.0992831, 41.7363961], [-88.0991826, 41.7363212], [-88.0990421, 41.7362155], [-88.0989402, 41.7361258], [-88.0988468, 41.7360393], [-88.098746, 41.7359321], [-88.0986462, 41.7358096], [-88.0986259, 41.7357833], [-88.0986097, 41.7357623]]}}, {"type": "Feature", "id": 1072104939, "properties": {"osm_id": 1072104939, "osm_type": "way", "crossing": "unmarked", "highway": "footway"}, "geometry": {"type": "LineString", "coordinates": [[-88.0986097, 41.7357623], [-88.098574, 41.7357105], [-88.0985507, 41.7356767]]}}, {"type": "Feature", "id": 1072104940, "properties": {"osm_id": 1072104940, "osm_type": "way", "highway": "footway"}, "geometry": {"type": "LineString", "coordinates": [[-88.0985507, 41.7356767], [-88.0985348, 41.7356523], [-88.0984896, 41.735583], [-88.0984295, 41.7354733], [-88.0983801, 41.7353764], [-88.0983383, 41.7352812], [-88.0982911, 41.7351723], [-88.0982503, 41.7350394], [-88.0982321, 41.7349441], [-88.0982074, 41.7348128], [-88.0981938, 41.734664]]}}, {"type": "Feature", "id": 1072104941, "properties": {"osm_id": 1072104941, "osm_type": "way", "highway": "footway"}, "geometry": {"type": "LineString", "coordinates": [[-88.0999706, 41.7364805], [-88.0996982, 41.7363185], [-88.0995865, 41.7362506], [-88.0994746, 41.7361778], [-88.0993853, 41.7361154], [-88.0992933, 41.7360398], [-88.0992148, 41.7359702], [-88.099112, 41.7358742], [-88.0990254, 41.7357806], [-88.098964, 41.7357133], [-88.0989207, 41.7356722], [-88.0989036, 41.7356554]]}}, {"type": "Feature", "id": 1072104942, "properties": {"osm_id": 1072104942, "osm_type": "way", "crossing": "unmarked", "highway": "footway"}, "geometry": {"type": "LineString", "coordinates": [[-88.0987529, 41.7357194], [-88.098828, 41.7356875], [-88.0989036, 41.7356554], [-88.0988581, 41.7356], [-88.0988224, 41.7355565], [-88.0987548, 41.7355772], [-88.0986753, 41.7356016]]}}, {"type": "Feature", "id": 1072104943, "properties": {"osm_id": 1072104943, "osm_type": "way", "highway": "footway"}, "geometry": {"type": "LineString", "coordinates": [[-88.0987529, 41.7357194], [-88.0987466, 41.7357436], [-88.0986834, 41.7357685], [-88.0986259, 41.7357833]]}}, {"type": "Feature", "id": 1072104944, "properties": {"osm_id": 1072104944, "osm_type": "way", "highway": "footway"}, "geometry": {"type": "LineString", "coordinates": [[-88.0986753, 41.7356016], [-88.0986555, 41.7356049], [-88.0985905, 41.7356305], [-88.0985348, 41.7356523]]}}, {"type": "Feature", "id": 1072104945, "properties": {"osm_id": 1072104945, "osm_type": "way", "highway": "footway"}, "geometry": {"type": "LineString", "coordinates": [[-88.0988224, 41.7355565], [-88.0988124, 41.7355174], [-88.098798, 41.7354831], [-88.0987562, 41.7354098], [-88.0987385, 41.7353787], [-88.0986952, 41.7352939], [-88.0986618, 41.735203], [-88.0986004, 41.7350475], [-88.0985743, 41.7349425], [-88.0985499, 41.7348354], [-88.0985301, 41.7347082], [-88.0985246, 41.7345803], [-88.0985147, 41.7341925], [-88.0985057, 41.7339225], [-88.0984904, 41.7335677], [-88.0984786, 41.7332284], [-88.0984758, 41.7331141], [-88.098475, 41.7330843]]}}, {"type": "Feature", "id": 1072104946, "properties": {"osm_id": 1072104946, "osm_type": "way", "highway": "footway"}, "geometry": {"type": "LineString", "coordinates": [[-88.0987562, 41.7354098], [-88.0988377, 41.7353808]]}}, {"type": "Feature", "id": 1072104947, "properties": {"osm_id": 1072104947, "osm_type": "way", "crossing": "unmarked", "highway": "footway"}, "geometry": {"type": "LineString", "coordinates": [[-88.0988377, 41.7353808], [-88.0989027, 41.7353575]]}}, {"type": "Feature", "id": 1072104948, "properties": {"osm_id": 1072104948, "osm_type": "way", "highway": "footway"}, "geometry": {"type": "LineString", "coordinates": [[-88.1003418, 41.7361928], [-88.1002692, 41.7361312]]}}, {"type": "Feature", "id": 1072104949, "properties": {"osm_id": 1072104949, "osm_type": "way", "crossing": "unmarked", "highway": "footway"}, "geometry": {"type": "LineString", "coordinates": [[-88.1002692, 41.7361312], [-88.1002305, 41.7361003]]}}, {"type": "Feature", "id": 1072104950, "properties": {"osm_id": 1072104950, "osm_type": "way", "crossing": "unmarked", "highway": "footway"}, "geometry": {"type": "LineString", "coordinates": [[-88.098475, 41.7330843], [-88.0984761, 41.7330307], [-88.0984768, 41.7329985]]}}, {"type": "Feature", "id": 1072104951, "properties": {"osm_id": 1072104951, "osm_type": "way", "highway": "footway"}, "geometry": {"type": "LineString", "coordinates": [[-88.0984768, 41.7329985], [-88.0984731, 41.7329675], [-88.0984632, 41.7327096], [-88.0984533, 41.7323676], [-88.0984504, 41.7322672], [-88.0984497, 41.732241]]}}, {"type": "Feature", "id": 1072104952, "properties": {"osm_id": 1072104952, "osm_type": "way", "crossing": "unmarked", "highway": "footway"}, "geometry": {"type": "LineString", "coordinates": [[-88.0984497, 41.732241], [-88.0984491, 41.7321863], [-88.0984488, 41.7321501]]}}, {"type": "Feature", "id": 1072104953, "properties": {"osm_id": 1072104953, "osm_type": "way", "highway": "footway"}, "geometry": {"type": "LineString", "coordinates": [[-88.0984488, 41.7321501], [-88.0984472, 41.732121], [-88.0984461, 41.7321003], [-88.0984407, 41.7318391], [-88.0984289, 41.7314977], [-88.0984278, 41.7314442], [-88.0984271, 41.7314129]]}}, {"type": "Feature", "id": 1072104954, "properties": {"osm_id": 1072104954, "osm_type": "way", "crossing": "unmarked", "highway": "footway"}, "geometry": {"type": "LineString", "coordinates": [[-88.0984271, 41.7314129], [-88.0984298, 41.7313622], [-88.0984316, 41.7313274]]}}, {"type": "Feature", "id": 1072104955, "properties": {"osm_id": 1072104955, "osm_type": "way", "highway": "footway"}, "geometry": {"type": "LineString", "coordinates": [[-88.0984316, 41.7313274], [-88.0984251, 41.7312967], [-88.0984217, 41.7312809], [-88.0984181, 41.7312204], [-88.0984136, 41.7310379], [-88.0984073, 41.7308278], [-88.0983975, 41.7306323], [-88.0983929, 41.730302], [-88.098382, 41.7299728], [-88.0983712, 41.7296381], [-88.0983613, 41.7292395], [-88.0983468, 41.7288362], [-88.0983333, 41.7283649], [-88.0983288, 41.7281783], [-88.0983279, 41.7281394]]}}, {"type": "Feature", "id": 1072104956, "properties": {"osm_id": 1072104956, "osm_type": "way", "crossing": "unmarked", "highway": "footway"}, "geometry": {"type": "LineString", "coordinates": [[-88.0983279, 41.7281394], [-88.0983259, 41.7280924], [-88.0983243, 41.7280525]]}}, {"type": "Feature", "id": 1072104957, "properties": {"osm_id": 1072104957, "osm_type": "way", "highway": "footway"}, "geometry": {"type": "LineString", "coordinates": [[-88.0983243, 41.7280525], [-88.0983225, 41.7280173], [-88.09831471920845, 41.7278631662244]]}}, {"type": "Feature", "id": 1072104961, "properties": {"osm_id": 1072104961, "osm_type": "way", "highway": "footway"}, "geometry": {"type": "LineString", "coordinates": [[-88.1019969, 41.7351346], [-88.1016172, 41.7349099], [-88.1012846, 41.7347145], [-88.1012588, 41.7346993]]}}, {"type": "Feature", "id": 1072104962, "properties": {"osm_id": 1072104962, "osm_type": "way", "crossing": "unmarked", "highway": "footway"}, "geometry": {"type": "LineString", "coordinates": [[-88.1012588, 41.7346993], [-88.1012024, 41.7346686], [-88.1011515, 41.7346409]]}}, {"type": "Feature", "id": 1072104963, "properties": {"osm_id": 1072104963, "osm_type": "way", "highway": "footway"}, "geometry": {"type": "LineString", "coordinates": [[-88.1011515, 41.7346409], [-88.101131, 41.7346257], [-88.1010464, 41.7345632], [-88.1009273, 41.73448], [-88.1008093, 41.7343879], [-88.1006516, 41.7342614], [-88.1005056, 41.7341453], [-88.1004263, 41.7340735], [-88.1003447, 41.7339876], [-88.1002803, 41.7339051], [-88.1001849, 41.733765], [-88.1001243, 41.7336771], [-88.1001076, 41.7336529]]}}, {"type": "Feature", "id": 1072104964, "properties": {"osm_id": 1072104964, "osm_type": "way", "crossing": "unmarked", "highway": "footway"}, "geometry": {"type": "LineString", "coordinates": [[-88.1001076, 41.7336529], [-88.1000766, 41.7336052], [-88.1000529, 41.7335688]]}}, {"type": "Feature", "id": 1072104965, "properties": {"osm_id": 1072104965, "osm_type": "way", "highway": "footway"}, "geometry": {"type": "LineString", "coordinates": [[-88.1000529, 41.7335688], [-88.1000369, 41.7335456], [-88.0998651, 41.7332958], [-88.0997965, 41.7331949], [-88.0997611, 41.7331581], [-88.099716, 41.7331205], [-88.0996709, 41.7330933], [-88.0996259, 41.7330748], [-88.099569, 41.7330596], [-88.0995077, 41.7330492], [-88.099454, 41.7330476], [-88.0993843, 41.7330524], [-88.0993231, 41.7330596], [-88.0992802, 41.7330684], [-88.0991783, 41.7330788], [-88.0990174, 41.7330949], [-88.0988833, 41.7331045], [-88.0987127, 41.7331109], [-88.0984758, 41.7331141]]}}, {"type": "Feature", "id": 1072104966, "properties": {"osm_id": 1072104966, "osm_type": "way", "highway": "footway"}, "geometry": {"type": "LineString", "coordinates": [[-88.0984731, 41.7329675], [-88.0987373, 41.7329627], [-88.0988242, 41.7329595], [-88.0989476, 41.7329523], [-88.0990399, 41.7329491], [-88.0991708, 41.7329315], [-88.0993821, 41.7329051], [-88.0994444, 41.7329011], [-88.0995055, 41.7329011], [-88.0995753, 41.7329083], [-88.0996514, 41.7329235], [-88.0997233, 41.7329451], [-88.0997802, 41.73297], [-88.0998338, 41.7329972], [-88.0998703, 41.7330252], [-88.0999079, 41.7330564], [-88.0999476, 41.7331013], [-88.1000806, 41.7332982], [-88.1001881, 41.7334537], [-88.1002989, 41.733614], [-88.1003059, 41.7336241], [-88.1004164, 41.7337898], [-88.1004518, 41.7338362], [-88.1004888, 41.7338827], [-88.1005355, 41.7339339], [-88.1005806, 41.7339804], [-88.1006224, 41.7340196], [-88.1006664, 41.7340604], [-88.1007233, 41.7341069], [-88.1007908, 41.7341629], [-88.1009775, 41.7343118], [-88.1011975, 41.7344735], [-88.1012533, 41.7345072], [-88.1012962, 41.7345232]]}}, {"type": "Feature", "id": 1072104967, "properties": {"osm_id": 1072104967, "osm_type": "way", "crossing": "unmarked", "highway": "footway"}, "geometry": {"type": "LineString", "coordinates": [[-88.1012962, 41.7345232], [-88.1013307, 41.7345467], [-88.1013809, 41.7345808]]}}, {"type": "Feature", "id": 1072104968, "properties": {"osm_id": 1072104968, "osm_type": "way", "highway": "footway"}, "geometry": {"type": "LineString", "coordinates": [[-88.1013809, 41.7345808], [-88.1014067, 41.7345984], [-88.1017039, 41.7347754], [-88.1019646, 41.7349307], [-88.1021198, 41.7350194]]}}, {"type": "Feature", "id": 1072104969, "properties": {"osm_id": 1072104969, "osm_type": "way", "crossing": "unmarked", "highway": "footway"}, "geometry": {"type": "LineString", "coordinates": [[-88.1002989, 41.733614], [-88.1002152, 41.7336435], [-88.1001534, 41.7336652]]}}, {"type": "Feature", "id": 1072104970, "properties": {"osm_id": 1072104970, "osm_type": "way", "crossing": "unmarked", "highway": "footway"}, "geometry": {"type": "LineString", "coordinates": [[-88.1001881, 41.7334537], [-88.1001163, 41.7334985], [-88.1000659, 41.7335299]]}}, {"type": "Feature", "id": 1072104971, "properties": {"osm_id": 1072104971, "osm_type": "way", "highway": "footway"}, "geometry": {"type": "LineString", "coordinates": [[-88.1001534, 41.7336652], [-88.1001243, 41.7336771], [-88.0997682, 41.7338107], [-88.099585, 41.73388], [-88.0995191, 41.733913], [-88.0994686, 41.7339527], [-88.0994262, 41.7340012], [-88.0993964, 41.7340557], [-88.0993865, 41.7341049], [-88.0993901, 41.7341581], [-88.0993955, 41.7342045], [-88.0994217, 41.734255], [-88.0994523, 41.7342981], [-88.0994987, 41.7343385], [-88.0995578, 41.7343845], [-88.0998316, 41.7345977], [-88.1000842, 41.7348037], [-88.1002637, 41.734937], [-88.1003233, 41.734966], [-88.1003819, 41.7349848], [-88.1004433, 41.7349976], [-88.1005136, 41.7350023], [-88.1005912, 41.7349989], [-88.1006526, 41.7349888], [-88.1007085, 41.7349734], [-88.1007599, 41.7349505], [-88.1008105, 41.7349222], [-88.1008474, 41.7348946], [-88.1010405, 41.7347135], [-88.101131, 41.7346257], [-88.1011533, 41.7346004]]}}, {"type": "Feature", "id": 1072104972, "properties": {"osm_id": 1072104972, "osm_type": "way", "highway": "footway"}, "geometry": {"type": "LineString", "coordinates": [[-88.1013076, 41.7346946], [-88.1012846, 41.7347145], [-88.1011226, 41.7348724], [-88.1009972, 41.7349922], [-88.100944, 41.7350333], [-88.1008853, 41.735065], [-88.1008187, 41.7350918], [-88.1007592, 41.7351087], [-88.1006978, 41.7351201], [-88.1006681, 41.7351289], [-88.1006563, 41.7351376], [-88.1006527, 41.7351491], [-88.100641, 41.7352238], [-88.1006284, 41.7352514], [-88.1006067, 41.7352756], [-88.1005751, 41.7353006], [-88.10054, 41.735314], [-88.1004949, 41.7353261], [-88.1004543, 41.7353282], [-88.1004146, 41.7353241], [-88.1003839, 41.735314], [-88.1003487, 41.7352992], [-88.1003171, 41.7352783], [-88.1002928, 41.7352541], [-88.1002783, 41.7352292], [-88.1002711, 41.7352056], [-88.1002738, 41.7351767], [-88.1002792, 41.7351477], [-88.1002855, 41.7351356], [-88.1002901, 41.7351235], [-88.1002783, 41.7351087], [-88.100254, 41.7350932], [-88.1002043, 41.735075], [-88.1001538, 41.7350548], [-88.1001123, 41.7350313], [-88.1000338, 41.7349693], [-88.0997911, 41.7347788], [-88.0995223, 41.734564], [-88.0994294, 41.734492], [-88.0993924, 41.7345081], [-88.0993779, 41.7345216], [-88.0993617, 41.7345458], [-88.0993383, 41.734593], [-88.0993085, 41.7346347], [-88.0992652, 41.7346825], [-88.0992363, 41.7347047], [-88.0992029, 41.7347202], [-88.0991569, 41.734731], [-88.0991118, 41.7347303], [-88.0990649, 41.7347256], [-88.0990252, 41.7347115], [-88.0989918, 41.7346933], [-88.0989666, 41.7346691], [-88.0989449, 41.7346388], [-88.0989332, 41.7346064], [-88.0989314, 41.7345748], [-88.0989395, 41.7345411], [-88.0989638, 41.7345102], [-88.0989909, 41.7344859], [-88.0990189, 41.7344711], [-88.0990595, 41.7344543], [-88.0991226, 41.7344348], [-88.0991993, 41.7344159], [-88.0992498, 41.7344024], [-88.0992778, 41.7343923], [-88.0992949, 41.734387], [-88.0992769, 41.7343614], [-88.0992435, 41.7343075], [-88.0992147, 41.7342537], [-88.0992011, 41.7342166], [-88.0991939, 41.7341803], [-88.099193, 41.7341378], [-88.0991948, 41.7340867], [-88.0991046, 41.7340517], [-88.0990189, 41.7340187], [-88.0989846, 41.7340005], [-88.0989566, 41.7339803], [-88.0989314, 41.7339561], [-88.0989187, 41.7339312], [-88.0989079, 41.7338968], [-88.0989097, 41.7338645], [-88.0989196, 41.7338356], [-88.0989368, 41.733812], [-88.0989575, 41.7337891], [-88.0989873, 41.7337689], [-88.0990207, 41.7337534], [-88.0990514, 41.733748], [-88.0990883, 41.7337447], [-88.0991217, 41.7337454], [-88.0991569, 41.7337514], [-88.0991912, 41.7337595], [-88.0993256, 41.7338127], [-88.0993545, 41.7338228], [-88.0994258, 41.7337837], [-88.0994709, 41.7337629], [-88.0995467, 41.7337353], [-88.0998958, 41.7336006], [-88.1000369, 41.7335456], [-88.1000659, 41.7335299]]}}, {"type": "Feature", "id": 1072104973, "properties": {"osm_id": 1072104973, "osm_type": "way", "highway": "footway"}, "geometry": {"type": "LineString", "coordinates": [[-88.0992363, 41.7340995], [-88.0991948, 41.7340867], [-88.0991975, 41.7340651]]}}, {"type": "Feature", "id": 1072104974, "properties": {"osm_id": 1072104974, "osm_type": "way", "crossing": "unmarked", "highway": "footway"}, "geometry": {"type": "LineString", "coordinates": [[-88.0992363, 41.7340995], [-88.0992911, 41.7341014], [-88.0993865, 41.7341049]]}}, {"type": "Feature", "id": 1072104975, "properties": {"osm_id": 1072104975, "osm_type": "way", "highway": "footway"}, "geometry": {"type": "LineString", "coordinates": [[-88.0993545, 41.7338228], [-88.0993383, 41.7338335]]}}, {"type": "Feature", "id": 1072104976, "properties": {"osm_id": 1072104976, "osm_type": "way", "crossing": "unmarked", "highway": "footway"}, "geometry": {"type": "LineString", "coordinates": [[-88.0993383, 41.7338335], [-88.0992684, 41.7339484], [-88.0991975, 41.7340651]]}}, {"type": "Feature", "id": 1072104977, "properties": {"osm_id": 1072104977, "osm_type": "way", "highway": "footway"}, "geometry": {"type": "LineString", "coordinates": [[-88.0995578, 41.7343845], [-88.0995298, 41.7344078]]}}, {"type": "Feature", "id": 1072104978, "properties": {"osm_id": 1072104978, "osm_type": "way", "crossing": "unmarked", "highway": "footway"}, "geometry": {"type": "LineString", "coordinates": [[-88.0995298, 41.7344078], [-88.099498, 41.7344345], [-88.0994294, 41.734492], [-88.0993501, 41.73443], [-88.0992949, 41.734387]]}}, {"type": "Feature", "id": 1072104979, "properties": {"osm_id": 1072104979, "osm_type": "way", "crossing": "unmarked", "highway": "footway"}, "geometry": {"type": "LineString", "coordinates": [[-88.1006527, 41.7351491], [-88.1004723, 41.7351363], [-88.1002901, 41.7351235]]}}, {"type": "Feature", "id": 1072104980, "properties": {"osm_id": 1072104980, "osm_type": "way", "crossing": "unmarked", "highway": "footway"}, "geometry": {"type": "LineString", "coordinates": [[-88.1013076, 41.7346946], [-88.1013458, 41.7346574], [-88.1013859, 41.7346183]]}}, {"type": "Feature", "id": 1072104981, "properties": {"osm_id": 1072104981, "osm_type": "way", "crossing": "unmarked", "highway": "footway"}, "geometry": {"type": "LineString", "coordinates": [[-88.1011533, 41.7346004], [-88.101193, 41.7345626], [-88.1012308, 41.7345268]]}}, {"type": "Feature", "id": 1072104982, "properties": {"osm_id": 1072104982, "osm_type": "way", "highway": "footway"}, "geometry": {"type": "LineString", "coordinates": [[-88.1013859, 41.7346183], [-88.1014067, 41.7345984], [-88.1015303, 41.7344816], [-88.1017035, 41.734316], [-88.1018127, 41.734215], [-88.1019417, 41.7340912], [-88.10208610824247, 41.73395272411639]]}}, {"type": "Feature", "id": 1072104983, "properties": {"osm_id": 1072104983, "osm_type": "way", "highway": "footway"}, "geometry": {"type": "LineString", "coordinates": [[-88.10199639065212, 41.73380785959685], [-88.1019662, 41.7338369], [-88.1019383, 41.7338545]]}}, {"type": "Feature", "id": 1072104984, "properties": {"osm_id": 1072104984, "osm_type": "way", "crossing": "unmarked", "highway": "footway"}, "geometry": {"type": "LineString", "coordinates": [[-88.1019383, 41.7338545], [-88.1019065, 41.7338854], [-88.1018642, 41.7339265]]}}, {"type": "Feature", "id": 1072104985, "properties": {"osm_id": 1072104985, "osm_type": "way", "highway": "footway"}, "geometry": {"type": "LineString", "coordinates": [[-88.1018642, 41.7339265], [-88.1018471, 41.7339498], [-88.1017044, 41.7340811], [-88.1015263, 41.7342516], [-88.1012533, 41.7345072], [-88.1012308, 41.7345268]]}}, {"type": "Feature", "id": 1072104986, "properties": {"osm_id": 1072104986, "osm_type": "way", "crossing": "unmarked", "highway": "footway"}, "geometry": {"type": "LineString", "coordinates": [[-88.1020045, 41.7338484], [-88.10203094287999, 41.73386365012655]]}}, {"type": "Feature", "id": 1072104987, "properties": {"osm_id": 1072104987, "osm_type": "way", "highway": "footway"}, "geometry": {"type": "LineString", "coordinates": [[-88.1020045, 41.7338484], [-88.1019662, 41.7338369], [-88.1017716, 41.7337215], [-88.1016353, 41.7336394], [-88.101569, 41.7335875], [-88.1015022, 41.7335309], [-88.1014499, 41.7334751], [-88.101403, 41.7334225], [-88.1013524, 41.7333505], [-88.1011666, 41.7330704], [-88.1009194, 41.732715], [-88.100809, 41.7325497], [-88.1007949, 41.7325285]]}}, {"type": "Feature", "id": 1072104988, "properties": {"osm_id": 1072104988, "osm_type": "way", "crossing": "unmarked", "highway": "footway"}, "geometry": {"type": "LineString", "coordinates": [[-88.1007949, 41.7325285], [-88.1007562, 41.7324801], [-88.1007281, 41.732445]]}}, {"type": "Feature", "id": 1072104989, "properties": {"osm_id": 1072104989, "osm_type": "way", "highway": "footway"}, "geometry": {"type": "LineString", "coordinates": [[-88.1007281, 41.732445], [-88.1007156, 41.7324214], [-88.1007063, 41.7324038], [-88.1006993, 41.7323904], [-88.1006695, 41.7323494], [-88.1006289, 41.7323083], [-88.1005739, 41.7322571], [-88.1005369, 41.7322282], [-88.1004909, 41.7321932], [-88.1004196, 41.7321609], [-88.1003357, 41.7321319], [-88.1002527, 41.732113], [-88.1001643, 41.7320995], [-88.1000776, 41.7320935], [-88.0999865, 41.7320955], [-88.0993627, 41.7321049], [-88.0988951, 41.7321143], [-88.0984472, 41.732121]]}}, {"type": "Feature", "id": 1072104990, "properties": {"osm_id": 1072104990, "osm_type": "way", "crossing": "unmarked", "highway": "footway"}, "geometry": {"type": "LineString", "coordinates": [[-88.0983457, 41.7322739], [-88.0984043, 41.7322712]]}}, {"type": "Feature", "id": 1072104991, "properties": {"osm_id": 1072104991, "osm_type": "way", "highway": "footway"}, "geometry": {"type": "LineString", "coordinates": [[-88.0984043, 41.7322712], [-88.0984504, 41.7322672], [-88.0987905, 41.7322611], [-88.0993309, 41.7322517], [-88.0998812, 41.7322436], [-88.1000301, 41.7322416], [-88.1001086, 41.7322423], [-88.1001753, 41.7322497], [-88.1002376, 41.7322631], [-88.1002917, 41.7322793], [-88.1003458, 41.7323008], [-88.1003882, 41.7323257], [-88.1004288, 41.7323574], [-88.1004676, 41.7323857], [-88.1005028, 41.7324247], [-88.100538, 41.7324732], [-88.1005503, 41.7324918], [-88.1006412, 41.7326288], [-88.1007464, 41.7327876], [-88.1009756, 41.7331168], [-88.1012372, 41.7334918], [-88.1012733, 41.7335396], [-88.1013265, 41.7336002], [-88.1013969, 41.7336628], [-88.10147, 41.733718], [-88.1015566, 41.7337809], [-88.1018471, 41.7339498]]}}, {"type": "Feature", "id": 1072104992, "properties": {"osm_id": 1072104992, "osm_type": "way", "highway": "footway"}, "geometry": {"type": "LineString", "coordinates": [[-88.1018471, 41.7339498], [-88.1018702, 41.7339642]]}}, {"type": "Feature", "id": 1072104993, "properties": {"osm_id": 1072104993, "osm_type": "way", "crossing": "unmarked", "highway": "footway"}, "geometry": {"type": "LineString", "coordinates": [[-88.1018702, 41.7339642], [-88.1019143, 41.7339924]]}}, {"type": "Feature", "id": 1072104994, "properties": {"osm_id": 1072104994, "osm_type": "way", "highway": "footway"}, "geometry": {"type": "LineString", "coordinates": [[-88.0984758, 41.7331141], [-88.098431, 41.7331182]]}}, {"type": "Feature", "id": 1072104995, "properties": {"osm_id": 1072104995, "osm_type": "way", "crossing": "unmarked", "highway": "footway"}, "geometry": {"type": "LineString", "coordinates": [[-88.098431, 41.7331182], [-88.0983718, 41.7331181]]}}, {"type": "Feature", "id": 1072104996, "properties": {"osm_id": 1072104996, "osm_type": "way", "highway": "footway"}, "geometry": {"type": "LineString", "coordinates": [[-88.1006412, 41.7326288], [-88.1006799, 41.7326138]]}}, {"type": "Feature", "id": 1072104997, "properties": {"osm_id": 1072104997, "osm_type": "way", "crossing": "unmarked", "highway": "footway"}, "geometry": {"type": "LineString", "coordinates": [[-88.1006799, 41.7326138], [-88.1007267, 41.7325917], [-88.1007793, 41.7325668]]}}, {"type": "Feature", "id": 1072104998, "properties": {"osm_id": 1072104998, "osm_type": "way", "highway": "footway"}, "geometry": {"type": "LineString", "coordinates": [[-88.1007063, 41.7324038], [-88.1006662, 41.7324179]]}}, {"type": "Feature", "id": 1072104999, "properties": {"osm_id": 1072104999, "osm_type": "way", "crossing": "unmarked", "highway": "footway"}, "geometry": {"type": "LineString", "coordinates": [[-88.1006662, 41.7324179], [-88.1006247, 41.7324444], [-88.1005503, 41.7324918]]}}, {"type": "Feature", "id": 1072105000, "properties": {"osm_id": 1072105000, "osm_type": "way", "highway": "footway"}, "geometry": {"type": "MultiLineString", "coordinates": [[[-88.1007793, 41.7325668], [-88.100809, 41.7325497], [-88.1011257, 41.7324287], [-88.10113890720486, 41.73242330471631]], [[-88.10042030110593, 41.731262991261104], [-88.099993, 41.7312718], [-88.0993506, 41.7312819], [-88.0984251, 41.7312967]]]}}, {"type": "Feature", "id": 1072105001, "properties": {"osm_id": 1072105001, "osm_type": "way", "highway": "footway"}, "geometry": {"type": "MultiLineString", "coordinates": [[[-88.0984278, 41.7314442], [-88.0990745, 41.7314348], [-88.0996079, 41.7314253], [-88.1002647, 41.7314139], [-88.10051011584032, 41.731408012636436]], [[-88.10105760989323, 41.73229203618868], [-88.1007156, 41.7324214]]]}}, {"type": "Feature", "id": 1072105015, "properties": {"osm_id": 1072105015, "osm_type": "way", "highway": "footway"}, "geometry": {"type": "LineString", "coordinates": [[-88.09841009337615, 41.728017164263434], [-88.0983837, 41.7280167], [-88.0983225, 41.7280173]]}}, {"type": "Feature", "id": 1072105016, "properties": {"osm_id": 1072105016, "osm_type": "way", "highway": "footway"}, "geometry": {"type": "LineString", "coordinates": [[-88.0983288, 41.7281783], [-88.0984045, 41.7281742], [-88.0984794, 41.728179], [-88.09851152495784, 41.72818094304181]]}}, {"type": "Feature", "id": 1072105019, "properties": {"osm_id": 1072105019, "osm_type": "way", "highway": "footway"}, "geometry": {"type": "LineString", "coordinates": [[-88.09884684254327, 41.72872237110193], [-88.0988556, 41.7290449], [-88.0988682, 41.7293381], [-88.0988684, 41.729351], [-88.0988727, 41.7296727], [-88.0988808, 41.7297946], [-88.0988881, 41.7298471], [-88.0989034, 41.7298956], [-88.0989278, 41.7299541], [-88.0989557, 41.7300268], [-88.0989927, 41.7300901], [-88.0990378, 41.7301413], [-88.0990568, 41.7301716], [-88.0990712, 41.7301945], [-88.0989765, 41.7302813], [-88.0989025, 41.7303447], [-88.0988583, 41.7303858], [-88.0988439, 41.7304066], [-88.0988321, 41.7304342], [-88.0988267, 41.7304659], [-88.0988294, 41.7304982], [-88.0988377, 41.7305261], [-88.0988556, 41.7305527], [-88.0988754, 41.7305796], [-88.0989169, 41.7306059], [-88.098962, 41.7306254], [-88.0990144, 41.7306335], [-88.0990577, 41.7306328], [-88.0991037, 41.7306268], [-88.0991506, 41.7306106], [-88.0991813, 41.7305992], [-88.0992156, 41.7305695], [-88.0993772, 41.7304221], [-88.0994485, 41.7304551], [-88.0995252, 41.730484], [-88.0995973, 41.730511], [-88.0996731, 41.7305318], [-88.0997642, 41.7305527], [-88.099877, 41.7305702], [-88.09999280791021, 41.73057272978445]]}}, {"type": "Feature", "id": 1072105029, "properties": {"osm_id": 1072105029, "osm_type": "way", "highway": "footway"}, "geometry": {"type": "LineString", "coordinates": [[-88.0993772, 41.7304221], [-88.0993429, 41.7304012]]}}, {"type": "Feature", "id": 1072105030, "properties": {"osm_id": 1072105030, "osm_type": "way", "crossing": "unmarked", "highway": "footway"}, "geometry": {"type": "LineString", "coordinates": [[-88.0993429, 41.7304012], [-88.0992241, 41.7303089], [-88.0991047, 41.7302161]]}}, {"type": "Feature", "id": 1072105031, "properties": {"osm_id": 1072105031, "osm_type": "way", "highway": "footway"}, "geometry": {"type": "LineString", "coordinates": [[-88.0991047, 41.7302161], [-88.0990712, 41.7301945], [-88.0991128, 41.7301703]]}}, {"type": "Feature", "id": 1072105032, "properties": {"osm_id": 1072105032, "osm_type": "way", "crossing": "unmarked", "highway": "footway"}, "geometry": {"type": "LineString", "coordinates": [[-88.0991128, 41.7301703], [-88.0991672, 41.730144], [-88.0992075, 41.7301245]]}}, {"type": "Feature", "id": 1072105033, "properties": {"osm_id": 1072105033, "osm_type": "way", "highway": "footway"}, "geometry": {"type": "LineString", "coordinates": [[-88.0992075, 41.7301245], [-88.0992535, 41.730103]]}}, {"type": "Feature", "id": 1072105034, "properties": {"osm_id": 1072105034, "osm_type": "way", "highway": "footway"}, "geometry": {"type": "MultiLineString", "coordinates": [[[-88.09907290503791, 41.72908738797924], [-88.0990772, 41.7292323], [-88.0990808, 41.7293285], [-88.09922110077044, 41.729326675542644]], [[-88.09931965569999, 41.72948580947011], [-88.0990853, 41.7294901], [-88.0990952, 41.7297704], [-88.0991016, 41.7298161], [-88.0991232, 41.7298801], [-88.099162, 41.7299777], [-88.0991855, 41.7300188], [-88.0992152, 41.7300605], [-88.0992535, 41.730103], [-88.0993, 41.7301487], [-88.0993488, 41.7301925], [-88.0994047, 41.7302322], [-88.0994471, 41.7302592], [-88.0995129, 41.7302942], [-88.0995752, 41.7303225], [-88.0996456, 41.7303494], [-88.0997159, 41.7303696], [-88.0997845, 41.7303857], [-88.0998828, 41.7303999], [-88.09988593868613, 41.73040017099481]]]}}, {"type": "Feature", "id": 1072105040, "properties": {"osm_id": 1072105040, "osm_type": "way", "highway": "footway"}, "geometry": {"type": "LineString", "coordinates": [[-88.0988684, 41.729351], [-88.0989207, 41.7293517]]}}, {"type": "Feature", "id": 1072105041, "properties": {"osm_id": 1072105041, "osm_type": "way", "crossing": "unmarked", "highway": "footway"}, "geometry": {"type": "LineString", "coordinates": [[-88.0989207, 41.7293517], [-88.0989711, 41.7293415], [-88.0990281, 41.7293301]]}}, {"type": "Feature", "id": 1072105042, "properties": {"osm_id": 1072105042, "osm_type": "way", "highway": "footway"}, "geometry": {"type": "LineString", "coordinates": [[-88.0990281, 41.7293301], [-88.0990808, 41.7293285], [-88.0990804, 41.7293651]]}}, {"type": "Feature", "id": 1072105043, "properties": {"osm_id": 1072105043, "osm_type": "way", "crossing": "unmarked", "highway": "footway"}, "geometry": {"type": "LineString", "coordinates": [[-88.0990804, 41.7293651], [-88.0990829, 41.7294045], [-88.0990858, 41.7294493]]}}, {"type": "Feature", "id": 1072105044, "properties": {"osm_id": 1072105044, "osm_type": "way", "highway": "footway"}, "geometry": {"type": "LineString", "coordinates": [[-88.0990858, 41.7294493], [-88.0990853, 41.7294901]]}}, {"type": "Feature", "id": 1072464902, "properties": {"osm_id": 1072464902, "osm_type": "way", "highway": "footway"}, "geometry": {"type": "LineString", "coordinates": [[-88.11338358950681, 41.75219445563018], [-88.1133442, 41.7522006], [-88.1128732, 41.752272], [-88.1127181, 41.7522949]]}}, {"type": "Feature", "id": 1072464905, "properties": {"osm_id": 1072464905, "osm_type": "way", "highway": "footway"}, "geometry": {"type": "LineString", "coordinates": [[-88.1138300599643, 41.75291535916821], [-88.1129349, 41.7530687], [-88.1128889, 41.7530721], [-88.1128591, 41.753066], [-88.1128393, 41.7530553], [-88.1128312, 41.7530371], [-88.1127888, 41.7527235], [-88.112787, 41.7526932], [-88.1127924, 41.7526743], [-88.112805, 41.7526602], [-88.1128267, 41.7526521], [-88.11358551965158, 41.7525205066675]]}}, {"type": "Feature", "id": 1072464906, "properties": {"osm_id": 1072464906, "osm_type": "way", "crossing": "unmarked", "highway": "footway"}, "geometry": {"type": "LineString", "coordinates": [[-88.1127181, 41.7522949], [-88.1126719, 41.7523026], [-88.1126313, 41.7523094]]}}, {"type": "Feature", "id": 1072464907, "properties": {"osm_id": 1072464907, "osm_type": "way", "highway": "footway"}, "geometry": {"type": "LineString", "coordinates": [[-88.1126313, 41.7523094], [-88.1125995, 41.7523147], [-88.1124834, 41.7523028], [-88.1124425, 41.7523022], [-88.1123894, 41.7523073], [-88.1119521, 41.7523739], [-88.1119023, 41.7523814]]}}, {"type": "Feature", "id": 1072464908, "properties": {"osm_id": 1072464908, "osm_type": "way", "crossing": "unmarked", "highway": "footway"}, "geometry": {"type": "LineString", "coordinates": [[-88.1119023, 41.7523814], [-88.1118362, 41.7523892], [-88.1117392, 41.7524007]]}}, {"type": "Feature", "id": 1072464909, "properties": {"osm_id": 1072464909, "osm_type": "way", "highway": "footway"}, "geometry": {"type": "LineString", "coordinates": [[-88.111718, 41.7522411], [-88.1117696, 41.7522365]]}}, {"type": "Feature", "id": 1072464910, "properties": {"osm_id": 1072464910, "osm_type": "way", "crossing": "unmarked", "highway": "footway"}, "geometry": {"type": "LineString", "coordinates": [[-88.1117696, 41.7522365], [-88.1118141, 41.7522292], [-88.1118834, 41.7522179]]}}, {"type": "Feature", "id": 1072464911, "properties": {"osm_id": 1072464911, "osm_type": "way", "highway": "footway"}, "geometry": {"type": "LineString", "coordinates": [[-88.1118834, 41.7522179], [-88.1119281, 41.752215], [-88.1122452, 41.7521669], [-88.1127164, 41.7520928], [-88.1132303, 41.7520136], [-88.11326807756714, 41.752007941685974]]}}, {"type": "Feature", "id": 1072464914, "properties": {"osm_id": 1072464914, "osm_type": "way", "highway": "footway"}, "geometry": {"type": "LineString", "coordinates": [[-88.1107776, 41.7542177], [-88.1107418, 41.7539837], [-88.1107236, 41.753853], [-88.1107248, 41.7538316], [-88.1107304, 41.7537279], [-88.1107353, 41.7536272], [-88.110738, 41.7535694], [-88.1107031, 41.7533249], [-88.1106561, 41.7529854], [-88.110606, 41.7526412], [-88.1105522, 41.7522643], [-88.1105347, 41.7521324], [-88.1105218, 41.7520945]]}}, {"type": "Feature", "id": 1072464915, "properties": {"osm_id": 1072464915, "osm_type": "way", "crossing": "unmarked", "highway": "footway"}, "geometry": {"type": "LineString", "coordinates": [[-88.1105218, 41.7520945], [-88.110519, 41.7520412], [-88.1105173, 41.7520085]]}}, {"type": "Feature", "id": 1072464916, "properties": {"osm_id": 1072464916, "osm_type": "way", "highway": "footway"}, "geometry": {"type": "LineString", "coordinates": [[-88.1105173, 41.7520085], [-88.110515, 41.7519672], [-88.1104679, 41.7516372], [-88.1104202, 41.7512952], [-88.1103989, 41.7511524], [-88.1103936, 41.7511171]]}}, {"type": "Feature", "id": 1072464917, "properties": {"osm_id": 1072464917, "osm_type": "way", "crossing": "unmarked", "highway": "footway"}, "geometry": {"type": "LineString", "coordinates": [[-88.1103936, 41.7511171], [-88.1103891, 41.751058], [-88.1103868, 41.7510277]]}}, {"type": "Feature", "id": 1072464918, "properties": {"osm_id": 1072464918, "osm_type": "way", "highway": "footway"}, "geometry": {"type": "LineString", "coordinates": [[-88.1103868, 41.7510277], [-88.1103802, 41.7509913], [-88.1103769, 41.7509733], [-88.1103557, 41.7507979], [-88.1103155, 41.7505143], [-88.1102836, 41.7503021], [-88.1102434, 41.7500281], [-88.1102222, 41.7498835], [-88.1102208, 41.7498678], [-88.110213, 41.7498204], [-88.1102009, 41.7497983], [-88.1101842, 41.7497717], [-88.1101744, 41.749748], [-88.110169, 41.7497259], [-88.1101713, 41.7496953], [-88.1101789, 41.7496665], [-88.1101895, 41.7496382], [-88.1102108, 41.7496132], [-88.1102404, 41.7495917], [-88.1102707, 41.7495753], [-88.1103071, 41.7495589], [-88.1103413, 41.7495499], [-88.1103762, 41.7495453], [-88.1104164, 41.7495459], [-88.110452, 41.7495516], [-88.1104877, 41.7495572], [-88.1105211, 41.74956], [-88.1105368, 41.7495586], [-88.1105635, 41.7495561], [-88.1108761, 41.7495323], [-88.1111371, 41.7495142], [-88.1111647, 41.7495114], [-88.111222, 41.7495057], [-88.1112562, 41.7495006], [-88.1112888, 41.7494893], [-88.1113161, 41.7494785], [-88.1113556, 41.7494718], [-88.111392, 41.7494723], [-88.1114367, 41.7494774], [-88.1114747, 41.7494887], [-88.1115035, 41.7495017], [-88.1115346, 41.749521], [-88.1115596, 41.7495431], [-88.1115816, 41.749568], [-88.1115923, 41.7495985], [-88.1115976, 41.7496212], [-88.1115998, 41.74965], [-88.1115907, 41.7496738], [-88.1115778, 41.7496857], [-88.1115756, 41.7497038], [-88.1115786, 41.7497378], [-88.1115807, 41.7497497], [-88.1116029, 41.7498758], [-88.1116769, 41.7503836], [-88.1117399, 41.7508529], [-88.1118044, 41.7513357], [-88.1118704, 41.7517924], [-88.1119281, 41.752215], [-88.1119326, 41.7522491]]}}, {"type": "Feature", "id": 1072464919, "properties": {"osm_id": 1072464919, "osm_type": "way", "crossing": "uncontrolled", "highway": "footway"}, "geometry": {"type": "LineString", "coordinates": [[-88.1119326, 41.7522491], [-88.1119361, 41.7522841], [-88.1119417, 41.7523397]]}}, {"type": "Feature", "id": 1072464920, "properties": {"osm_id": 1072464920, "osm_type": "way", "highway": "footway"}, "geometry": {"type": "LineString", "coordinates": [[-88.1119417, 41.7523397], [-88.1119521, 41.7523739], [-88.1119925, 41.7526572], [-88.1120456, 41.7530381], [-88.1120843, 41.7533078], [-88.1120889, 41.7533398], [-88.1120919, 41.7533924], [-88.1120881, 41.753436], [-88.1120745, 41.7534762], [-88.1120517, 41.7535135], [-88.1120259, 41.7535471], [-88.111991, 41.7535797], [-88.1119516, 41.7536075], [-88.1119091, 41.7536273], [-88.1118704, 41.7536409], [-88.1118407, 41.7536488], [-88.1118218, 41.7536539], [-88.1113363, 41.7537399], [-88.1109843, 41.7537993], [-88.111039, 41.7541713]]}}, {"type": "Feature", "id": 1072464921, "properties": {"osm_id": 1072464921, "osm_type": "way", "highway": "footway"}, "geometry": {"type": "LineString", "coordinates": [[-88.1107248, 41.7538316], [-88.1107582, 41.753835], [-88.1107954, 41.7538344]]}}, {"type": "Feature", "id": 1072464922, "properties": {"osm_id": 1072464922, "osm_type": "way", "crossing": "unmarked", "highway": "footway"}, "geometry": {"type": "LineString", "coordinates": [[-88.1107954, 41.7538344], [-88.1108554, 41.7538237], [-88.110935, 41.7538095]]}}, {"type": "Feature", "id": 1072464923, "properties": {"osm_id": 1072464923, "osm_type": "way", "highway": "footway"}, "geometry": {"type": "LineString", "coordinates": [[-88.110935, 41.7538095], [-88.1109843, 41.7537993], [-88.1109782, 41.7537614]]}}, {"type": "Feature", "id": 1072464924, "properties": {"osm_id": 1072464924, "osm_type": "way", "crossing": "unmarked", "highway": "footway"}, "geometry": {"type": "LineString", "coordinates": [[-88.1109782, 41.7537614], [-88.1109733, 41.7537086], [-88.1109699, 41.7536714]]}}, {"type": "Feature", "id": 1072464925, "properties": {"osm_id": 1072464925, "osm_type": "way", "highway": "footway"}, "geometry": {"type": "LineString", "coordinates": [[-88.1107353, 41.7536272], [-88.1107931, 41.7536278]]}}, {"type": "Feature", "id": 1072464926, "properties": {"osm_id": 1072464926, "osm_type": "way", "crossing": "unmarked", "highway": "footway"}, "geometry": {"type": "LineString", "coordinates": [[-88.1107931, 41.7536278], [-88.1108365, 41.7536339], [-88.1109221, 41.753646]]}}, {"type": "Feature", "id": 1072464927, "properties": {"osm_id": 1072464927, "osm_type": "way", "highway": "footway"}, "geometry": {"type": "MultiLineString", "coordinates": [[[-88.1109221, 41.753646], [-88.1109613, 41.753639]], [[-88.1109613, 41.753639], [-88.1111465, 41.7536061], [-88.1114916, 41.7535475], [-88.1117564, 41.7535023], [-88.1117753, 41.7534969], [-88.1117928, 41.7534919], [-88.1118176, 41.7534781], [-88.1118419, 41.7534624], [-88.1118604, 41.7534443], [-88.1118693, 41.7534252], [-88.1118751, 41.7534038], [-88.1118744, 41.7533843], [-88.1118657, 41.7533223], [-88.1118444, 41.7531701], [-88.1118196, 41.7529726], [-88.1117781, 41.7526833], [-88.1117392, 41.7524007], [-88.111718, 41.7522411], [-88.1116792, 41.7519803], [-88.111646, 41.7517367], [-88.1116001, 41.7514092], [-88.1115542, 41.7510837], [-88.1115191, 41.7508115], [-88.1114821, 41.7505697], [-88.1114438, 41.750287], [-88.1114036, 41.7499952], [-88.1113762, 41.7497844], [-88.111372, 41.7497696], [-88.1113685, 41.7497573], [-88.1113526, 41.7497306], [-88.1113347, 41.7497073], [-88.1113035, 41.7496863], [-88.1112748, 41.7496768], [-88.1112339, 41.7496683], [-88.1111877, 41.7496704], [-88.1111631, 41.7496716], [-88.1108046, 41.749703], [-88.1105743, 41.7497226], [-88.1105526, 41.7497244], [-88.1105239, 41.7497316], [-88.1104952, 41.7497439], [-88.1104735, 41.7497601], [-88.1104563, 41.7497796], [-88.1104442, 41.7498015], [-88.1104384, 41.7498201], [-88.1104387, 41.7498322], [-88.110439, 41.7498467], [-88.1104582, 41.749999], [-88.1105054, 41.7503327], [-88.1105418, 41.7506197], [-88.1105679, 41.7508062], [-88.1105896, 41.7509563], [-88.1106087, 41.7510889], [-88.1106135, 41.7511224], [-88.1106496, 41.7513792], [-88.1106891, 41.7516729], [-88.1107276, 41.7519361], [-88.1107319, 41.7519656], [-88.110752, 41.7521154], [-88.1107899, 41.7523977], [-88.1108301, 41.7526833], [-88.1108912, 41.7531091], [-88.1109224, 41.7533452], [-88.1109613, 41.753639]], [[-88.1109613, 41.753639], [-88.1109699, 41.7536714]]]}}, {"type": "Feature", "id": 1072464928, "properties": {"osm_id": 1072464928, "osm_type": "way", "highway": "footway"}, "geometry": {"type": "LineString", "coordinates": [[-88.1117753, 41.7534969], [-88.1117931, 41.7535356]]}}, {"type": "Feature", "id": 1072464929, "properties": {"osm_id": 1072464929, "osm_type": "way", "highway": "footway"}, "geometry": {"type": "LineString", "coordinates": [[-88.1118407, 41.7536488], [-88.1118256, 41.7536113]]}}, {"type": "Feature", "id": 1072464930, "properties": {"osm_id": 1072464930, "osm_type": "way", "crossing": "unmarked", "highway": "footway"}, "geometry": {"type": "LineString", "coordinates": [[-88.1118256, 41.7536113], [-88.1118047, 41.7535626], [-88.1117931, 41.7535356]]}}, {"type": "Feature", "id": 1072464931, "properties": {"osm_id": 1072464931, "osm_type": "way", "highway": "footway"}, "geometry": {"type": "LineString", "coordinates": [[-88.1118657, 41.7533223], [-88.1119017, 41.7533195], [-88.1119194, 41.7533181]]}}, {"type": "Feature", "id": 1072464932, "properties": {"osm_id": 1072464932, "osm_type": "way", "highway": "footway"}, "geometry": {"type": "LineString", "coordinates": [[-88.1120843, 41.7533078], [-88.1120447, 41.7533111], [-88.1120234, 41.7533129]]}}, {"type": "Feature", "id": 1072464933, "properties": {"osm_id": 1072464933, "osm_type": "way", "crossing": "unmarked", "highway": "footway"}, "geometry": {"type": "LineString", "coordinates": [[-88.1119194, 41.7533181], [-88.1119638, 41.7533159], [-88.1120234, 41.7533129]]}}, {"type": "Feature", "id": 1072464934, "properties": {"osm_id": 1072464934, "osm_type": "way", "highway": "footway"}, "geometry": {"type": "LineString", "coordinates": [[-88.1115807, 41.7497497], [-88.1115279, 41.7497569]]}}, {"type": "Feature", "id": 1072464935, "properties": {"osm_id": 1072464935, "osm_type": "way", "highway": "footway"}, "geometry": {"type": "LineString", "coordinates": [[-88.111372, 41.7497696], [-88.1114271, 41.7497664]]}}, {"type": "Feature", "id": 1072464936, "properties": {"osm_id": 1072464936, "osm_type": "way", "crossing": "unmarked", "highway": "footway"}, "geometry": {"type": "LineString", "coordinates": [[-88.1115279, 41.7497569], [-88.1114702, 41.7497623], [-88.1114271, 41.7497664]]}}, {"type": "Feature", "id": 1072464937, "properties": {"osm_id": 1072464937, "osm_type": "way", "highway": "footway"}, "geometry": {"type": "LineString", "coordinates": [[-88.1111877, 41.7496704], [-88.111184, 41.7496303]]}}, {"type": "Feature", "id": 1072464938, "properties": {"osm_id": 1072464938, "osm_type": "way", "highway": "footway"}, "geometry": {"type": "LineString", "coordinates": [[-88.1111647, 41.7495114], [-88.1111687, 41.7495513]]}}, {"type": "Feature", "id": 1072464939, "properties": {"osm_id": 1072464939, "osm_type": "way", "crossing": "unmarked", "highway": "footway"}, "geometry": {"type": "LineString", "coordinates": [[-88.111184, 41.7496303], [-88.1111743, 41.7495802], [-88.1111687, 41.7495513]]}}, {"type": "Feature", "id": 1072464940, "properties": {"osm_id": 1072464940, "osm_type": "way", "highway": "footway"}, "geometry": {"type": "LineString", "coordinates": [[-88.1105743, 41.7497226], [-88.1105653, 41.7496765]]}}, {"type": "Feature", "id": 1072464941, "properties": {"osm_id": 1072464941, "osm_type": "way", "highway": "footway"}, "geometry": {"type": "LineString", "coordinates": [[-88.110546, 41.7496016], [-88.1105368, 41.7495586]]}}, {"type": "Feature", "id": 1072464942, "properties": {"osm_id": 1072464942, "osm_type": "way", "crossing": "unmarked", "highway": "footway"}, "geometry": {"type": "LineString", "coordinates": [[-88.1105653, 41.7496765], [-88.1105532, 41.7496297], [-88.110546, 41.7496016]]}}, {"type": "Feature", "id": 1072464943, "properties": {"osm_id": 1072464943, "osm_type": "way", "highway": "footway"}, "geometry": {"type": "LineString", "coordinates": [[-88.1104387, 41.7498322], [-88.1103829, 41.749831]]}}, {"type": "Feature", "id": 1072464944, "properties": {"osm_id": 1072464944, "osm_type": "way", "highway": "footway"}, "geometry": {"type": "LineString", "coordinates": [[-88.1102724, 41.7498654], [-88.1102208, 41.7498678]]}}, {"type": "Feature", "id": 1072464945, "properties": {"osm_id": 1072464945, "osm_type": "way", "crossing": "unmarked", "highway": "footway"}, "geometry": {"type": "LineString", "coordinates": [[-88.1103829, 41.749831], [-88.1103221, 41.7498499], [-88.1102724, 41.7498654]]}}, {"type": "Feature", "id": 1072464946, "properties": {"osm_id": 1072464946, "osm_type": "way", "highway": "footway"}, "geometry": {"type": "LineString", "coordinates": [[-88.1106135, 41.7511224], [-88.1105575, 41.751127]]}}, {"type": "Feature", "id": 1072464947, "properties": {"osm_id": 1072464947, "osm_type": "way", "crossing": "unmarked", "highway": "footway"}, "geometry": {"type": "LineString", "coordinates": [[-88.1105575, 41.751127], [-88.1104971, 41.751136], [-88.1104433, 41.7511442]]}}, {"type": "Feature", "id": 1072464948, "properties": {"osm_id": 1072464948, "osm_type": "way", "highway": "footway"}, "geometry": {"type": "LineString", "coordinates": [[-88.1105896, 41.7509563], [-88.1105355, 41.7509581]]}}, {"type": "Feature", "id": 1072464949, "properties": {"osm_id": 1072464949, "osm_type": "way", "crossing": "unmarked", "highway": "footway"}, "geometry": {"type": "LineString", "coordinates": [[-88.1105355, 41.7509581], [-88.1104746, 41.7509721], [-88.1104293, 41.7509825]]}}, {"type": "Feature", "id": 1072464950, "properties": {"osm_id": 1072464950, "osm_type": "way", "highway": "footway"}, "geometry": {"type": "LineString", "coordinates": [[-88.1104433, 41.7511442], [-88.1103989, 41.7511524], [-88.1099092, 41.7512383], [-88.1095817, 41.7512949], [-88.109496, 41.7513059], [-88.1094297, 41.7513107], [-88.1093538, 41.7513135], [-88.1092944, 41.7513092], [-88.1092211, 41.751303], [-88.1089716, 41.7512773], [-88.1087605, 41.7512554], [-88.1086973, 41.7512526], [-88.1086195, 41.751254], [-88.1085448, 41.7512635], [-88.1083792, 41.751284], [-88.1083445, 41.7512883], [-88.1082973, 41.7512897]]}}, {"type": "Feature", "id": 1072464951, "properties": {"osm_id": 1072464951, "osm_type": "way", "crossing": "unmarked", "highway": "footway"}, "geometry": {"type": "LineString", "coordinates": [[-88.1082973, 41.7512897], [-88.1082279, 41.7513064], [-88.1081844, 41.7513168]]}}, {"type": "Feature", "id": 1072464952, "properties": {"osm_id": 1072464952, "osm_type": "way", "highway": "footway"}, "geometry": {"type": "LineString", "coordinates": [[-88.1081844, 41.7513168], [-88.1081302, 41.7513154], [-88.108053, 41.751323], [-88.1079796, 41.7513268], [-88.1077729, 41.7513268], [-88.1073462, 41.7513302], [-88.1072517, 41.7513306], [-88.1071911, 41.7513344], [-88.1071414, 41.7513416], [-88.107091, 41.7513525], [-88.1070119, 41.7513735], [-88.1069494, 41.7513935], [-88.1068868, 41.7514196], [-88.1068288, 41.7514501], [-88.1067841, 41.7514787], [-88.106742, 41.7515082], [-88.1067031, 41.75154], [-88.1066693, 41.7515757], [-88.1066227, 41.7516295], [-88.1065864, 41.7516804], [-88.1065628, 41.7517228], [-88.1065436, 41.7517675], [-88.1065296, 41.7518137], [-88.1065181, 41.751868], [-88.1065143, 41.7519141], [-88.1065143, 41.7519984], [-88.1065143, 41.7521745], [-88.1065156, 41.7522216], [-88.106527, 41.7522696], [-88.1065602, 41.7523472], [-88.1065896, 41.7524005], [-88.1066202, 41.7524438], [-88.1066757, 41.7525014], [-88.106735, 41.7525528], [-88.1068511, 41.7526461], [-88.1069851, 41.752756], [-88.1070572, 41.752817], [-88.1071675, 41.7529036], [-88.1072007, 41.7529374], [-88.1072326, 41.7529745], [-88.1072658, 41.7530154], [-88.1073072, 41.7530668], [-88.1073417, 41.7530982]]}}, {"type": "Feature", "id": 1072464953, "properties": {"osm_id": 1072464953, "osm_type": "way", "crossing": "unmarked", "highway": "footway"}, "geometry": {"type": "LineString", "coordinates": [[-88.1073417, 41.7530982], [-88.1073532, 41.7531242], [-88.1073749, 41.7531729]]}}, {"type": "Feature", "id": 1072464954, "properties": {"osm_id": 1072464954, "osm_type": "way", "highway": "footway"}, "geometry": {"type": "LineString", "coordinates": [[-88.1073749, 41.7531729], [-88.1073832, 41.7532148], [-88.1073997, 41.75326], [-88.1074138, 41.7533057], [-88.107431, 41.7533942], [-88.107461, 41.7535361], [-88.1075146, 41.753764], [-88.1075535, 41.7539501], [-88.1075983, 41.7541415], [-88.1076071, 41.754179]]}}, {"type": "Feature", "id": 1072464955, "properties": {"osm_id": 1072464955, "osm_type": "way", "crossing": "unmarked", "highway": "footway"}, "geometry": {"type": "LineString", "coordinates": [[-88.1076071, 41.754179], [-88.107614, 41.7542121], [-88.1076249, 41.7542647]]}}, {"type": "Feature", "id": 1072464956, "properties": {"osm_id": 1072464956, "osm_type": "way", "highway": "footway"}, "geometry": {"type": "LineString", "coordinates": [[-88.1076249, 41.7542647], [-88.1076325, 41.7543017], [-88.1076664, 41.7544665], [-88.1077324, 41.7547554]]}}, {"type": "Feature", "id": 1072464957, "properties": {"osm_id": 1072464957, "osm_type": "way", "highway": "footway"}, "geometry": {"type": "LineString", "coordinates": [[-88.1074895, 41.7547962], [-88.1074417, 41.7545788], [-88.10742, 41.7544746], [-88.1074187, 41.7544484], [-88.1074226, 41.7544322], [-88.1074302, 41.754417], [-88.1074347, 41.7544022], [-88.1074328, 41.7543832], [-88.1074231, 41.7543407], [-88.1073881, 41.7541866], [-88.1073352, 41.7539415], [-88.1072822, 41.7537012], [-88.1072191, 41.7534203], [-88.1072044, 41.7533476], [-88.1071942, 41.7533048], [-88.1071808, 41.7532686], [-88.1071591, 41.7532115], [-88.1071336, 41.7531648], [-88.1071087, 41.7531292], [-88.1071038, 41.7531233], [-88.1070634, 41.7530759], [-88.1070188, 41.7530287], [-88.1068382, 41.7528774], [-88.1067132, 41.7527746], [-88.1066175, 41.752925], [-88.1065882, 41.7529564], [-88.1065451, 41.7529797], [-88.1064988, 41.7529959], [-88.1064542, 41.7530035], [-88.1064076, 41.7530016], [-88.1063751, 41.7529964], [-88.1063336, 41.7529859], [-88.1063017, 41.7529707], [-88.1062724, 41.7529526], [-88.1062507, 41.7529293], [-88.1062335, 41.7529031], [-88.1062239, 41.752876], [-88.1062194, 41.7528446], [-88.1062271, 41.7528055], [-88.106236, 41.7527779], [-88.1062583, 41.7527479], [-88.1062819, 41.7527284], [-88.1063145, 41.7527094], [-88.1063585, 41.7526923], [-88.1065511, 41.7526393], [-88.1064701, 41.75256], [-88.1064408, 41.7525262], [-88.1064191, 41.7524995], [-88.106398, 41.7524705], [-88.1063808, 41.7524367], [-88.1063566, 41.7523915], [-88.1063387, 41.7523529], [-88.1063272, 41.7523115], [-88.1063145, 41.7522702], [-88.106303, 41.7522254], [-88.1062966, 41.7521764], [-88.1062966, 41.7520355], [-88.1062992, 41.7518866], [-88.106303, 41.7518366], [-88.1063157, 41.7517862], [-88.1063394, 41.7517091], [-88.10637, 41.7516405], [-88.1064089, 41.7515777], [-88.1064401, 41.7515325], [-88.1064829, 41.7514877], [-88.1065097, 41.7514601], [-88.1062194, 41.7513764], [-88.1061773, 41.7513569], [-88.1061473, 41.7513364], [-88.106125, 41.7513074], [-88.106111, 41.7512807], [-88.1061001, 41.7512541], [-88.1060989, 41.7512246], [-88.1061033, 41.7511955], [-88.1061186, 41.7511617], [-88.1061327, 41.7511389], [-88.1061607, 41.7511165], [-88.1061977, 41.7510965], [-88.1062488, 41.7510808], [-88.1062947, 41.7510732], [-88.1063406, 41.7510737], [-88.106391, 41.7510818], [-88.1064338, 41.7510984], [-88.1064708, 41.7511227], [-88.1064944, 41.7511417], [-88.1065148, 41.7511693], [-88.1066303, 41.751364], [-88.1067476, 41.7512993], [-88.1067917, 41.7512783], [-88.1068497, 41.7512522], [-88.1069033, 41.7512355], [-88.1069754, 41.7512131], [-88.1070353, 41.7512017], [-88.1071087, 41.751187], [-88.1071578, 41.7511789], [-88.1072261, 41.7511698], [-88.107517, 41.7511684], [-88.1078328, 41.7511689], [-88.1079884, 41.7511679], [-88.1080376, 41.7511641], [-88.108052, 41.7511626], [-88.1080931, 41.7511584], [-88.1082795, 41.7511354], [-88.1083629, 41.7511251], [-88.1085415, 41.7511018], [-88.1085977, 41.751098], [-88.1086627, 41.7510946], [-88.1087667, 41.7510961], [-88.1088267, 41.7510994], [-88.1089103, 41.7511089], [-88.109154, 41.7511332], [-88.1093071, 41.7511465], [-88.1093606, 41.7511513], [-88.1094232, 41.7511498], [-88.109515, 41.7511427], [-88.1095667, 41.7511356], [-88.1100756, 41.7510461], [-88.1103802, 41.7509913], [-88.1104293, 41.7509825]]}}, {"type": "Feature", "id": 1072464958, "properties": {"osm_id": 1072464958, "osm_type": "way", "highway": "footway"}, "geometry": {"type": "LineString", "coordinates": [[-88.1066414, 41.7513855], [-88.1066303, 41.751364], [-88.106602, 41.7513741]]}}, {"type": "Feature", "id": 1072464959, "properties": {"osm_id": 1072464959, "osm_type": "way", "highway": "footway"}, "geometry": {"type": "LineString", "coordinates": [[-88.1065451, 41.7514658], [-88.1065097, 41.7514601], [-88.1065185, 41.7514319]]}}, {"type": "Feature", "id": 1072464960, "properties": {"osm_id": 1072464960, "osm_type": "way", "crossing": "unmarked", "highway": "footway"}, "geometry": {"type": "LineString", "coordinates": [[-88.1065185, 41.7514319], [-88.1065592, 41.7514037], [-88.106602, 41.7513741]]}}, {"type": "Feature", "id": 1072464961, "properties": {"osm_id": 1072464961, "osm_type": "way", "crossing": "unmarked", "highway": "footway"}, "geometry": {"type": "LineString", "coordinates": [[-88.1065451, 41.7514658], [-88.1065857, 41.7514958]]}}, {"type": "Feature", "id": 1072464962, "properties": {"osm_id": 1072464962, "osm_type": "way", "crossing": "unmarked", "highway": "footway"}, "geometry": {"type": "LineString", "coordinates": [[-88.1066414, 41.7513855], [-88.1066802, 41.751422]]}}, {"type": "Feature", "id": 1072464963, "properties": {"osm_id": 1072464963, "osm_type": "way", "highway": "footway"}, "geometry": {"type": "LineString", "coordinates": [[-88.1067132, 41.7527746], [-88.1066958, 41.7527599]]}}, {"type": "Feature", "id": 1072464964, "properties": {"osm_id": 1072464964, "osm_type": "way", "highway": "footway"}, "geometry": {"type": "LineString", "coordinates": [[-88.1065638, 41.7526614], [-88.1065511, 41.7526393], [-88.1065759, 41.7526319]]}}, {"type": "Feature", "id": 1072464965, "properties": {"osm_id": 1072464965, "osm_type": "way", "crossing": "unmarked", "highway": "footway"}, "geometry": {"type": "LineString", "coordinates": [[-88.1066958, 41.7527599], [-88.1066249, 41.752707], [-88.1065638, 41.7526614]]}}, {"type": "Feature", "id": 1072464966, "properties": {"osm_id": 1072464966, "osm_type": "way", "crossing": "unmarked", "highway": "footway"}, "geometry": {"type": "LineString", "coordinates": [[-88.1065759, 41.7526319], [-88.1066435, 41.7525888]]}}, {"type": "Feature", "id": 1072464967, "properties": {"osm_id": 1072464967, "osm_type": "way", "crossing": "unmarked", "highway": "footway"}, "geometry": {"type": "LineString", "coordinates": [[-88.108052, 41.7511626], [-88.10809, 41.7512268], [-88.1081213, 41.7512796]]}}, {"type": "Feature", "id": 1072464968, "properties": {"osm_id": 1072464968, "osm_type": "way", "highway": "footway"}, "geometry": {"type": "LineString", "coordinates": [[-88.1082795, 41.7511354], [-88.1082897, 41.7511788]]}}, {"type": "Feature", "id": 1072464969, "properties": {"osm_id": 1072464969, "osm_type": "way", "crossing": "unmarked", "highway": "footway"}, "geometry": {"type": "LineString", "coordinates": [[-88.1082897, 41.7511788], [-88.1083033, 41.7512019], [-88.1083345, 41.7512547]]}}, {"type": "Feature", "id": 1072464970, "properties": {"osm_id": 1072464970, "osm_type": "way", "highway": "footway"}, "geometry": {"type": "LineString", "coordinates": [[-88.1083345, 41.7512547], [-88.1083445, 41.7512883], [-88.108399, 41.7514714], [-88.1084392, 41.7516147], [-88.1084961, 41.7518122], [-88.1085514, 41.7520063], [-88.1085894, 41.7521206], [-88.1086099, 41.752214], [-88.1086205, 41.7522757], [-88.1086349, 41.752313]]}}, {"type": "Feature", "id": 1072464971, "properties": {"osm_id": 1072464971, "osm_type": "way", "crossing": "unmarked", "highway": "footway"}, "geometry": {"type": "LineString", "coordinates": [[-88.1086349, 41.752313], [-88.1086267, 41.7523488], [-88.1086152, 41.7523996]]}}, {"type": "Feature", "id": 1072464972, "properties": {"osm_id": 1072464972, "osm_type": "way", "highway": "footway"}, "geometry": {"type": "LineString", "coordinates": [[-88.1086152, 41.7523996], [-88.1086122, 41.752446], [-88.1085985, 41.752497], [-88.108575, 41.7525626], [-88.1085401, 41.7526322], [-88.108471, 41.7527296], [-88.1084172, 41.7527879], [-88.1083641, 41.7528382], [-88.1082861, 41.7528858], [-88.1082009, 41.7529497], [-88.108094, 41.7529978], [-88.1079718, 41.753042], [-88.1073832, 41.7532148], [-88.1073361, 41.7532327]]}}, {"type": "Feature", "id": 1072464973, "properties": {"osm_id": 1072464973, "osm_type": "way", "crossing": "unmarked", "highway": "footway"}, "geometry": {"type": "LineString", "coordinates": [[-88.1073361, 41.7532327], [-88.1072755, 41.7532467], [-88.1071808, 41.7532686]]}}, {"type": "Feature", "id": 1072464974, "properties": {"osm_id": 1072464974, "osm_type": "way", "highway": "footway"}, "geometry": {"type": "LineString", "coordinates": [[-88.1071038, 41.7531233], [-88.1071586, 41.7531088]]}}, {"type": "Feature", "id": 1072464975, "properties": {"osm_id": 1072464975, "osm_type": "way", "crossing": "unmarked", "highway": "footway"}, "geometry": {"type": "LineString", "coordinates": [[-88.1071586, 41.7531088], [-88.1072001, 41.7530962], [-88.1072519, 41.7530805]]}}, {"type": "Feature", "id": 1072464976, "properties": {"osm_id": 1072464976, "osm_type": "way", "highway": "footway"}, "geometry": {"type": "LineString", "coordinates": [[-88.1072519, 41.7530805], [-88.1073072, 41.7530668], [-88.1076062, 41.7529746], [-88.1078693, 41.7528971], [-88.1079307, 41.7528801], [-88.1079869, 41.7528575], [-88.1080384, 41.7528326], [-88.1080817, 41.7528107], [-88.1081333, 41.7527818], [-88.1081735, 41.752749], [-88.1082178, 41.7527131], [-88.1082512, 41.7526831], [-88.1082815, 41.7526435], [-88.1083111, 41.7526027], [-88.1083384, 41.7525626], [-88.1083604, 41.7525224], [-88.1083786, 41.7524816], [-88.108393, 41.7524273], [-88.1084021, 41.7523786], [-88.1084059, 41.7523254], [-88.1084037, 41.7522682], [-88.108393, 41.7522167], [-88.1083278, 41.7520073], [-88.1082724, 41.751811], [-88.1081859, 41.7515076], [-88.1081374, 41.7513451], [-88.1081302, 41.7513154], [-88.1081213, 41.7512796]]}}, {"type": "Feature", "id": 1072464977, "properties": {"osm_id": 1072464977, "osm_type": "way", "crossing": "unmarked", "highway": "footway"}, "geometry": {"type": "LineString", "coordinates": [[-88.1074231, 41.7543407], [-88.1075134, 41.7543228], [-88.1075826, 41.754309]]}}, {"type": "Feature", "id": 1072464978, "properties": {"osm_id": 1072464978, "osm_type": "way", "highway": "footway"}, "geometry": {"type": "LineString", "coordinates": [[-88.1075826, 41.754309], [-88.1076325, 41.7543017], [-88.1079198, 41.7542521], [-88.1081467, 41.7542125], [-88.1082051, 41.7542023], [-88.1082392, 41.7542017], [-88.1084433, 41.7542249], [-88.1084911, 41.7542232], [-88.1085306, 41.7542119], [-88.1085753, 41.7541966], [-88.1086087, 41.7541746], [-88.1086307, 41.7541485], [-88.1086572, 41.7541163], [-88.1086686, 41.7540857], [-88.1086671, 41.754054], [-88.1086633, 41.7540274], [-88.108655, 41.7540025], [-88.1086345, 41.7539697], [-88.1086057, 41.7539487], [-88.1085708, 41.7539278], [-88.1085268, 41.7539119], [-88.1084737, 41.7539029], [-88.1084152, 41.7539035], [-88.1083637, 41.7539153], [-88.1081679, 41.7540161], [-88.108133, 41.7540376], [-88.108111, 41.7540517], [-88.1080795, 41.7540591], [-88.1078614, 41.7540953], [-88.1075983, 41.7541415], [-88.1075504, 41.7541491]]}}, {"type": "Feature", "id": 1072464979, "properties": {"osm_id": 1072464979, "osm_type": "way", "crossing": "unmarked", "highway": "footway"}, "geometry": {"type": "LineString", "coordinates": [[-88.1075504, 41.7541491], [-88.1074851, 41.7541613]]}}, {"type": "Feature", "id": 1072464980, "properties": {"osm_id": 1072464980, "osm_type": "way", "crossing": "unmarked", "highway": "footway"}, "geometry": {"type": "LineString", "coordinates": [[-88.1084804, 41.7524616], [-88.1085467, 41.752457]]}}, {"type": "Feature", "id": 1072464981, "properties": {"osm_id": 1072464981, "osm_type": "way", "crossing": "unmarked", "highway": "footway"}, "geometry": {"type": "LineString", "coordinates": [[-88.108506, 41.7522947], [-88.1085753, 41.7522836]]}}, {"type": "Feature", "id": 1072464982, "properties": {"osm_id": 1072464982, "osm_type": "way", "highway": "footway"}, "geometry": {"type": "LineString", "coordinates": [[-88.1085467, 41.752457], [-88.1086122, 41.752446], [-88.108947, 41.75239], [-88.1093759, 41.752321], [-88.1093914, 41.7523185], [-88.1094116, 41.7523153]]}}, {"type": "Feature", "id": 1072464983, "properties": {"osm_id": 1072464983, "osm_type": "way", "crossing": "unmarked", "highway": "footway"}, "geometry": {"type": "LineString", "coordinates": [[-88.1094116, 41.7523153], [-88.1094678, 41.7523057], [-88.1095388, 41.7522937]]}}, {"type": "Feature", "id": 1072464984, "properties": {"osm_id": 1072464984, "osm_type": "way", "highway": "footway"}, "geometry": {"type": "LineString", "coordinates": [[-88.1095388, 41.7522937], [-88.1095507, 41.7522918], [-88.1095721, 41.7522882], [-88.1099809, 41.7522204], [-88.1104513, 41.7521453], [-88.1105347, 41.7521324], [-88.1105839, 41.7521278]]}}, {"type": "Feature", "id": 1072464985, "properties": {"osm_id": 1072464985, "osm_type": "way", "crossing": "unmarked", "highway": "footway"}, "geometry": {"type": "LineString", "coordinates": [[-88.1105839, 41.7521278], [-88.1106337, 41.7521235], [-88.1106956, 41.7521181]]}}, {"type": "Feature", "id": 1072464986, "properties": {"osm_id": 1072464986, "osm_type": "way", "highway": "footway"}, "geometry": {"type": "LineString", "coordinates": [[-88.1106956, 41.7521181], [-88.110752, 41.7521154]]}}, {"type": "Feature", "id": 1072464987, "properties": {"osm_id": 1072464987, "osm_type": "way", "highway": "footway"}, "geometry": {"type": "LineString", "coordinates": [[-88.1107276, 41.7519361], [-88.1106714, 41.7519406]]}}, {"type": "Feature", "id": 1072464988, "properties": {"osm_id": 1072464988, "osm_type": "way", "crossing": "unmarked", "highway": "footway"}, "geometry": {"type": "LineString", "coordinates": [[-88.1106714, 41.7519406], [-88.1106098, 41.7519514], [-88.110563, 41.7519596]]}}, {"type": "Feature", "id": 1072464989, "properties": {"osm_id": 1072464989, "osm_type": "way", "highway": "footway"}, "geometry": {"type": "LineString", "coordinates": [[-88.110563, 41.7519596], [-88.110515, 41.7519672], [-88.1102402, 41.7520129], [-88.1098934, 41.7520696], [-88.1095263, 41.7521297], [-88.1095039, 41.7521333], [-88.1093407, 41.7521593], [-88.1091088, 41.7521962], [-88.1086205, 41.7522757], [-88.1085753, 41.7522836]]}}, {"type": "Feature", "id": 1072464990, "properties": {"osm_id": 1072464990, "osm_type": "way", "highway": "footway"}, "geometry": {"type": "LineString", "coordinates": [[-88.1093407, 41.7521593], [-88.1093517, 41.7522]]}}, {"type": "Feature", "id": 1072464991, "properties": {"osm_id": 1072464991, "osm_type": "way", "crossing": "unmarked", "highway": "footway"}, "geometry": {"type": "LineString", "coordinates": [[-88.1093517, 41.7522], [-88.109357, 41.7522308], [-88.1093676, 41.7522914]]}}, {"type": "Feature", "id": 1072464992, "properties": {"osm_id": 1072464992, "osm_type": "way", "highway": "footway"}, "geometry": {"type": "LineString", "coordinates": [[-88.1093676, 41.7522914], [-88.1093759, 41.752321]]}}, {"type": "Feature", "id": 1072464993, "properties": {"osm_id": 1072464993, "osm_type": "way", "highway": "footway"}, "geometry": {"type": "LineString", "coordinates": [[-88.1095263, 41.7521297], [-88.1095373, 41.7521714]]}}, {"type": "Feature", "id": 1072464994, "properties": {"osm_id": 1072464994, "osm_type": "way", "crossing": "unmarked", "highway": "footway"}, "geometry": {"type": "LineString", "coordinates": [[-88.1095373, 41.7521714], [-88.1095469, 41.7522009], [-88.109566, 41.752259]]}}, {"type": "Feature", "id": 1072464995, "properties": {"osm_id": 1072464995, "osm_type": "way", "highway": "footway"}, "geometry": {"type": "LineString", "coordinates": [[-88.109566, 41.752259], [-88.1095721, 41.7522882]]}}, {"type": "Feature", "id": 1072464996, "properties": {"osm_id": 1072464996, "osm_type": "way", "highway": "footway"}, "geometry": {"type": "LineString", "coordinates": [[-88.1093914, 41.7523185], [-88.1094588, 41.7525579], [-88.1095226, 41.7527734], [-88.1095666, 41.7529272], [-88.1095788, 41.7529786], [-88.1095883, 41.7530333], [-88.1095966, 41.7530923], [-88.1096011, 41.7531504], [-88.1095992, 41.7531884], [-88.1095839, 41.7532051], [-88.1095756, 41.7532289], [-88.109589, 41.7534592], [-88.1095909, 41.753532], [-88.1095922, 41.7535711], [-88.1095807, 41.753592], [-88.1094505, 41.7537257], [-88.1094129, 41.7537657], [-88.1093944, 41.7537914], [-88.1093855, 41.7538171], [-88.1093842, 41.7538433], [-88.1093944, 41.7538904], [-88.1094141, 41.7539213], [-88.1094339, 41.7539475], [-88.1094621, 41.7539623], [-88.1095117, 41.7539799], [-88.1095481, 41.7539899], [-88.1095864, 41.7539913], [-88.1096374, 41.7539884], [-88.1096763, 41.7539784], [-88.1097114, 41.7539632], [-88.1097414, 41.7539442], [-88.1097656, 41.7539194], [-88.109781, 41.7538947], [-88.1097873, 41.7538742], [-88.1097905, 41.7538447], [-88.1097797, 41.7535363], [-88.1097599, 41.753108], [-88.1097567, 41.7530561], [-88.1097478, 41.75299], [-88.1097331, 41.7529267], [-88.1097006, 41.7528115], [-88.1096132, 41.7525085], [-88.1095507, 41.7522918]]}}, {"type": "Feature", "id": 1072464997, "properties": {"osm_id": 1072464997, "osm_type": "way", "highway": "footway"}, "geometry": {"type": "LineString", "coordinates": [[-88.1058436, 41.7550837], [-88.1058177, 41.7546937]]}}, {"type": "Feature", "id": 1072464998, "properties": {"osm_id": 1072464998, "osm_type": "way", "highway": "footway"}, "geometry": {"type": "LineString", "coordinates": [[-88.1060265, 41.7546324], [-88.1060038, 41.7543562]]}}, {"type": "Feature", "id": 1072464999, "properties": {"osm_id": 1072464999, "osm_type": "way", "highway": "footway"}, "geometry": {"type": "LineString", "coordinates": [[-88.1057819, 41.7543268], [-88.1057576, 41.7540415], [-88.1057614, 41.7540013], [-88.1057728, 41.7539679], [-88.1058008, 41.7539368], [-88.1058289, 41.753917], [-88.1058964, 41.7538904]]}}, {"type": "Feature", "id": 1072465000, "properties": {"osm_id": 1072465000, "osm_type": "way", "highway": "footway"}, "geometry": {"type": "LineString", "coordinates": [[-88.1061885, 41.7540608], [-88.1061923, 41.7540364], [-88.1061885, 41.7540042], [-88.1061696, 41.7539708], [-88.1061438, 41.7539402], [-88.106121, 41.753921], [-88.1060929, 41.7539097]]}}, {"type": "Feature", "id": 1072465001, "properties": {"osm_id": 1072465001, "osm_type": "way", "highway": "footway"}, "geometry": {"type": "LineString", "coordinates": [[-88.1037828, 41.75059], [-88.1038627, 41.7505929], [-88.1042439, 41.7505847], [-88.104571, 41.7505796], [-88.1046423, 41.7505823], [-88.1046966, 41.7505895], [-88.1047196, 41.7505976], [-88.10474, 41.7506143], [-88.1047451, 41.7506333], [-88.1047394, 41.750669], [-88.104726, 41.7507118], [-88.1047151, 41.7507566], [-88.1047106, 41.7508075], [-88.1047094, 41.7508832], [-88.1047119, 41.7509255]]}}, {"type": "Feature", "id": 1072465002, "properties": {"osm_id": 1072465002, "osm_type": "way", "highway": "footway"}, "geometry": {"type": "LineString", "coordinates": [[-88.1048689, 41.7509255], [-88.1048746, 41.7508499], [-88.1048765, 41.7507885], [-88.1048823, 41.7507537], [-88.1048931, 41.7507133], [-88.1049052, 41.7506804], [-88.1049282, 41.7506338], [-88.104985, 41.7505486], [-88.1050086, 41.7505126], [-88.1050169, 41.7505001], [-88.1050417, 41.7504653], [-88.1050615, 41.7504239], [-88.1050762, 41.7503835], [-88.1050883, 41.7503459], [-88.1051011, 41.7502973], [-88.1051036, 41.7502496], [-88.1050972, 41.7500617], [-88.1050947, 41.7499579], [-88.1051055, 41.7499188], [-88.1051215, 41.7498874], [-88.1051476, 41.7498613], [-88.1051885, 41.7498389], [-88.1052306, 41.7498256], [-88.105272, 41.7498184], [-88.1060982, 41.7497987], [-88.1061658, 41.749796], [-88.1062034, 41.7498037], [-88.1062379, 41.7498175], [-88.1062653, 41.7498394], [-88.1062768, 41.7498613], [-88.1062793, 41.7498979], [-88.1062864, 41.7501421], [-88.1062876, 41.7501782], [-88.1062972, 41.750212], [-88.1063183, 41.7502406], [-88.1063457, 41.7502682], [-88.1063725, 41.7502863], [-88.1064057, 41.750301], [-88.1064401, 41.7503101], [-88.1064816, 41.7503129], [-88.1065415, 41.7503077], [-88.1065779, 41.7502963], [-88.1066079, 41.7502806], [-88.1066296, 41.7502639], [-88.1066481, 41.7502463], [-88.1066666, 41.7502211], [-88.1066768, 41.750202], [-88.1066825, 41.7501758], [-88.1066844, 41.7501459], [-88.1066764, 41.7499581], [-88.1066713, 41.7499428], [-88.1066713, 41.74992], [-88.1066745, 41.7499], [-88.1066713, 41.7498058], [-88.1066656, 41.749781], [-88.1066547, 41.7497582], [-88.1066356, 41.7497329], [-88.106612, 41.7497101], [-88.1065929, 41.7496968], [-88.1065654, 41.7496839], [-88.1065297, 41.7496739], [-88.1064972, 41.7496692], [-88.1064434, 41.7496672], [-88.1052702, 41.7496939], [-88.1052268, 41.7496987], [-88.1051905, 41.7497053], [-88.1051624, 41.749712], [-88.1051407, 41.749712], [-88.105119, 41.7497039], [-88.1050833, 41.7496915], [-88.1050508, 41.7496834], [-88.1050163, 41.7496796], [-88.1049838, 41.7496801], [-88.1049487, 41.7496872], [-88.1049162, 41.7496982], [-88.1048862, 41.7497129], [-88.1048632, 41.7497291], [-88.1048454, 41.7497477], [-88.1048307, 41.7497705], [-88.1048198, 41.7497962], [-88.104816, 41.7498257], [-88.1048186, 41.7498524], [-88.1048249, 41.7498767], [-88.1048351, 41.7498952], [-88.1048498, 41.7499128], [-88.1048683, 41.749929], [-88.1048919, 41.7499428], [-88.104913, 41.7499542], [-88.1049238, 41.7499661], [-88.1049289, 41.7499795], [-88.1049347, 41.7501237], [-88.1049404, 41.7502319], [-88.1049391, 41.7502633], [-88.1049321, 41.7503019], [-88.1049213, 41.7503404], [-88.1049085, 41.7503761], [-88.10489, 41.7504147], [-88.1048657, 41.7504542], [-88.1048619, 41.7504604], [-88.1048466, 41.7504742], [-88.1048275, 41.7504832], [-88.1048096, 41.7504851], [-88.1047867, 41.7504832], [-88.1047685, 41.7504787], [-88.1047465, 41.7504732], [-88.1046954, 41.7504651], [-88.1046418, 41.7504594], [-88.1045902, 41.7504561], [-88.1042515, 41.7504618], [-88.1039678, 41.7504684], [-88.1038584, 41.7504713]]}}, {"type": "Feature", "id": 1072465003, "properties": {"osm_id": 1072465003, "osm_type": "way", "highway": "footway"}, "geometry": {"type": "LineString", "coordinates": [[-88.1047196, 41.7505976], [-88.1047291, 41.7505741]]}}, {"type": "Feature", "id": 1072465004, "properties": {"osm_id": 1072465004, "osm_type": "way", "highway": "footway"}, "geometry": {"type": "LineString", "coordinates": [[-88.1047685, 41.7504787], [-88.1047603, 41.7504989]]}}, {"type": "Feature", "id": 1072465005, "properties": {"osm_id": 1072465005, "osm_type": "way", "crossing": "unmarked", "highway": "footway"}, "geometry": {"type": "LineString", "coordinates": [[-88.1047291, 41.7505741], [-88.1047483, 41.7505278], [-88.1047603, 41.7504989]]}}, {"type": "Feature", "id": 1072465006, "properties": {"osm_id": 1072465006, "osm_type": "way", "highway": "footway"}, "geometry": {"type": "LineString", "coordinates": [[-88.1048657, 41.7504542], [-88.1048936, 41.7504651]]}}, {"type": "Feature", "id": 1072465007, "properties": {"osm_id": 1072465007, "osm_type": "way", "highway": "footway"}, "geometry": {"type": "LineString", "coordinates": [[-88.1050086, 41.7505126], [-88.1049791, 41.7505042]]}}, {"type": "Feature", "id": 1072465008, "properties": {"osm_id": 1072465008, "osm_type": "way", "crossing": "unmarked", "highway": "footway"}, "geometry": {"type": "LineString", "coordinates": [[-88.1049791, 41.7505042], [-88.104933, 41.7504831], [-88.1048936, 41.7504651]]}}, {"type": "Feature", "id": 1072465009, "properties": {"osm_id": 1072465009, "osm_type": "way", "highway": "footway"}, "geometry": {"type": "LineString", "coordinates": [[-88.1050503, 41.7552254], [-88.1050426, 41.7551935], [-88.1050313, 41.7551699], [-88.1049112, 41.7550603], [-88.1048865, 41.7550387], [-88.1048693, 41.7550179], [-88.1048618, 41.7549954], [-88.1048586, 41.7549726], [-88.1048586, 41.7549414], [-88.1048634, 41.7549142], [-88.1048726, 41.7548902], [-88.1048838, 41.7548714], [-88.1049074, 41.7548518], [-88.1049359, 41.7548314], [-88.1049659, 41.7548138], [-88.1049959, 41.754801], [-88.1050297, 41.7547937], [-88.1050646, 41.7547917], [-88.1051043, 41.7547945], [-88.1051547, 41.7548078], [-88.1051815, 41.7548198], [-88.1052084, 41.754839], [-88.1052293, 41.7548558]]}}, {"type": "Feature", "id": 1072467696, "properties": {"osm_id": 1072467696, "osm_type": "way", "highway": "footway"}, "geometry": {"type": "LineString", "coordinates": [[-88.1034585, 41.7492915], [-88.1029916, 41.7492831], [-88.1014284, 41.749324]]}}, {"type": "Feature", "id": 1072467697, "properties": {"osm_id": 1072467697, "osm_type": "way", "crossing": "uncontrolled", "highway": "footway"}, "geometry": {"type": "LineString", "coordinates": [[-88.1014284, 41.749324], [-88.1013752, 41.7493257], [-88.1013405, 41.7493264]]}}, {"type": "Feature", "id": 1072467698, "properties": {"osm_id": 1072467698, "osm_type": "way", "highway": "footway"}, "geometry": {"type": "LineString", "coordinates": [[-88.1013405, 41.7493264], [-88.101318, 41.7493276], [-88.1013008, 41.7493109], [-88.1012746, 41.7493104], [-88.1012529, 41.7493352], [-88.1012185, 41.7493376]]}}, {"type": "Feature", "id": 1072467699, "properties": {"osm_id": 1072467699, "osm_type": "way", "highway": "footway"}, "geometry": {"type": "LineString", "coordinates": [[-88.0938056, 41.7494864], [-88.0936796, 41.7494932], [-88.093647, 41.7494904], [-88.0936205, 41.7494847], [-88.0936053, 41.7494785], [-88.0935871, 41.7494847], [-88.0935575, 41.7494938], [-88.0935218, 41.749496], [-88.0930098, 41.7495045], [-88.0929878, 41.7495079], [-88.092968, 41.7495079], [-88.0929491, 41.7495068], [-88.0925713, 41.7495158]]}}, {"type": "Feature", "id": 1072467700, "properties": {"osm_id": 1072467700, "osm_type": "way", "crossing": "unmarked", "highway": "footway"}, "geometry": {"type": "LineString", "coordinates": [[-88.0925713, 41.7495158], [-88.0925215, 41.7495167], [-88.0924772, 41.7495175]]}}, {"type": "Feature", "id": 1072467701, "properties": {"osm_id": 1072467701, "osm_type": "way", "highway": "footway"}, "geometry": {"type": "LineString", "coordinates": [[-88.0924772, 41.7495175], [-88.0919204, 41.7495283], [-88.0918961, 41.7495328], [-88.0918748, 41.749534], [-88.0918506, 41.7495311], [-88.0915919, 41.7495351], [-88.091381, 41.7495385], [-88.0913635, 41.7495436], [-88.0913521, 41.7495481], [-88.0913354, 41.7495453], [-88.091315, 41.7495424], [-88.0912844, 41.7495435]]}}, {"type": "Feature", "id": 1072584381, "properties": {"osm_id": 1072584381, "osm_type": "way", "highway": "secondary", "lanes": "5", "maxspeed": "35 mph", "name": "Naper Boulevard"}, "geometry": {"type": "LineString", "coordinates": [[-88.1096752, 41.7787588], [-88.109686, 41.778807], [-88.1097267, 41.7789792], [-88.1097566, 41.779102]]}}, {"type": "Feature", "id": 1073416098, "properties": {"osm_id": 1073416098, "osm_type": "way", "highway": "tertiary", "lanes": "4", "maxspeed": "35 mph", "name": "Wehrli Road"}, "geometry": {"type": "LineString", "coordinates": [[-88.102171, 41.738357], [-88.1021402, 41.7382954], [-88.102093, 41.738201], [-88.102001, 41.738062], [-88.101928, 41.737966], [-88.101799, 41.737822], [-88.10165, 41.737683], [-88.101627, 41.737662], [-88.101458, 41.737528], [-88.101325, 41.73744], [-88.101259, 41.737396], [-88.1009265, 41.7371995]]}}, {"type": "Feature", "id": 1074407135, "properties": {"osm_id": 1074407135, "osm_type": "way", "highway": "residential", "maxspeed": "25 mph", "name": "Ranchview Drive", "oneway": "yes"}, "geometry": {"type": "LineString", "coordinates": [[-88.0947948, 41.7492303], [-88.0947877, 41.7491184]]}}, {"type": "Feature", "id": 1074407137, "properties": {"osm_id": 1074407137, "osm_type": "way", "highway": "residential", "maxspeed": "25 mph", "name": "Ranchview Drive", "oneway": "yes"}, "geometry": {"type": "LineString", "coordinates": [[-88.094671, 41.74912], [-88.0946742, 41.7492327]]}}, {"type": "Feature", "id": 1074407138, "properties": {"osm_id": 1074407138, "osm_type": "way", "highway": "secondary", "lanes": "2", "maxspeed": "45 mph", "name": "75th Street", "oneway": "yes"}, "geometry": {"type": "LineString", "coordinates": [[-88.09876614616147, 41.74903830142504], [-88.0948966, 41.7491163], [-88.0947877, 41.7491184], [-88.094671, 41.74912], [-88.0903431, 41.7492079]]}}, {"type": "Feature", "id": 1074970479, "properties": {"osm_id": 1074970479, "osm_type": "way", "highway": "footway"}, "geometry": {"type": "LineString", "coordinates": [[-88.0945577, 41.7490431], [-88.0945577, 41.748937], [-88.0945672, 41.748859], [-88.0945768, 41.7487804], [-88.0945883, 41.7487], [-88.0946011, 41.7484982], [-88.0946138, 41.7483649], [-88.0946323, 41.7482117], [-88.094647, 41.7480884], [-88.0946521, 41.7480299], [-88.0946515, 41.7479999], [-88.0946566, 41.747967], [-88.0946757, 41.7479289], [-88.0946904, 41.7478861], [-88.0947323, 41.7476934], [-88.0947369, 41.7476724]]}}, {"type": "Feature", "id": 1074970480, "properties": {"osm_id": 1074970480, "osm_type": "way", "crossing": "unmarked", "highway": "footway"}, "geometry": {"type": "LineString", "coordinates": [[-88.0947369, 41.7476724], [-88.0947603, 41.7476014], [-88.0947778, 41.7475482]]}}, {"type": "Feature", "id": 1074970481, "properties": {"osm_id": 1074970481, "osm_type": "way", "highway": "footway"}, "geometry": {"type": "LineString", "coordinates": [[-88.0947778, 41.7475482], [-88.0947853, 41.7475201], [-88.0947956, 41.7474815], [-88.0948173, 41.7473811], [-88.0948333, 41.7473073], [-88.0948365, 41.7472621], [-88.0948467, 41.7472026], [-88.0948626, 41.7471512], [-88.0948964, 41.7471036], [-88.0949283, 41.7470565], [-88.0949513, 41.7470084], [-88.0950068, 41.7468737], [-88.0951063, 41.746642], [-88.0952071, 41.7464187], [-88.0952875, 41.7462455], [-88.0953423, 41.7461141], [-88.0953742, 41.7460399], [-88.0953991, 41.7459475]]}}, {"type": "Feature", "id": 1074970482, "properties": {"osm_id": 1074970482, "osm_type": "way", "crossing": "unmarked", "highway": "footway"}, "geometry": {"type": "LineString", "coordinates": [[-88.0956728, 41.7459823], [-88.0955967, 41.7459726], [-88.0954671, 41.7459561], [-88.0953991, 41.7459475], [-88.0954247, 41.7458949], [-88.0954697, 41.7458022], [-88.0954916, 41.7457571]]}}, {"type": "Feature", "id": 1074970483, "properties": {"osm_id": 1074970483, "osm_type": "way", "crossing": "uncontrolled", "highway": "footway"}, "geometry": {"type": "LineString", "coordinates": [[-88.0956728, 41.7459823], [-88.0956995, 41.7459036], [-88.0957175, 41.7458509], [-88.0956096, 41.7458061], [-88.0954916, 41.7457571]]}}, {"type": "Feature", "id": 1074970484, "properties": {"osm_id": 1074970484, "osm_type": "way", "highway": "footway"}, "geometry": {"type": "LineString", "coordinates": [[-88.0954916, 41.7457571], [-88.0955382, 41.7456441], [-88.0955971, 41.7455106], [-88.0956449, 41.7453964], [-88.0956988, 41.7452777], [-88.0957616, 41.7451245], [-88.0957709, 41.7451019]]}}, {"type": "Feature", "id": 1074970485, "properties": {"osm_id": 1074970485, "osm_type": "way", "crossing": "uncontrolled", "highway": "footway"}, "geometry": {"type": "LineString", "coordinates": [[-88.0957709, 41.7451019], [-88.0957913, 41.7450542], [-88.0958133, 41.7450029]]}}, {"type": "Feature", "id": 1074970486, "properties": {"osm_id": 1074970486, "osm_type": "way", "highway": "footway"}, "geometry": {"type": "LineString", "coordinates": [[-88.0958133, 41.7450029], [-88.095809, 41.7449913], [-88.0957938, 41.7449765], [-88.0958276, 41.7449817], [-88.0958507, 41.7449885]]}}, {"type": "Feature", "id": 1074970487, "properties": {"osm_id": 1074970487, "osm_type": "way", "crossing": "uncontrolled", "highway": "footway"}, "geometry": {"type": "LineString", "coordinates": [[-88.0958507, 41.7449885], [-88.0959171, 41.7450091], [-88.0959455, 41.7450179], [-88.0959982, 41.7450342]]}}, {"type": "Feature", "id": 1074970488, "properties": {"osm_id": 1074970488, "osm_type": "way", "highway": "footway"}, "geometry": {"type": "LineString", "coordinates": [[-88.0959982, 41.7450342], [-88.0960492, 41.7450386], [-88.0960374, 41.745065]]}}, {"type": "Feature", "id": 1074970489, "properties": {"osm_id": 1074970489, "osm_type": "way", "crossing": "uncontrolled", "highway": "footway"}, "geometry": {"type": "LineString", "coordinates": [[-88.0960374, 41.745065], [-88.0960192, 41.7451089], [-88.0959939, 41.7451698]]}}, {"type": "Feature", "id": 1074970490, "properties": {"osm_id": 1074970490, "osm_type": "way", "highway": "footway"}, "geometry": {"type": "LineString", "coordinates": [[-88.0959939, 41.7451698], [-88.0959972, 41.7451979], [-88.0959553, 41.7451847]]}}, {"type": "Feature", "id": 1074970491, "properties": {"osm_id": 1074970491, "osm_type": "way", "crossing": "unmarked", "highway": "footway"}, "geometry": {"type": "LineString", "coordinates": [[-88.0959553, 41.7451847], [-88.0958677, 41.7451571], [-88.0957987, 41.7451354]]}}, {"type": "Feature", "id": 1074970492, "properties": {"osm_id": 1074970492, "osm_type": "way", "highway": "footway"}, "geometry": {"type": "LineString", "coordinates": [[-88.0957987, 41.7451354], [-88.0957616, 41.7451245]]}}, {"type": "Feature", "id": 1074970493, "properties": {"osm_id": 1074970493, "osm_type": "way", "highway": "footway"}, "geometry": {"type": "LineString", "coordinates": [[-88.0959972, 41.7451979], [-88.0959664, 41.7452659], [-88.0959147, 41.7453949], [-88.095879, 41.7454949], [-88.0958305, 41.7456177], [-88.0957744, 41.7457681], [-88.0957457, 41.7458443], [-88.0957175, 41.7458509]]}}, {"type": "Feature", "id": 1074970494, "properties": {"osm_id": 1074970494, "osm_type": "way", "highway": "footway"}, "geometry": {"type": "LineString", "coordinates": [[-88.0956728, 41.7459823], [-88.0956091, 41.7461322], [-88.0955613, 41.7462417], [-88.0954918, 41.7464142], [-88.095428, 41.7465482], [-88.0953776, 41.7466672], [-88.0953425, 41.7467529]]}}, {"type": "Feature", "id": 1074970495, "properties": {"osm_id": 1074970495, "osm_type": "way", "crossing": "uncontrolled", "highway": "footway"}, "geometry": {"type": "LineString", "coordinates": [[-88.0953425, 41.7467529], [-88.0953107, 41.7468246], [-88.0952819, 41.7468895]]}}, {"type": "Feature", "id": 1074970496, "properties": {"osm_id": 1074970496, "osm_type": "way", "highway": "footway"}, "geometry": {"type": "LineString", "coordinates": [[-88.0952819, 41.7468895], [-88.0952321, 41.7470042], [-88.0951926, 41.7471108], [-88.095153, 41.7472142], [-88.095109, 41.747345], [-88.0950848, 41.7474226], [-88.0950733, 41.7474659], [-88.0950675, 41.7475044], [-88.0950605, 41.7475239], [-88.0950497, 41.747543], [-88.0950446, 41.747562], [-88.0950407, 41.7475739]]}}, {"type": "Feature", "id": 1074970497, "properties": {"osm_id": 1074970497, "osm_type": "way", "crossing": "uncontrolled", "highway": "footway"}, "geometry": {"type": "LineString", "coordinates": [[-88.0950407, 41.7475739], [-88.0950237, 41.7476358], [-88.0950082, 41.7476919]]}}, {"type": "Feature", "id": 1074970498, "properties": {"osm_id": 1074970498, "osm_type": "way", "highway": "footway"}, "geometry": {"type": "LineString", "coordinates": [[-88.0950082, 41.7476919], [-88.0950043, 41.7477091], [-88.0949699, 41.74786], [-88.0949501, 41.7479547], [-88.094938, 41.7480237], [-88.0949214, 41.7481103], [-88.0949055, 41.7482088], [-88.0948888, 41.7483281], [-88.094887, 41.7483407]]}}, {"type": "Feature", "id": 1074970499, "properties": {"osm_id": 1074970499, "osm_type": "way", "crossing": "uncontrolled", "highway": "footway"}, "geometry": {"type": "LineString", "coordinates": [[-88.094887, 41.7483407], [-88.0948801, 41.7483967], [-88.0948723, 41.7484592]]}}, {"type": "Feature", "id": 1074970500, "properties": {"osm_id": 1074970500, "osm_type": "way", "highway": "footway"}, "geometry": {"type": "LineString", "coordinates": [[-88.0948723, 41.7484592], [-88.0948672, 41.7485468], [-88.0948596, 41.7486358], [-88.0948564, 41.748701], [-88.0948532, 41.7488618], [-88.09485, 41.7490065], [-88.0948557, 41.7490208], [-88.0948691, 41.7490351]]}}, {"type": "Feature", "id": 1074970501, "properties": {"osm_id": 1074970501, "osm_type": "way", "crossing": "traffic_signals", "highway": "footway"}, "geometry": {"type": "LineString", "coordinates": [[-88.0948691, 41.7490351], [-88.094783, 41.7490373], [-88.0946718, 41.749042], [-88.0945577, 41.7490431]]}}, {"type": "Feature", "id": 1074970502, "properties": {"osm_id": 1074970502, "osm_type": "way", "highway": "footway"}, "geometry": {"type": "LineString", "coordinates": [[-88.0960492, 41.7450386], [-88.0962679, 41.7450908], [-88.0963915, 41.7451248], [-88.0964917, 41.7451571], [-88.0965842, 41.7451888], [-88.0966836, 41.7452261], [-88.0967822, 41.7452686], [-88.0968505, 41.7452986], [-88.0969165, 41.745328], [-88.0970189, 41.7453671], [-88.097113, 41.7453903], [-88.0971934, 41.7454078], [-88.0972928, 41.745422], [-88.0973907, 41.7454288], [-88.0975454, 41.7454242], [-88.0975553, 41.7454395]]}}, {"type": "Feature", "id": 1074970503, "properties": {"osm_id": 1074970503, "osm_type": "way", "crossing": "unmarked", "highway": "footway"}, "geometry": {"type": "LineString", "coordinates": [[-88.0975553, 41.7454395], [-88.0976431, 41.7454383], [-88.0977192, 41.7454373]]}}, {"type": "Feature", "id": 1074970504, "properties": {"osm_id": 1074970504, "osm_type": "way", "highway": "footway"}, "geometry": {"type": "LineString", "coordinates": [[-88.0977192, 41.7454373], [-88.0977404, 41.7454225], [-88.0980469, 41.7454169], [-88.0983564, 41.7454095], [-88.0986659, 41.7454016], [-88.0989747, 41.7453954], [-88.0990696, 41.7453931], [-88.0992615, 41.7453886], [-88.0993, 41.7453878], [-88.0994886, 41.7453841], [-88.0997282, 41.7453805], [-88.0997546, 41.7453801]]}}, {"type": "Feature", "id": 1074970505, "properties": {"osm_id": 1074970505, "osm_type": "way", "crossing": "unmarked", "highway": "footway"}, "geometry": {"type": "LineString", "coordinates": [[-88.0997546, 41.7453801], [-88.0998225, 41.7453844], [-88.0999048, 41.7453897]]}}, {"type": "Feature", "id": 1074970506, "properties": {"osm_id": 1074970506, "osm_type": "way", "highway": "footway"}, "geometry": {"type": "LineString", "coordinates": [[-88.0999048, 41.7453897], [-88.0999236, 41.7453854], [-88.099942, 41.7453812], [-88.0999845, 41.7453756], [-88.100275, 41.7453705], [-88.1005906, 41.7453625], [-88.100836, 41.7453561], [-88.1008698, 41.7453552]]}}, {"type": "Feature", "id": 1074970507, "properties": {"osm_id": 1074970507, "osm_type": "way", "crossing": "unmarked", "highway": "footway"}, "geometry": {"type": "LineString", "coordinates": [[-88.1008698, 41.7453552], [-88.100934, 41.7453544], [-88.1010018, 41.7453535]]}}, {"type": "Feature", "id": 1074970508, "properties": {"osm_id": 1074970508, "osm_type": "way", "highway": "footway"}, "geometry": {"type": "LineString", "coordinates": [[-88.1010018, 41.7453535], [-88.1010345, 41.7453527], [-88.1013038, 41.7453461], [-88.1016391, 41.7453399], [-88.1019645, 41.7453337], [-88.1023666, 41.7453235], [-88.1026693, 41.7453173], [-88.1029811, 41.7453099], [-88.1032864, 41.7453061], [-88.1033521, 41.7453037]]}}, {"type": "Feature", "id": 1074970509, "properties": {"osm_id": 1074970509, "osm_type": "way", "highway": "footway"}, "geometry": {"type": "LineString", "coordinates": [[-88.1014586, 41.7454916], [-88.101047, 41.7455004], [-88.1007168, 41.745505], [-88.1003703, 41.7455152], [-88.1001131, 41.7455186], [-88.1000244, 41.7455231], [-88.0999751, 41.7455355], [-88.0999333, 41.7455474], [-88.0998924, 41.7455519], [-88.0998036, 41.7455491], [-88.0997558, 41.7455446], [-88.0997232, 41.7455372], [-88.0996982, 41.7455304], [-88.0995973, 41.7455304], [-88.0995571, 41.7455389], [-88.0995313, 41.745548], [-88.0994926, 41.7455514], [-88.0992872, 41.7455538], [-88.0992551, 41.7455542]]}}, {"type": "Feature", "id": 1074970510, "properties": {"osm_id": 1074970510, "osm_type": "way", "crossing": "unmarked", "highway": "footway"}, "geometry": {"type": "LineString", "coordinates": [[-88.0992551, 41.7455542], [-88.09918, 41.7455556], [-88.0991003, 41.745557]]}}, {"type": "Feature", "id": 1074970511, "properties": {"osm_id": 1074970511, "osm_type": "way", "highway": "footway"}, "geometry": {"type": "LineString", "coordinates": [[-88.0991003, 41.745557], [-88.0990722, 41.7455574], [-88.0985959, 41.7455627], [-88.0984638, 41.7455678], [-88.0980898, 41.7455757], [-88.097642, 41.7455853], [-88.0974078, 41.745591], [-88.0973349, 41.7455876], [-88.097269, 41.7455831], [-88.0971703, 41.7455695], [-88.0971097, 41.745557], [-88.0970161, 41.7455361], [-88.0969344, 41.7455089], [-88.096851, 41.7454823], [-88.0967683, 41.7454506], [-88.0966704, 41.7454059], [-88.0965688, 41.7453612], [-88.0964686, 41.7453244], [-88.0963654, 41.7452899], [-88.0962752, 41.7452616], [-88.0961788, 41.7452361], [-88.0960809, 41.7452135], [-88.0959972, 41.7451979]]}}, {"type": "Feature", "id": 1074970512, "properties": {"osm_id": 1074970512, "osm_type": "way", "highway": "footway"}, "geometry": {"type": "LineString", "coordinates": [[-88.0993, 41.7453878], [-88.0993019, 41.7454168]]}}, {"type": "Feature", "id": 1074970513, "properties": {"osm_id": 1074970513, "osm_type": "way", "crossing": "unmarked", "highway": "footway"}, "geometry": {"type": "LineString", "coordinates": [[-88.0993019, 41.7454168], [-88.0992948, 41.7454646], [-88.0992859, 41.7455253]]}}, {"type": "Feature", "id": 1074970514, "properties": {"osm_id": 1074970514, "osm_type": "way", "crossing": "unmarked", "highway": "footway"}, "geometry": {"type": "LineString", "coordinates": [[-88.0990696, 41.7453931], [-88.0990744, 41.745469], [-88.0990786, 41.7455372]]}}, {"type": "Feature", "id": 1074970515, "properties": {"osm_id": 1074970515, "osm_type": "way", "highway": "footway"}, "geometry": {"type": "LineString", "coordinates": [[-88.0990786, 41.7455372], [-88.0990722, 41.7455574], [-88.0990767, 41.7457142], [-88.0990837, 41.7460065], [-88.099092, 41.7462431], [-88.0990971, 41.7463887], [-88.0991143, 41.7464772], [-88.099136, 41.7465358], [-88.0991666, 41.7465881], [-88.0992125, 41.7466448], [-88.0992706, 41.7467042], [-88.0993427, 41.746748], [-88.0994027, 41.746779], [-88.099485, 41.7468099], [-88.0996483, 41.7468537], [-88.099906, 41.7469198], [-88.0999475, 41.7469275], [-88.0999889, 41.7469284], [-88.1000419, 41.7469175], [-88.1000865, 41.7468994], [-88.1001153, 41.7468808], [-88.1001459, 41.7468466], [-88.1001657, 41.7468099], [-88.1001759, 41.7467756], [-88.1001727, 41.746748], [-88.1001612, 41.7467057], [-88.1001401, 41.7466738], [-88.1001082, 41.7466433], [-88.1000687, 41.7466214], [-88.1000196, 41.746609], [-88.0999609, 41.7466014], [-88.0999066, 41.7466062], [-88.0998556, 41.7466219], [-88.0997791, 41.7466519], [-88.0997248, 41.746669], [-88.0996808, 41.7466781], [-88.099633, 41.7466762], [-88.099573, 41.7466628], [-88.0995143, 41.7466386], [-88.0994595, 41.7466076], [-88.0994145, 41.7465703], [-88.0993721, 41.7465291], [-88.0993319, 41.7464605], [-88.0993166, 41.7464053], [-88.0993121, 41.7463377], [-88.0993025, 41.7460734], [-88.0992955, 41.7457823], [-88.0992872, 41.7455538], [-88.0992859, 41.7455253]]}}, {"type": "Feature", "id": 1074970516, "properties": {"osm_id": 1074970516, "osm_type": "way", "highway": "footway"}, "geometry": {"type": "LineString", "coordinates": [[-88.1033668, 41.7473738], [-88.1028956, 41.7473828]]}}, {"type": "Feature", "id": 1074970517, "properties": {"osm_id": 1074970517, "osm_type": "way", "highway": "footway"}, "geometry": {"type": "LineString", "coordinates": [[-88.1033616, 41.7472113], [-88.1033318, 41.7472181], [-88.1032999, 41.7472181], [-88.1032787, 41.747213], [-88.1028759, 41.7472207], [-88.1028174, 41.7472209]]}}, {"type": "Feature", "id": 1074970518, "properties": {"osm_id": 1074970518, "osm_type": "way", "highway": "footway"}, "geometry": {"type": "LineString", "coordinates": [[-88.1028759, 41.7472207], [-88.1028774, 41.7472572]]}}, {"type": "Feature", "id": 1074970519, "properties": {"osm_id": 1074970519, "osm_type": "way", "crossing": "unmarked", "highway": "footway"}, "geometry": {"type": "LineString", "coordinates": [[-88.1028774, 41.7472572], [-88.1028785, 41.7473005]]}}, {"type": "Feature", "id": 1074970520, "properties": {"osm_id": 1074970520, "osm_type": "way", "crossing": "unmarked", "highway": "footway"}, "geometry": {"type": "LineString", "coordinates": [[-88.1028174, 41.7472209], [-88.1027577, 41.7472209], [-88.1027089, 41.7472209]]}}, {"type": "Feature", "id": 1074970521, "properties": {"osm_id": 1074970521, "osm_type": "way", "highway": "footway"}, "geometry": {"type": "LineString", "coordinates": [[-88.1027089, 41.7472209], [-88.1026579, 41.7472217], [-88.1023979, 41.7472255], [-88.1020831, 41.7472294], [-88.1018608, 41.7472323], [-88.1017409, 41.7472328], [-88.101681, 41.7472872], [-88.1016559, 41.7473205], [-88.1016446, 41.7473517], [-88.1016476, 41.7473822], [-88.1016552, 41.7474196], [-88.1016688, 41.7474468], [-88.1016878, 41.7474649], [-88.1017212, 41.7474864], [-88.1017455, 41.7475011], [-88.101788, 41.7475136], [-88.101838, 41.7475198]]}}, {"type": "Feature", "id": 1074970522, "properties": {"osm_id": 1074970522, "osm_type": "way", "highway": "footway"}, "geometry": {"type": "LineString", "coordinates": [[-88.102675, 41.7472643], [-88.1026579, 41.7472217], [-88.102635, 41.7464908], [-88.1026265, 41.7464643]]}}, {"type": "Feature", "id": 1074970523, "properties": {"osm_id": 1074970523, "osm_type": "way", "highway": "footway"}, "geometry": {"type": "LineString", "coordinates": [[-88.102635, 41.7464908], [-88.1022863, 41.7464975], [-88.1019216, 41.7465037], [-88.1015709, 41.7465082], [-88.1013046, 41.7465139], [-88.101292, 41.7466303], [-88.1013895, 41.7467999], [-88.1013986, 41.7468294], [-88.101404, 41.7468557], [-88.1014004, 41.746886], [-88.1013878, 41.7469169], [-88.1013716, 41.7469438], [-88.1013436, 41.7469708], [-88.1013066, 41.746993], [-88.1012642, 41.7470105], [-88.1012254, 41.7470179], [-88.1011866, 41.7470186], [-88.1011496, 41.7470165], [-88.1011054, 41.7470071], [-88.1010756, 41.746995], [-88.1010405, 41.7469755], [-88.1010134, 41.7469512], [-88.1009926, 41.7469257], [-88.1009809, 41.746894], [-88.1009737, 41.746855], [-88.1009836, 41.7468173], [-88.1010098, 41.7467628], [-88.1010747, 41.7466376], [-88.1010738, 41.7465299], [-88.1010693, 41.7464727]]}}, {"type": "Feature", "id": 1074970524, "properties": {"osm_id": 1074970524, "osm_type": "way", "highway": "footway"}, "geometry": {"type": "LineString", "coordinates": [[-88.1011054, 41.7463905], [-88.101137, 41.746371], [-88.1011722, 41.7463569], [-88.1012209, 41.7463535], [-88.1015574, 41.7463488], [-88.101814, 41.7463441]]}}, {"type": "Feature", "id": 1074970525, "properties": {"osm_id": 1074970525, "osm_type": "way", "highway": "footway"}, "geometry": {"type": "LineString", "coordinates": [[-88.0957457, 41.7458443], [-88.0958963, 41.7458814], [-88.0959883, 41.7459082], [-88.0960573, 41.7459297], [-88.0961211, 41.7459512], [-88.0962773, 41.7460168], [-88.0964215, 41.7460808], [-88.0965724, 41.7461487], [-88.0966688, 41.7461917], [-88.0967029, 41.7462099], [-88.0967272, 41.7462348], [-88.0967416, 41.7462665], [-88.0967454, 41.7463016], [-88.0967393, 41.7463321], [-88.0967287, 41.7463751], [-88.0966536, 41.7466151], [-88.0965975, 41.7467583], [-88.0965482, 41.7469123], [-88.0965171, 41.7470147], [-88.0965091, 41.7470335], [-88.0964989, 41.7470578], [-88.0964624, 41.7470861], [-88.096423, 41.7471076], [-88.0963813, 41.7471189], [-88.0963411, 41.747124], [-88.0963031, 41.7471223], [-88.0962591, 41.7471127], [-88.0962189, 41.7470951], [-88.0961954, 41.7470793], [-88.096159, 41.7470668], [-88.0959633, 41.7470351], [-88.0957106, 41.7469921], [-88.0956173, 41.7469734], [-88.0955172, 41.7469474], [-88.0952819, 41.7468895]]}}, {"type": "Feature", "id": 1074970526, "properties": {"osm_id": 1074970526, "osm_type": "way", "highway": "footway"}, "geometry": {"type": "LineString", "coordinates": [[-88.0953425, 41.7467529], [-88.0955885, 41.7468093], [-88.0957061, 41.7468393], [-88.0958055, 41.7468574], [-88.0959048, 41.7468772], [-88.09603, 41.7468987], [-88.0961393, 41.7469168], [-88.0962402, 41.7469304], [-88.0963424, 41.7469465], [-88.0963957, 41.7467782], [-88.0964227, 41.7466948], [-88.0964796, 41.7465272], [-88.0965066, 41.7464397], [-88.0965535, 41.7463076], [-88.0965679, 41.7462878]]}}, {"type": "Feature", "id": 1074970527, "properties": {"osm_id": 1074970527, "osm_type": "way", "crossing": "unmarked", "highway": "footway"}, "geometry": {"type": "LineString", "coordinates": [[-88.0965679, 41.7462878], [-88.0966103, 41.7462633], [-88.0967029, 41.7462099]]}}, {"type": "Feature", "id": 1074970528, "properties": {"osm_id": 1074970528, "osm_type": "way", "crossing": "unmarked", "highway": "footway"}, "geometry": {"type": "LineString", "coordinates": [[-88.0965877, 41.7463178], [-88.0966324, 41.746322], [-88.0967393, 41.7463321]]}}, {"type": "Feature", "id": 1074970529, "properties": {"osm_id": 1074970529, "osm_type": "way", "crossing": "unmarked", "highway": "footway"}, "geometry": {"type": "LineString", "coordinates": [[-88.0963424, 41.7469465], [-88.0963974, 41.7469752], [-88.0965091, 41.7470335]]}}, {"type": "Feature", "id": 1074970530, "properties": {"osm_id": 1074970530, "osm_type": "way", "highway": "footway"}, "geometry": {"type": "LineString", "coordinates": [[-88.0965877, 41.7463178], [-88.0965535, 41.7463076], [-88.0964356, 41.7462531], [-88.0962564, 41.7461774], [-88.0961173, 41.7461184], [-88.0960356, 41.7460831], [-88.0959374, 41.7460493], [-88.0958328, 41.7460213], [-88.0956728, 41.7459823]]}}, {"type": "Feature", "id": 1074970531, "properties": {"osm_id": 1074970531, "osm_type": "way", "highway": "footway"}, "geometry": {"type": "LineString", "coordinates": [[-88.0950043, 41.7477091], [-88.0952787, 41.747747], [-88.0954927, 41.7477794], [-88.095593, 41.7477934], [-88.0956558, 41.7477998], [-88.0957196, 41.7478002], [-88.0958537, 41.747801], [-88.09613, 41.7477966], [-88.0964122, 41.7477882], [-88.0965978, 41.747785], [-88.0966477, 41.7477818], [-88.0967239, 41.7477686], [-88.0967957, 41.747747], [-88.0970178, 41.7476666], [-88.0972012, 41.7475989], [-88.0972902, 41.7475697], [-88.0973411, 41.7475585], [-88.0973996, 41.7475553], [-88.0976051, 41.7475509], [-88.0977832, 41.7475469], [-88.0978282, 41.7475489], [-88.0978776, 41.7475589], [-88.0979178, 41.7475713], [-88.0979645, 41.7475929], [-88.0979908, 41.7476129], [-88.0980262, 41.7476429], [-88.0980428, 41.747669], [-88.0980573, 41.7477086], [-88.0980653, 41.7477582], [-88.0980787, 41.7478923], [-88.0980884, 41.7481192], [-88.0980879, 41.748174], [-88.0980782, 41.7482225], [-88.0980541, 41.7482613], [-88.0980149, 41.7483033], [-88.097972, 41.7483349], [-88.0979323, 41.7483521], [-88.0978727, 41.7483666], [-88.0978068, 41.748377], [-88.0975718, 41.7483822], [-88.0971099, 41.7483894], [-88.096832, 41.7483934], [-88.096508, 41.7483994], [-88.0961872, 41.7484082], [-88.0958611, 41.7484142], [-88.095647, 41.7484186], [-88.095595, 41.7484162], [-88.0955215, 41.7484058], [-88.0951777, 41.7483562], [-88.095043, 41.7483381], [-88.0949577, 41.7483321], [-88.0948888, 41.7483281]]}}, {"type": "Feature", "id": 1074970532, "properties": {"osm_id": 1074970532, "osm_type": "way", "highway": "footway"}, "geometry": {"type": "LineString", "coordinates": [[-88.0950446, 41.747562], [-88.0953484, 41.7476052], [-88.0955672, 41.747639], [-88.0956419, 41.7476499], [-88.0957076, 41.7476571], [-88.0957675, 41.7476571], [-88.0960954, 41.7476509], [-88.0963615, 41.7476437], [-88.0965229, 41.7476418], [-88.0965733, 41.7476385], [-88.0966224, 41.7476314], [-88.0966887, 41.7476185], [-88.0967691, 41.7475914], [-88.0969809, 41.7475109], [-88.0971844, 41.7474376], [-88.0972361, 41.7474234], [-88.0973005, 41.7474134], [-88.0973841, 41.7474081], [-88.0976744, 41.7474], [-88.097918, 41.7473943], [-88.0980239, 41.7473881], [-88.098068, 41.7473896], [-88.0981145, 41.7474], [-88.0981541, 41.7474134], [-88.0981815, 41.7474291], [-88.0982102, 41.747451], [-88.0982249, 41.7474724], [-88.0982434, 41.7475028], [-88.0982542, 41.747529], [-88.0982562, 41.7475757], [-88.0982651, 41.7477939], [-88.0982778, 41.7480002], [-88.098288, 41.7481954], [-88.0982938, 41.7483339], [-88.0982944, 41.7483738], [-88.0982829, 41.7484133], [-88.0982587, 41.7484462], [-88.0982147, 41.7484809], [-88.098179, 41.7484976], [-88.0981305, 41.74851], [-88.098075, 41.7485147], [-88.0978472, 41.7485209], [-88.0975627, 41.7485266], [-88.0972208, 41.7485347], [-88.0968897, 41.7485399], [-88.096556, 41.7485466], [-88.0963252, 41.7485504], [-88.0961249, 41.7485566], [-88.0958212, 41.7485628], [-88.0956846, 41.7485628], [-88.09561, 41.7485618], [-88.0955079, 41.7485509], [-88.0952774, 41.7485185], [-88.0949867, 41.7484771], [-88.0948723, 41.7484592]]}}, {"type": "Feature", "id": 1074970533, "properties": {"osm_id": 1074970533, "osm_type": "way", "crossing": "unmarked", "highway": "footway"}, "geometry": {"type": "LineString", "coordinates": [[-88.098838, 41.7477669], [-88.0988084, 41.7477439], [-88.098765, 41.7477101]]}}, {"type": "Feature", "id": 1074970534, "properties": {"osm_id": 1074970534, "osm_type": "way", "highway": "footway"}, "geometry": {"type": "LineString", "coordinates": [[-88.098838, 41.7477669], [-88.0988863, 41.7477725], [-88.0989132, 41.7477718], [-88.0991148, 41.7477661], [-88.0996383, 41.7477581], [-88.1000739, 41.7477509], [-88.1001405, 41.7477501], [-88.1003529, 41.747863], [-88.1003958, 41.7478846], [-88.1004623, 41.7479014], [-88.1005138, 41.7479046], [-88.1005739, 41.7478942], [-88.1006147, 41.7478774], [-88.1006533, 41.7478494], [-88.1006844, 41.7478141], [-88.1006994, 41.7477757], [-88.1007048, 41.7477397], [-88.1006951, 41.7476997], [-88.1006737, 41.7476612], [-88.1006426, 41.7476348], [-88.1005986, 41.7476092], [-88.1005363, 41.7475892], [-88.1004655, 41.7475844], [-88.09994, 41.7475932], [-88.099366, 41.7476052], [-88.0988532, 41.74761], [-88.0988146, 41.7476164], [-88.0987813, 41.7476308], [-88.0987609, 41.7476524], [-88.0987491, 41.7476781], [-88.0987534, 41.7476957], [-88.098765, 41.7477101]]}}, {"type": "Feature", "id": 1074970535, "properties": {"osm_id": 1074970535, "osm_type": "way", "highway": "footway"}, "geometry": {"type": "LineString", "coordinates": [[-88.0989132, 41.7477718], [-88.0989283, 41.7481567], [-88.0989219, 41.7481727], [-88.0989197, 41.7481895], [-88.0989294, 41.7482056]]}}, {"type": "Feature", "id": 1075239778, "properties": {"osm_id": 1075239778, "osm_type": "way", "highway": "secondary", "lanes": "3", "maxspeed": "45 mph", "name": "75th Street", "oneway": "yes"}, "geometry": {"type": "LineString", "coordinates": [[-88.1058662, 41.7488913], [-88.1053298, 41.7489036]]}}, {"type": "Feature", "id": 1075239779, "properties": {"osm_id": 1075239779, "osm_type": "way", "highway": "secondary", "lanes": "4", "maxspeed": "45 mph", "name": "75th Street", "oneway": "yes"}, "geometry": {"type": "LineString", "coordinates": [[-88.1053298, 41.7489036], [-88.1051716, 41.7489073], [-88.1049179, 41.7489131]]}}, {"type": "Feature", "id": 1075239781, "properties": {"osm_id": 1075239781, "osm_type": "way", "highway": "service", "oneway": "yes"}, "geometry": {"type": "LineString", "coordinates": [[-88.1049179, 41.7489131], [-88.1048302, 41.7488321], [-88.1047779, 41.748783], [-88.1047585, 41.7487521], [-88.1046841, 41.7486339]]}}, {"type": "Feature", "id": 1075239782, "properties": {"osm_id": 1075239782, "osm_type": "way", "crossing": "traffic_signals", "highway": "footway"}, "geometry": {"type": "LineString", "coordinates": [[-88.1034353, 41.7491432], [-88.1036144, 41.7491429], [-88.1037721, 41.7491426]]}}, {"type": "Feature", "id": 1075239783, "properties": {"osm_id": 1075239783, "osm_type": "way", "crossing": "traffic_signals", "highway": "footway"}, "geometry": {"type": "LineString", "coordinates": [[-88.10343446415797, 41.748889397913125], [-88.1034347, 41.748946], [-88.1034351, 41.7490737], [-88.1034353, 41.7491432]]}}, {"type": "Feature", "id": 1075239784, "properties": {"osm_id": 1075239784, "osm_type": "way", "crossing": "traffic_signals", "highway": "footway"}, "geometry": {"type": "LineString", "coordinates": [[-88.1037665, 41.7488709], [-88.1036058, 41.7488737], [-88.10347788079358, 41.74887392389593]]}}, {"type": "Feature", "id": 1075239786, "properties": {"osm_id": 1075239786, "osm_type": "way", "highway": "footway"}, "geometry": {"type": "LineString", "coordinates": [[-88.1038167, 41.7492905], [-88.1038409, 41.7500501], [-88.1038524, 41.7503319], [-88.1038584, 41.7504713], [-88.1038594, 41.7504947]]}}, {"type": "Feature", "id": 1075239787, "properties": {"osm_id": 1075239787, "osm_type": "way", "highway": "secondary", "lanes": "2", "maxspeed": "45 mph", "name": "75th Street", "oneway": "yes"}, "geometry": {"type": "LineString", "coordinates": [[-88.0987603, 41.7491586], [-88.09877508446137, 41.74915834184696]]}}, {"type": "Feature", "id": 1075239788, "properties": {"osm_id": 1075239788, "osm_type": "way", "highway": "service", "oneway": "yes"}, "geometry": {"type": "LineString", "coordinates": [[-88.1013945, 41.7498106], [-88.102193, 41.7497981]]}}, {"type": "Feature", "id": 1075239789, "properties": {"osm_id": 1075239789, "osm_type": "way", "highway": "service", "oneway": "yes"}, "geometry": {"type": "LineString", "coordinates": [[-88.1021877, 41.7496529], [-88.1013915, 41.7496635]]}}, {"type": "Feature", "id": 1075239790, "properties": {"osm_id": 1075239790, "osm_type": "way", "highway": "service", "oneway": "yes"}, "geometry": {"type": "LineString", "coordinates": [[-88.102995, 41.7499287], [-88.1021983, 41.7499421], [-88.1013974, 41.7499557]]}}, {"type": "Feature", "id": 1075239794, "properties": {"osm_id": 1075239794, "osm_type": "way", "highway": "secondary", "lanes": "3", "maxspeed": "45 mph", "name": "75th Street", "oneway": "yes"}, "geometry": {"type": "LineString", "coordinates": [[-88.092782, 41.7492721], [-88.0938259, 41.7492504]]}}, {"type": "Feature", "id": 1075239796, "properties": {"osm_id": 1075239796, "osm_type": "way", "highway": "service", "oneway": "yes"}, "geometry": {"type": "LineString", "coordinates": [[-88.0930117, 41.7500215], [-88.0929655, 41.7500587], [-88.0929507, 41.7500887], [-88.0929601, 41.7501158], [-88.0929977, 41.7501468], [-88.0932696, 41.7503278]]}}, {"type": "Feature", "id": 1075239797, "properties": {"osm_id": 1075239797, "osm_type": "way", "highway": "footway"}, "geometry": {"type": "LineString", "coordinates": [[-88.0912844, 41.7495435], [-88.0912549, 41.7495446], [-88.0912162, 41.7495458]]}}, {"type": "Feature", "id": 1075239798, "properties": {"osm_id": 1075239798, "osm_type": "way", "highway": "service"}, "geometry": {"type": "LineString", "coordinates": [[-88.0916241, 41.7504288], [-88.0915627, 41.7504509], [-88.0914353, 41.7504509], [-88.0913495, 41.7504309], [-88.0913173, 41.7503989], [-88.0913052, 41.7503309], [-88.0912549, 41.7495446], [-88.0912395, 41.7493037]]}}, {"type": "Feature", "id": 1075239799, "properties": {"osm_id": 1075239799, "osm_type": "way", "highway": "secondary", "lanes": "2", "maxspeed": "45 mph", "name": "75th Street", "oneway": "yes"}, "geometry": {"type": "LineString", "coordinates": [[-88.0911515, 41.7493054], [-88.0912395, 41.7493037], [-88.0925076, 41.7492787], [-88.092782, 41.7492721]]}}, {"type": "Feature", "id": 1075623468, "properties": {"osm_id": 1075623468, "osm_type": "way", "highway": "footway"}, "geometry": {"type": "LineString", "coordinates": [[-88.0957938, 41.7449765], [-88.0958327, 41.7448476], [-88.0958624, 41.7447419], [-88.0958904, 41.7446302], [-88.0959202, 41.744505], [-88.0959436, 41.7443832], [-88.0959617, 41.744301], [-88.095995, 41.7442815]]}}, {"type": "Feature", "id": 1075623469, "properties": {"osm_id": 1075623469, "osm_type": "way", "crossing": "uncontrolled", "highway": "footway"}, "geometry": {"type": "LineString", "coordinates": [[-88.095995, 41.7442815], [-88.0959855, 41.7442228], [-88.0959788, 41.7441812]]}}, {"type": "Feature", "id": 1075623470, "properties": {"osm_id": 1075623470, "osm_type": "way", "highway": "footway"}, "geometry": {"type": "LineString", "coordinates": [[-88.0959788, 41.7441812], [-88.0959834, 41.7441543], [-88.0959878, 41.744128], [-88.0959959, 41.7440695], [-88.0960041, 41.7439927], [-88.0960131, 41.7439133], [-88.0960221, 41.7437753], [-88.096032, 41.7436292], [-88.0960338, 41.7435007], [-88.0960347, 41.7433593], [-88.0960338, 41.74322], [-88.0960239, 41.7430779], [-88.0960224, 41.7430624]]}}, {"type": "Feature", "id": 1075623471, "properties": {"osm_id": 1075623471, "osm_type": "way", "highway": "footway"}, "geometry": {"type": "LineString", "coordinates": [[-88.0962801, 41.7429137], [-88.0962756, 41.7428874], [-88.0964723, 41.7428713], [-88.0966103, 41.7428645], [-88.0967448, 41.7428598], [-88.0968855, 41.7428632], [-88.0970389, 41.7428666], [-88.0971507, 41.742874], [-88.0973005, 41.7428888], [-88.0974079, 41.7429022], [-88.0975657, 41.7429244], [-88.0977245, 41.7429473], [-88.0978236, 41.7429602], [-88.0978544, 41.7429642]]}}, {"type": "Feature", "id": 1075623472, "properties": {"osm_id": 1075623472, "osm_type": "way", "crossing": "unmarked", "highway": "footway"}, "geometry": {"type": "LineString", "coordinates": [[-88.0978544, 41.7429642], [-88.0979176, 41.7429722], [-88.0979808, 41.7429803]]}}, {"type": "Feature", "id": 1075623473, "properties": {"osm_id": 1075623473, "osm_type": "way", "highway": "footway"}, "geometry": {"type": "LineString", "coordinates": [[-88.0979808, 41.7429803], [-88.0980124, 41.7429856], [-88.0980809, 41.7429971], [-88.0981639, 41.743014], [-88.0982667, 41.7430375], [-88.0983515, 41.7430618], [-88.0984391, 41.7430927], [-88.0985212, 41.7431257], [-88.0985924, 41.7431593], [-88.0986727, 41.7432024], [-88.0987359, 41.7432414], [-88.0987999, 41.7432845], [-88.0988297, 41.743302], [-88.0988568, 41.7433081]]}}, {"type": "Feature", "id": 1075623474, "properties": {"osm_id": 1075623474, "osm_type": "way", "crossing": "unmarked", "highway": "footway"}, "geometry": {"type": "LineString", "coordinates": [[-88.0988568, 41.7433081], [-88.0989158, 41.7433534], [-88.0989777, 41.743401]]}}, {"type": "Feature", "id": 1075623475, "properties": {"osm_id": 1075623475, "osm_type": "way", "highway": "footway"}, "geometry": {"type": "LineString", "coordinates": [[-88.0989777, 41.743401], [-88.0990106, 41.7434187], [-88.0990489, 41.7434393], [-88.0991184, 41.7434766], [-88.0991996, 41.7435149], [-88.0992763, 41.743554], [-88.099362, 41.7435944], [-88.0994549, 41.74363], [-88.099537, 41.743661], [-88.0996527, 41.7437], [-88.0997851, 41.7437391], [-88.0999159, 41.7437721], [-88.1000242, 41.7437983], [-88.1001496, 41.7438212], [-88.1002506, 41.7438333], [-88.1003724, 41.7438407], [-88.1005006, 41.7438414], [-88.1006061, 41.743832], [-88.1006741, 41.7438205], [-88.100718, 41.7438131], [-88.1008073, 41.7437943], [-88.1008401, 41.7437845], [-88.1009228, 41.74376], [-88.1010283, 41.7437142], [-88.1011167, 41.7436704], [-88.101156, 41.7436467], [-88.1012268, 41.7436038], [-88.1013026, 41.7435412], [-88.1013748, 41.7434863], [-88.1013964, 41.7434698], [-88.1014776, 41.7433971], [-88.1015681, 41.7433231], [-88.1016809, 41.7432336], [-88.1017675, 41.7431656], [-88.101901, 41.7430518], [-88.1019886, 41.7429852], [-88.1020788, 41.7429071], [-88.1021663, 41.7428324], [-88.1023119, 41.7427112], [-88.1024291, 41.7426183], [-88.1024841, 41.7425685], [-88.1025518, 41.742518], [-88.1026213, 41.7424749], [-88.1026862, 41.7424406], [-88.1027458, 41.7424069], [-88.1028234, 41.742378], [-88.1028946, 41.7423504], [-88.102949, 41.7423336], [-88.1029995, 41.7423222]]}}, {"type": "Feature", "id": 1075623477, "properties": {"osm_id": 1075623477, "osm_type": "way", "crossing": "unmarked", "highway": "footway"}, "geometry": {"type": "LineString", "coordinates": [[-88.1022997, 41.7429656], [-88.1024317, 41.742861], [-88.1025695, 41.7427516]]}}, {"type": "Feature", "id": 1075623478, "properties": {"osm_id": 1075623478, "osm_type": "way", "crossing": "unmarked", "highway": "footway"}, "geometry": {"type": "LineString", "coordinates": [[-88.1014932, 41.743626], [-88.1014516, 41.7436595], [-88.1014003, 41.7437007]]}}, {"type": "Feature", "id": 1075623479, "properties": {"osm_id": 1075623479, "osm_type": "way", "highway": "footway"}, "geometry": {"type": "LineString", "coordinates": [[-88.1014003, 41.7437007], [-88.1013779, 41.7437174], [-88.1013425, 41.7437438], [-88.1012622, 41.7437929], [-88.1011738, 41.7438353], [-88.1010827, 41.743873], [-88.1009934, 41.7439074], [-88.1009208, 41.7439291], [-88.1008878, 41.743939]]}}, {"type": "Feature", "id": 1075623480, "properties": {"osm_id": 1075623480, "osm_type": "way", "crossing": "unmarked", "highway": "footway"}, "geometry": {"type": "LineString", "coordinates": [[-88.1008878, 41.743939], [-88.1008297, 41.7439542], [-88.1007696, 41.74397]]}}, {"type": "Feature", "id": 1075623481, "properties": {"osm_id": 1075623481, "osm_type": "way", "highway": "footway"}, "geometry": {"type": "LineString", "coordinates": [[-88.1007696, 41.74397], [-88.1007394, 41.7439754], [-88.100683, 41.7439855], [-88.1005838, 41.7439955], [-88.1004872, 41.7439996], [-88.1003835, 41.7440016], [-88.1002861, 41.7439982], [-88.1001931, 41.7439875], [-88.1000713, 41.743968], [-88.0999613, 41.7439471], [-88.0998548, 41.7439235], [-88.099718, 41.7438899], [-88.0996098, 41.7438602], [-88.0995114, 41.74383], [-88.0994077, 41.7437936], [-88.0993256, 41.7437633], [-88.0992308, 41.7437236], [-88.0991424, 41.7436825], [-88.0990648, 41.7436462], [-88.0989806, 41.7436029], [-88.0989692, 41.743597]]}}, {"type": "Feature", "id": 1075623482, "properties": {"osm_id": 1075623482, "osm_type": "way", "crossing": "unmarked", "highway": "footway"}, "geometry": {"type": "LineString", "coordinates": [[-88.0989692, 41.743597], [-88.0988848, 41.7435501], [-88.0988312, 41.7435203]]}}, {"type": "Feature", "id": 1075623483, "properties": {"osm_id": 1075623483, "osm_type": "way", "highway": "footway"}, "geometry": {"type": "LineString", "coordinates": [[-88.0988312, 41.7435203], [-88.0988, 41.7434998], [-88.0987319, 41.743455], [-88.0986417, 41.7433958], [-88.0985587, 41.7433412], [-88.0984712, 41.7432928], [-88.0983864, 41.7432531], [-88.0982962, 41.7432194], [-88.098196, 41.7431884], [-88.0980995, 41.7431662], [-88.0980246, 41.7431521], [-88.0979771, 41.7431456], [-88.0979452, 41.7431413]]}}, {"type": "Feature", "id": 1075623484, "properties": {"osm_id": 1075623484, "osm_type": "way", "crossing": "uncontrolled", "highway": "footway"}, "geometry": {"type": "LineString", "coordinates": [[-88.0979452, 41.7431413], [-88.097878, 41.7431319], [-88.0978162, 41.7431231]]}}, {"type": "Feature", "id": 1075623485, "properties": {"osm_id": 1075623485, "osm_type": "way", "highway": "footway"}, "geometry": {"type": "LineString", "coordinates": [[-88.0978162, 41.7431231], [-88.097785, 41.743119], [-88.0976755, 41.7431043], [-88.0974978, 41.7430801], [-88.0973471, 41.7430599], [-88.0972208, 41.7430451], [-88.0971125, 41.7430329], [-88.0970025, 41.7430255], [-88.0968509, 41.7430208], [-88.0967201, 41.7430208], [-88.0965829, 41.7430269], [-88.0964611, 41.7430336], [-88.0963439, 41.7430424], [-88.0962877, 41.7430451], [-88.0962338, 41.7430478]]}}, {"type": "Feature", "id": 1075623486, "properties": {"osm_id": 1075623486, "osm_type": "way", "crossing": "unmarked", "highway": "footway"}, "geometry": {"type": "LineString", "coordinates": [[-88.0962338, 41.7430478], [-88.096154, 41.7430533], [-88.0960224, 41.7430624]]}}, {"type": "Feature", "id": 1075623487, "properties": {"osm_id": 1075623487, "osm_type": "way", "crossing": "uncontrolled", "highway": "footway"}, "geometry": {"type": "LineString", "coordinates": [[-88.0962801, 41.7429137], [-88.0962812, 41.7429601], [-88.0962825, 41.7430188]]}}, {"type": "Feature", "id": 1075623488, "properties": {"osm_id": 1075623488, "osm_type": "way", "highway": "footway"}, "geometry": {"type": "LineString", "coordinates": [[-88.0962825, 41.7430188], [-88.0962877, 41.7430451], [-88.0962968, 41.7431716], [-88.0963041, 41.7433119], [-88.0963032, 41.7435209], [-88.0962941, 41.7437067], [-88.0962833, 41.7438764], [-88.0962698, 41.7440399], [-88.0962474, 41.7441893], [-88.0962454, 41.7442022], [-88.0962283, 41.7443287], [-88.0962021, 41.7444586], [-88.0961732, 41.7445906], [-88.0961525, 41.7446761], [-88.0961227, 41.7447858], [-88.096093, 41.7448889], [-88.0960713, 41.7449689], [-88.0960492, 41.7450386]]}}, {"type": "Feature", "id": 1075623489, "properties": {"osm_id": 1075623489, "osm_type": "way", "highway": "footway"}, "geometry": {"type": "LineString", "coordinates": [[-88.0959617, 41.744301], [-88.0960111, 41.7443024]]}}, {"type": "Feature", "id": 1075623490, "properties": {"osm_id": 1075623490, "osm_type": "way", "crossing": "unmarked", "highway": "footway"}, "geometry": {"type": "LineString", "coordinates": [[-88.0960111, 41.7443024], [-88.0960877, 41.7443132], [-88.0961598, 41.7443233]]}}, {"type": "Feature", "id": 1075623491, "properties": {"osm_id": 1075623491, "osm_type": "way", "highway": "footway"}, "geometry": {"type": "LineString", "coordinates": [[-88.0961598, 41.7443233], [-88.0962283, 41.7443287]]}}, {"type": "Feature", "id": 1075623492, "properties": {"osm_id": 1075623492, "osm_type": "way", "highway": "footway"}, "geometry": {"type": "LineString", "coordinates": [[-88.0959834, 41.7441543], [-88.0960202, 41.7441728]]}}, {"type": "Feature", "id": 1075623493, "properties": {"osm_id": 1075623493, "osm_type": "way", "crossing": "unmarked", "highway": "footway"}, "geometry": {"type": "LineString", "coordinates": [[-88.0960202, 41.7441728], [-88.0961095, 41.7441792], [-88.0962474, 41.7441893]]}}, {"type": "Feature", "id": 1075623494, "properties": {"osm_id": 1075623494, "osm_type": "way", "highway": "footway"}, "geometry": {"type": "LineString", "coordinates": [[-88.0978236, 41.7429602], [-88.0978183, 41.7429808]]}}, {"type": "Feature", "id": 1075623495, "properties": {"osm_id": 1075623495, "osm_type": "way", "crossing": "unmarked", "highway": "footway"}, "geometry": {"type": "LineString", "coordinates": [[-88.0978183, 41.7429808], [-88.097806, 41.7430329], [-88.097791, 41.7430963]]}}, {"type": "Feature", "id": 1075623496, "properties": {"osm_id": 1075623496, "osm_type": "way", "highway": "footway"}, "geometry": {"type": "LineString", "coordinates": [[-88.0980124, 41.7429856], [-88.0980064, 41.7430069]]}}, {"type": "Feature", "id": 1075623497, "properties": {"osm_id": 1075623497, "osm_type": "way", "crossing": "unmarked", "highway": "footway"}, "geometry": {"type": "LineString", "coordinates": [[-88.0980064, 41.7430069], [-88.0979955, 41.7430573], [-88.0979814, 41.7431224]]}}, {"type": "Feature", "id": 1075623498, "properties": {"osm_id": 1075623498, "osm_type": "way", "highway": "footway"}, "geometry": {"type": "LineString", "coordinates": [[-88.0988297, 41.743302], [-88.0988242, 41.7433162]]}}, {"type": "Feature", "id": 1075623499, "properties": {"osm_id": 1075623499, "osm_type": "way", "crossing": "unmarked", "highway": "footway"}, "geometry": {"type": "LineString", "coordinates": [[-88.0988242, 41.7433162], [-88.0988188, 41.7433953], [-88.0988128, 41.743482]]}}, {"type": "Feature", "id": 1075623500, "properties": {"osm_id": 1075623500, "osm_type": "way", "highway": "footway"}, "geometry": {"type": "LineString", "coordinates": [[-88.0990106, 41.7434187], [-88.099004, 41.7434435]]}}, {"type": "Feature", "id": 1075623501, "properties": {"osm_id": 1075623501, "osm_type": "way", "crossing": "unmarked", "highway": "footway"}, "geometry": {"type": "LineString", "coordinates": [[-88.099004, 41.7434435], [-88.0989906, 41.7435026], [-88.0989692, 41.743597]]}}, {"type": "Feature", "id": 1075623502, "properties": {"osm_id": 1075623502, "osm_type": "way", "highway": "footway"}, "geometry": {"type": "LineString", "coordinates": [[-88.1008401, 41.7437845], [-88.1008532, 41.7438117]]}}, {"type": "Feature", "id": 1075623503, "properties": {"osm_id": 1075623503, "osm_type": "way", "crossing": "unmarked", "highway": "footway"}, "geometry": {"type": "LineString", "coordinates": [[-88.1008532, 41.7438117], [-88.100873, 41.7438494], [-88.1009037, 41.7439079]]}}, {"type": "Feature", "id": 1075623504, "properties": {"osm_id": 1075623504, "osm_type": "way", "crossing": "unmarked", "highway": "footway"}, "geometry": {"type": "LineString", "coordinates": [[-88.1006741, 41.7438205], [-88.1007027, 41.7438862], [-88.1007305, 41.7439503]]}}, {"type": "Feature", "id": 1075623505, "properties": {"osm_id": 1075623505, "osm_type": "way", "crossing": "unmarked", "highway": "footway"}, "geometry": {"type": "LineString", "coordinates": [[-88.1013748, 41.7434863], [-88.101433, 41.7435446], [-88.1014851, 41.7435969]]}}, {"type": "Feature", "id": 1075623506, "properties": {"osm_id": 1075623506, "osm_type": "way", "crossing": "unmarked", "highway": "footway"}, "geometry": {"type": "LineString", "coordinates": [[-88.101156, 41.7436467], [-88.1011829, 41.7436722], [-88.1012514, 41.7436806], [-88.101366, 41.7436945]]}}, {"type": "Feature", "id": 1075623507, "properties": {"osm_id": 1075623507, "osm_type": "way", "highway": "footway"}, "geometry": {"type": "LineString", "coordinates": [[-88.101366, 41.7436945], [-88.1013779, 41.7437174], [-88.1014087, 41.7437392], [-88.1014542, 41.7437647], [-88.101499, 41.7437862], [-88.1015468, 41.7438031], [-88.1015892, 41.7438162], [-88.1016393, 41.7438275], [-88.1016962, 41.7438331], [-88.1017728, 41.7438348], [-88.1020528, 41.7438314], [-88.1023775, 41.7438247], [-88.1026073, 41.7438173], [-88.1026612, 41.743819], [-88.1027014, 41.7438286], [-88.1027469, 41.7438394], [-88.1028023, 41.7438416], [-88.1028827, 41.7438365], [-88.102926, 41.7438252], [-88.1029662, 41.7438077], [-88.1029897, 41.7437845], [-88.1030155, 41.7437567], [-88.1030253, 41.7437301], [-88.1030302, 41.743715], [-88.1030284, 41.7436826], [-88.1030155, 41.7436452], [-88.1029942, 41.7436175], [-88.1029631, 41.7435914], [-88.1029244, 41.7435728], [-88.1028736, 41.7435603], [-88.102819, 41.7435592], [-88.102772, 41.7435688], [-88.1027264, 41.7435818], [-88.1026878, 41.7436022], [-88.102662, 41.7436299], [-88.1026415, 41.7436571], [-88.1026263, 41.7436679], [-88.1026043, 41.743673], [-88.1023502, 41.7436803], [-88.1020292, 41.7436877], [-88.1017918, 41.7436899], [-88.1017311, 41.7436888], [-88.1016803, 41.743682], [-88.1016272, 41.743669], [-88.1015801, 41.7436509], [-88.1015093, 41.7436126], [-88.1014851, 41.7435969]]}}, {"type": "Feature", "id": 1075623508, "properties": {"osm_id": 1075623508, "osm_type": "way", "highway": "footway"}, "geometry": {"type": "LineString", "coordinates": [[-88.1007305, 41.7439503], [-88.1007394, 41.7439754], [-88.1007693, 41.7440634], [-88.1007882, 41.7441409], [-88.1007966, 41.744244], [-88.1008034, 41.7444228], [-88.1008079, 41.7445648], [-88.1008102, 41.7446357], [-88.100811, 41.7446633], [-88.1008161, 41.7448462], [-88.1008279, 41.745063], [-88.1008315, 41.745271], [-88.100836, 41.7453561]]}}, {"type": "Feature", "id": 1075623509, "properties": {"osm_id": 1075623509, "osm_type": "way", "highway": "footway"}, "geometry": {"type": "LineString", "coordinates": [[-88.1010345, 41.7453527], [-88.1010218, 41.7450764], [-88.1010155, 41.7448408], [-88.1010068, 41.7446744], [-88.1010056, 41.7446517]]}}, {"type": "Feature", "id": 1075623510, "properties": {"osm_id": 1075623510, "osm_type": "way", "crossing": "unmarked", "highway": "footway"}, "geometry": {"type": "LineString", "coordinates": [[-88.1010056, 41.7446517], [-88.1010051, 41.7445948], [-88.1010047, 41.7445568]]}}, {"type": "Feature", "id": 1075623511, "properties": {"osm_id": 1075623511, "osm_type": "way", "highway": "footway"}, "geometry": {"type": "LineString", "coordinates": [[-88.1010047, 41.7445568], [-88.1010037, 41.7445304], [-88.1009939, 41.7442788], [-88.1009867, 41.7441765], [-88.100974, 41.744097], [-88.1009542, 41.744027], [-88.1009361, 41.7439685], [-88.1009208, 41.7439291], [-88.1009037, 41.7439079]]}}, {"type": "Feature", "id": 1075623512, "properties": {"osm_id": 1075623512, "osm_type": "way", "highway": "footway"}, "geometry": {"type": "LineString", "coordinates": [[-88.100811, 41.7446633], [-88.1008591, 41.7446614]]}}, {"type": "Feature", "id": 1075623513, "properties": {"osm_id": 1075623513, "osm_type": "way", "crossing": "unmarked", "highway": "footway"}, "geometry": {"type": "LineString", "coordinates": [[-88.1008079, 41.7445648], [-88.1008492, 41.7445634], [-88.1009077, 41.7445471], [-88.1009656, 41.7445311]]}}, {"type": "Feature", "id": 1075623514, "properties": {"osm_id": 1075623514, "osm_type": "way", "crossing": "unmarked", "highway": "footway"}, "geometry": {"type": "LineString", "coordinates": [[-88.1008591, 41.7446614], [-88.1009127, 41.7446683], [-88.1009701, 41.7446758]]}}, {"type": "Feature", "id": 1075623515, "properties": {"osm_id": 1075623515, "osm_type": "way", "highway": "footway"}, "geometry": {"type": "LineString", "coordinates": [[-88.1009701, 41.7446758], [-88.1010068, 41.7446744], [-88.1013193, 41.7446684], [-88.1016062, 41.7446596], [-88.1019228, 41.7446549], [-88.1022269, 41.7446489], [-88.102502, 41.7446448], [-88.1026509, 41.7446401], [-88.1026933, 41.7446442], [-88.1027294, 41.7446529], [-88.1027601, 41.7446691], [-88.1027934, 41.7446825], [-88.1028322, 41.7446926], [-88.1028692, 41.7446926], [-88.1029143, 41.7446866], [-88.1029657, 41.7446751], [-88.1030009, 41.7446556], [-88.1030262, 41.7446293], [-88.1030451, 41.7446017], [-88.103056, 41.7445768], [-88.1030586, 41.7445524], [-88.1030587, 41.7445243], [-88.1030515, 41.7444934], [-88.103028, 41.7444651], [-88.1030009, 41.7444422], [-88.102963, 41.7444254], [-88.1029233, 41.744416], [-88.1028764, 41.7444099], [-88.1028223, 41.7444126], [-88.1027763, 41.7444274], [-88.1027384, 41.7444496], [-88.102705, 41.7444745], [-88.1026807, 41.7444914], [-88.1026509, 41.7444974], [-88.1022727, 41.7445062], [-88.1017992, 41.7445142], [-88.1013319, 41.744523], [-88.1010037, 41.7445304], [-88.1009656, 41.7445311]]}}, {"type": "Feature", "id": 1075623516, "properties": {"osm_id": 1075623516, "osm_type": "way", "highway": "footway"}, "geometry": {"type": "LineString", "coordinates": [[-88.0988128, 41.743482], [-88.0988, 41.7434998], [-88.0987628, 41.7437216], [-88.0987222, 41.7439549], [-88.0986816, 41.7441921], [-88.0986428, 41.7444014], [-88.0986293, 41.7444782], [-88.0986221, 41.744501], [-88.0986132, 41.7445128], [-88.0986049, 41.7445239], [-88.0985815, 41.7445522], [-88.0985689, 41.7445791], [-88.0985707, 41.7446182], [-88.0985815, 41.7446538], [-88.0985941, 41.7446821], [-88.0986221, 41.744707], [-88.09866, 41.7447306], [-88.0987123, 41.7447467], [-88.0987655, 41.7447555], [-88.098816, 41.7447521], [-88.0988639, 41.74474], [-88.0989072, 41.7447205], [-88.0989315, 41.7447003], [-88.098964, 41.7446915], [-88.0990084, 41.7446909], [-88.0994313, 41.7447259], [-88.0997056, 41.7447494], [-88.0997155, 41.744944], [-88.0997218, 41.7451514], [-88.0997282, 41.7453805]]}}, {"type": "Feature", "id": 1075623517, "properties": {"osm_id": 1075623517, "osm_type": "way", "highway": "footway"}, "geometry": {"type": "LineString", "coordinates": [[-88.0999236, 41.7453854], [-88.0999167, 41.7451978], [-88.0999032, 41.7449479], [-88.0998978, 41.7448675], [-88.0999014, 41.7448378], [-88.0999113, 41.744817], [-88.0999275, 41.7447921], [-88.0999375, 41.7447698], [-88.0999366, 41.7447402], [-88.099933, 41.7447052], [-88.0999194, 41.744679], [-88.0998969, 41.74465], [-88.0998671, 41.7446251], [-88.0998346, 41.744609], [-88.0997904, 41.7445942], [-88.0997444, 41.7445874], [-88.0996894, 41.7445908], [-88.0996479, 41.7445962], [-88.0996, 41.7445948], [-88.099425, 41.7445787], [-88.0988179, 41.7445289], [-88.0988585, 41.7443013], [-88.0988855, 41.7441317], [-88.0989279, 41.7438894], [-88.0989806, 41.7436029]]}}, {"type": "Feature", "id": 1075623518, "properties": {"osm_id": 1075623518, "osm_type": "way", "highway": "footway"}, "geometry": {"type": "LineString", "coordinates": [[-88.098813, 41.7445553], [-88.0988179, 41.7445289], [-88.0987823, 41.7445256]]}}, {"type": "Feature", "id": 1075623519, "properties": {"osm_id": 1075623519, "osm_type": "way", "crossing": "unmarked", "highway": "footway"}, "geometry": {"type": "LineString", "coordinates": [[-88.098813, 41.7445553], [-88.0988048, 41.74459], [-88.0987655, 41.7447555]]}}, {"type": "Feature", "id": 1075623520, "properties": {"osm_id": 1075623520, "osm_type": "way", "crossing": "unmarked", "highway": "footway"}, "geometry": {"type": "LineString", "coordinates": [[-88.0987823, 41.7445256], [-88.0987258, 41.7445214], [-88.0986132, 41.7445128]]}}, {"type": "Feature", "id": 1075623521, "properties": {"osm_id": 1075623521, "osm_type": "way", "highway": "footway"}, "geometry": {"type": "LineString", "coordinates": [[-88.0997056, 41.7447494], [-88.0997395, 41.7447532]]}}, {"type": "Feature", "id": 1075623522, "properties": {"osm_id": 1075623522, "osm_type": "way", "highway": "footway"}, "geometry": {"type": "LineString", "coordinates": [[-88.0999014, 41.7448378], [-88.0998613, 41.7448346]]}}, {"type": "Feature", "id": 1075623523, "properties": {"osm_id": 1075623523, "osm_type": "way", "crossing": "unmarked", "highway": "footway"}, "geometry": {"type": "LineString", "coordinates": [[-88.0998613, 41.7448346], [-88.0998011, 41.7447943], [-88.0997395, 41.7447532]]}}, {"type": "Feature", "id": 1075623524, "properties": {"osm_id": 1075623524, "osm_type": "way", "highway": "footway"}, "geometry": {"type": "LineString", "coordinates": [[-88.0977404, 41.7454225], [-88.0977344, 41.7452564], [-88.097729, 41.7450612], [-88.0977173, 41.7447441], [-88.0977186, 41.7446479], [-88.0977199, 41.7445509], [-88.09772, 41.7445435], [-88.0977353, 41.7443625], [-88.0977525, 41.7442177], [-88.0977777, 41.744075], [-88.097812, 41.743865], [-88.0978411, 41.7437228], [-88.097849, 41.7436839], [-88.0978869, 41.7435103], [-88.0979347, 41.7433056], [-88.0979771, 41.7431456], [-88.0979814, 41.7431224]]}}, {"type": "Feature", "id": 1075623525, "properties": {"osm_id": 1075623525, "osm_type": "way", "highway": "footway"}, "geometry": {"type": "LineString", "coordinates": [[-88.097791, 41.7430963], [-88.097785, 41.743119], [-88.0977236, 41.7433628], [-88.0976929, 41.7435035], [-88.0976523, 41.7436705], [-88.0976451, 41.7437028], [-88.097591, 41.7436994], [-88.0975711, 41.743694], [-88.0975576, 41.7436752], [-88.0975269, 41.7436503], [-88.0974935, 41.7436334], [-88.0974511, 41.7436207], [-88.0974105, 41.7436159], [-88.09736, 41.7436186], [-88.0973104, 41.7436307], [-88.0972653, 41.7436536], [-88.0972391, 41.7436758], [-88.0972175, 41.7437129], [-88.0972112, 41.7437519], [-88.0972148, 41.7437876], [-88.0972301, 41.7438172], [-88.0972599, 41.7438529], [-88.0972987, 41.7438751], [-88.0973384, 41.7438926], [-88.0973898, 41.7438987], [-88.0974331, 41.7438953], [-88.0974719, 41.7438839], [-88.0975035, 41.7438697], [-88.0975359, 41.7438515], [-88.0975585, 41.7438388], [-88.0975774, 41.7438347], [-88.0975991, 41.7438374], [-88.0976064, 41.7438418], [-88.0976135, 41.7438462], [-88.0976144, 41.7438536], [-88.0976153, 41.743861], [-88.0976, 41.7439774], [-88.0975765, 41.7441295], [-88.0975522, 41.7442931], [-88.0975341, 41.7444607], [-88.0975273, 41.744538], [-88.097526, 41.744553], [-88.0974917, 41.7445563], [-88.0974728, 41.744555], [-88.0974584, 41.7445449], [-88.0974403, 41.7445247], [-88.0974105, 41.7445052], [-88.0973754, 41.7444897], [-88.0973284, 41.7444762], [-88.0972761, 41.7444776], [-88.0972238, 41.7444856], [-88.0971814, 41.7445018], [-88.0971471, 41.744524], [-88.09712, 41.7445543], [-88.0971056, 41.7445907], [-88.0971002, 41.744625], [-88.0971065, 41.7446539], [-88.0971173, 41.7446795], [-88.0971381, 41.7447037], [-88.0971751, 41.7447286], [-88.0972066, 41.7447441], [-88.0972454, 41.7447556], [-88.0972942, 41.7447589], [-88.0973402, 41.7447562], [-88.0973844, 41.7447428], [-88.0974105, 41.74473], [-88.0974331, 41.7447159], [-88.0974484, 41.7446977], [-88.0974638, 41.7446822], [-88.0974791, 41.7446734], [-88.0974999, 41.7446728], [-88.0975206, 41.7446734], [-88.0975212, 41.7446877], [-88.0975296, 41.7448895], [-88.0975377, 41.7451684], [-88.0975454, 41.7454242]]}}, {"type": "Feature", "id": 1075623526, "properties": {"osm_id": 1075623526, "osm_type": "way", "highway": "footway"}, "geometry": {"type": "LineString", "coordinates": [[-88.0975639, 41.7446809], [-88.0975212, 41.7446877]]}}, {"type": "Feature", "id": 1075623527, "properties": {"osm_id": 1075623527, "osm_type": "way", "highway": "footway"}, "geometry": {"type": "LineString", "coordinates": [[-88.0975206, 41.7446734], [-88.0975224, 41.7446546]]}}, {"type": "Feature", "id": 1075623528, "properties": {"osm_id": 1075623528, "osm_type": "way", "highway": "footway"}, "geometry": {"type": "LineString", "coordinates": [[-88.0975657, 41.7445429], [-88.0975273, 41.744538]]}}, {"type": "Feature", "id": 1075623529, "properties": {"osm_id": 1075623529, "osm_type": "way", "highway": "footway"}, "geometry": {"type": "LineString", "coordinates": [[-88.0975332, 41.7445752], [-88.097526, 41.744553]]}}, {"type": "Feature", "id": 1075623530, "properties": {"osm_id": 1075623530, "osm_type": "way", "crossing": "unmarked", "highway": "footway"}, "geometry": {"type": "LineString", "coordinates": [[-88.0975224, 41.7446546], [-88.0975283, 41.7446113], [-88.0975332, 41.7445752]]}}, {"type": "Feature", "id": 1075623531, "properties": {"osm_id": 1075623531, "osm_type": "way", "highway": "footway"}, "geometry": {"type": "LineString", "coordinates": [[-88.0976758, 41.7445462], [-88.0977199, 41.7445509]]}}, {"type": "Feature", "id": 1075623532, "properties": {"osm_id": 1075623532, "osm_type": "way", "crossing": "unmarked", "highway": "footway"}, "geometry": {"type": "LineString", "coordinates": [[-88.0976758, 41.7445462], [-88.0976237, 41.7445446], [-88.0975657, 41.7445429]]}}, {"type": "Feature", "id": 1075623533, "properties": {"osm_id": 1075623533, "osm_type": "way", "crossing": "unmarked", "highway": "footway"}, "geometry": {"type": "LineString", "coordinates": [[-88.0975639, 41.7446809], [-88.0976187, 41.7446692], [-88.0977186, 41.7446479]]}}, {"type": "Feature", "id": 1075623534, "properties": {"osm_id": 1075623534, "osm_type": "way", "highway": "footway"}, "geometry": {"type": "LineString", "coordinates": [[-88.0976598, 41.7438495], [-88.0976144, 41.7438536]]}}, {"type": "Feature", "id": 1075623535, "properties": {"osm_id": 1075623535, "osm_type": "way", "highway": "footway"}, "geometry": {"type": "LineString", "coordinates": [[-88.0976255, 41.7438186], [-88.0976064, 41.7438418]]}}, {"type": "Feature", "id": 1075623536, "properties": {"osm_id": 1075623536, "osm_type": "way", "highway": "footway"}, "geometry": {"type": "LineString", "coordinates": [[-88.0976833, 41.7437089], [-88.0976451, 41.7437028], [-88.09764, 41.7437257]]}}, {"type": "Feature", "id": 1075623537, "properties": {"osm_id": 1075623537, "osm_type": "way", "crossing": "unmarked", "highway": "footway"}, "geometry": {"type": "LineString", "coordinates": [[-88.0976255, 41.7438186], [-88.0976337, 41.7437662], [-88.09764, 41.7437257]]}}, {"type": "Feature", "id": 1075623538, "properties": {"osm_id": 1075623538, "osm_type": "way", "crossing": "unmarked", "highway": "footway"}, "geometry": {"type": "LineString", "coordinates": [[-88.0976833, 41.7437089], [-88.0977423, 41.7437141], [-88.0978411, 41.7437228]]}}, {"type": "Feature", "id": 1075625047, "properties": {"osm_id": 1075625047, "osm_type": "way", "highway": "footway"}, "geometry": {"type": "LineString", "coordinates": [[-88.0960224, 41.7430624], [-88.0960098, 41.7429324], [-88.0959992, 41.7428085], [-88.0959727, 41.7426381], [-88.0959507, 41.7425064], [-88.0959173, 41.742342], [-88.0959051, 41.7422741], [-88.0958974, 41.7422271], [-88.0958915, 41.7421909]]}}, {"type": "Feature", "id": 1075625048, "properties": {"osm_id": 1075625048, "osm_type": "way", "crossing": "uncontrolled", "highway": "footway"}, "geometry": {"type": "LineString", "coordinates": [[-88.0958915, 41.7421909], [-88.0958839, 41.7421428], [-88.0958778, 41.7421043]]}}, {"type": "Feature", "id": 1075625049, "properties": {"osm_id": 1075625049, "osm_type": "way", "highway": "footway"}, "geometry": {"type": "LineString", "coordinates": [[-88.0958778, 41.7421043], [-88.0958642, 41.7420754], [-88.0958331, 41.7419305], [-88.0957989, 41.7417516], [-88.095761, 41.7415724], [-88.0957329, 41.7414414], [-88.0957158, 41.7413538], [-88.0957102, 41.7413248]]}}, {"type": "Feature", "id": 1075625050, "properties": {"osm_id": 1075625050, "osm_type": "way", "crossing": "uncontrolled", "highway": "footway"}, "geometry": {"type": "LineString", "coordinates": [[-88.0957102, 41.7413248], [-88.0957034, 41.7412731], [-88.0956988, 41.7412382]]}}, {"type": "Feature", "id": 1075625051, "properties": {"osm_id": 1075625051, "osm_type": "way", "highway": "footway"}, "geometry": {"type": "LineString", "coordinates": [[-88.0956988, 41.7412382], [-88.0956859, 41.7412088], [-88.0956593, 41.7410961], [-88.0956313, 41.740941], [-88.0955987, 41.7407848], [-88.0955577, 41.7405946], [-88.0955281, 41.7404502], [-88.0955082, 41.7403458], [-88.095478, 41.7402091], [-88.0954484, 41.7400523], [-88.0954128, 41.7398808], [-88.0953794, 41.7397234], [-88.0953475, 41.7395646], [-88.0953157, 41.7394205], [-88.0952762, 41.7392251], [-88.0952421, 41.739038], [-88.0952057, 41.7388845], [-88.0951685, 41.7387169], [-88.0951579, 41.7386535], [-88.0951556, 41.7386054], [-88.0951559, 41.7385839], [-88.0951564, 41.7385505]]}}, {"type": "Feature", "id": 1075625052, "properties": {"osm_id": 1075625052, "osm_type": "way", "crossing": "unmarked", "highway": "footway"}, "geometry": {"type": "LineString", "coordinates": [[-88.0951564, 41.7385505], [-88.0951379, 41.7384983], [-88.0951268, 41.7384667]]}}, {"type": "Feature", "id": 1075625053, "properties": {"osm_id": 1075625053, "osm_type": "way", "highway": "footway"}, "geometry": {"type": "LineString", "coordinates": [[-88.0951268, 41.7384667], [-88.0951101, 41.7384265], [-88.0951738, 41.7384208]]}}, {"type": "Feature", "id": 1075625054, "properties": {"osm_id": 1075625054, "osm_type": "way", "crossing": "uncontrolled", "highway": "footway"}, "geometry": {"type": "LineString", "coordinates": [[-88.0951738, 41.7384208], [-88.0952407, 41.7384139], [-88.0953157, 41.7384061]]}}, {"type": "Feature", "id": 1075625055, "properties": {"osm_id": 1075625055, "osm_type": "way", "highway": "footway"}, "geometry": {"type": "LineString", "coordinates": [[-88.0951559, 41.7385839], [-88.0951996, 41.7385765]]}}, {"type": "Feature", "id": 1075625056, "properties": {"osm_id": 1075625056, "osm_type": "way", "crossing": "uncontrolled", "highway": "footway"}, "geometry": {"type": "LineString", "coordinates": [[-88.0951996, 41.7385765], [-88.0952738, 41.7385672], [-88.0953491, 41.7385578]]}}, {"type": "Feature", "id": 1075625057, "properties": {"osm_id": 1075625057, "osm_type": "way", "highway": "footway"}, "geometry": {"type": "LineString", "coordinates": [[-88.0953157, 41.7384061], [-88.0953466, 41.7384018], [-88.095365, 41.7383993], [-88.0953733, 41.7384299]]}}, {"type": "Feature", "id": 1075625058, "properties": {"osm_id": 1075625058, "osm_type": "way", "crossing": "uncontrolled", "highway": "footway"}, "geometry": {"type": "LineString", "coordinates": [[-88.0953733, 41.7384299], [-88.0953847, 41.7384692], [-88.0953976, 41.7385137]]}}, {"type": "Feature", "id": 1075625059, "properties": {"osm_id": 1075625059, "osm_type": "way", "highway": "footway"}, "geometry": {"type": "LineString", "coordinates": [[-88.0953976, 41.7385137], [-88.095409, 41.738555], [-88.0953491, 41.7385578]]}}, {"type": "Feature", "id": 1075625060, "properties": {"osm_id": 1075625060, "osm_type": "way", "highway": "footway"}, "geometry": {"type": "LineString", "coordinates": [[-88.095409, 41.738555], [-88.095453, 41.7387605], [-88.0954902, 41.7389467], [-88.0955025, 41.739027], [-88.0955349, 41.7391709], [-88.0955494, 41.739246], [-88.0955691, 41.7393487], [-88.0956062, 41.7395219], [-88.0956434, 41.7397027], [-88.0956624, 41.7398083], [-88.0956897, 41.7399283], [-88.0957291, 41.7401066], [-88.0957657, 41.7402657], [-88.0957925, 41.7404138], [-88.0958316, 41.7406004], [-88.0958771, 41.7408256], [-88.0959218, 41.7410527], [-88.0959472, 41.7411697], [-88.0959583, 41.7412208], [-88.0959985, 41.7413992], [-88.0960402, 41.7416251], [-88.0960872, 41.7418383], [-88.0961274, 41.7420487], [-88.0961337, 41.742077], [-88.096179, 41.7422826], [-88.0962169, 41.7424994], [-88.0962518, 41.7427241], [-88.0962756, 41.7428874]]}}, {"type": "Feature", "id": 1075625061, "properties": {"osm_id": 1075625061, "osm_type": "way", "highway": "footway"}, "geometry": {"type": "LineString", "coordinates": [[-88.0961337, 41.742077], [-88.0960662, 41.7420765]]}}, {"type": "Feature", "id": 1075625062, "properties": {"osm_id": 1075625062, "osm_type": "way", "crossing": "uncontrolled", "highway": "footway"}, "geometry": {"type": "LineString", "coordinates": [[-88.0960662, 41.7420765], [-88.0959988, 41.7420743], [-88.095922, 41.7420718]]}}, {"type": "Feature", "id": 1075625063, "properties": {"osm_id": 1075625063, "osm_type": "way", "highway": "footway"}, "geometry": {"type": "LineString", "coordinates": [[-88.095922, 41.7420718], [-88.0958642, 41.7420754]]}}, {"type": "Feature", "id": 1075625064, "properties": {"osm_id": 1075625064, "osm_type": "way", "highway": "footway"}, "geometry": {"type": "LineString", "coordinates": [[-88.0957158, 41.7413538], [-88.0957717, 41.741344]]}}, {"type": "Feature", "id": 1075625065, "properties": {"osm_id": 1075625065, "osm_type": "way", "highway": "footway"}, "geometry": {"type": "LineString", "coordinates": [[-88.0956859, 41.7412088], [-88.0957447, 41.7411912]]}}, {"type": "Feature", "id": 1075625066, "properties": {"osm_id": 1075625066, "osm_type": "way", "highway": "footway"}, "geometry": {"type": "LineString", "coordinates": [[-88.0959472, 41.7411697], [-88.0958836, 41.7411764]]}}, {"type": "Feature", "id": 1075625067, "properties": {"osm_id": 1075625067, "osm_type": "way", "crossing": "unmarked", "highway": "footway"}, "geometry": {"type": "LineString", "coordinates": [[-88.0958836, 41.7411764], [-88.0958165, 41.7411836], [-88.0957447, 41.7411912]]}}, {"type": "Feature", "id": 1075625068, "properties": {"osm_id": 1075625068, "osm_type": "way", "crossing": "unmarked", "highway": "footway"}, "geometry": {"type": "LineString", "coordinates": [[-88.0957717, 41.741344], [-88.095848, 41.7413372]]}}, {"type": "Feature", "id": 1075625069, "properties": {"osm_id": 1075625069, "osm_type": "way", "highway": "footway"}, "geometry": {"type": "LineString", "coordinates": [[-88.0954868, 41.7392553], [-88.0955494, 41.739246], [-88.0955808, 41.7392418]]}}, {"type": "Feature", "id": 1075625070, "properties": {"osm_id": 1075625070, "osm_type": "way", "crossing": "uncontrolled", "highway": "footway"}, "geometry": {"type": "LineString", "coordinates": [[-88.0955808, 41.7392418], [-88.0957074, 41.7392288], [-88.0957672, 41.7392228]]}}, {"type": "Feature", "id": 1075625071, "properties": {"osm_id": 1075625071, "osm_type": "way", "highway": "footway"}, "geometry": {"type": "LineString", "coordinates": [[-88.0957672, 41.7392228], [-88.095852, 41.7392154]]}}, {"type": "Feature", "id": 1075625072, "properties": {"osm_id": 1075625072, "osm_type": "way", "highway": "footway"}, "geometry": {"type": "LineString", "coordinates": [[-88.0964032, 41.739356], [-88.0964357, 41.7395344], [-88.0959296, 41.7395923], [-88.0959021, 41.7394588], [-88.0958737, 41.7393208], [-88.095852, 41.7392154], [-88.0958141, 41.7390309], [-88.0958014, 41.7390073], [-88.0957753, 41.7389898], [-88.0958475, 41.7389054], [-88.0958628, 41.7388875], [-88.0958835, 41.7388559], [-88.0958899, 41.7388256], [-88.0958907, 41.7387944], [-88.0958908, 41.7387906], [-88.095883, 41.7387576], [-88.095879, 41.7387407], [-88.0958772, 41.7387172], [-88.0958862, 41.738701], [-88.0958964, 41.7386938], [-88.0959061, 41.7386869], [-88.0959386, 41.7386795], [-88.0962105, 41.7386493], [-88.0963611, 41.7386326], [-88.0964113, 41.738627], [-88.0966197, 41.7386019], [-88.096772, 41.7385836], [-88.0968029, 41.7385799], [-88.0969341, 41.738564], [-88.0970762, 41.7385469], [-88.0971313, 41.7385395], [-88.0971455, 41.7385362], [-88.0971719, 41.73853], [-88.0972097, 41.7385139], [-88.0972485, 41.738489], [-88.0972711, 41.7384567], [-88.0972864, 41.7384284], [-88.0972918, 41.7384001], [-88.0972928, 41.7383685]]}}, {"type": "Feature", "id": 1075625073, "properties": {"osm_id": 1075625073, "osm_type": "way", "highway": "footway"}, "geometry": {"type": "LineString", "coordinates": [[-88.0971455, 41.7385362], [-88.0971097, 41.7386063]]}}, {"type": "Feature", "id": 1075625074, "properties": {"osm_id": 1075625074, "osm_type": "way", "highway": "footway"}, "geometry": {"type": "LineString", "coordinates": [[-88.0969341, 41.738564], [-88.0969459, 41.7386325], [-88.0969814, 41.7388008], [-88.0970225, 41.7389953], [-88.0970456, 41.7391049], [-88.0970664, 41.7392152], [-88.0970639, 41.739245], [-88.0967581, 41.739281], [-88.0967438, 41.7392119]]}}, {"type": "Feature", "id": 1075625075, "properties": {"osm_id": 1075625075, "osm_type": "way", "highway": "footway"}, "geometry": {"type": "LineString", "coordinates": [[-88.0970456, 41.7391049], [-88.0969731, 41.739113]]}}, {"type": "Feature", "id": 1075625076, "properties": {"osm_id": 1075625076, "osm_type": "way", "highway": "footway"}, "geometry": {"type": "LineString", "coordinates": [[-88.0970225, 41.7389953], [-88.0969495, 41.739005]]}}, {"type": "Feature", "id": 1075625077, "properties": {"osm_id": 1075625077, "osm_type": "way", "highway": "footway"}, "geometry": {"type": "LineString", "coordinates": [[-88.0969814, 41.7388008], [-88.0969067, 41.7388094]]}}, {"type": "Feature", "id": 1075625078, "properties": {"osm_id": 1075625078, "osm_type": "way", "highway": "footway"}, "geometry": {"type": "LineString", "coordinates": [[-88.0967775, 41.738631], [-88.096772, 41.7385836]]}}, {"type": "Feature", "id": 1075625079, "properties": {"osm_id": 1075625079, "osm_type": "way", "highway": "footway"}, "geometry": {"type": "LineString", "coordinates": [[-88.0966287, 41.7386489], [-88.0966197, 41.7386019]]}}, {"type": "Feature", "id": 1075625080, "properties": {"osm_id": 1075625080, "osm_type": "way", "highway": "footway"}, "geometry": {"type": "LineString", "coordinates": [[-88.0963687, 41.73868], [-88.0963611, 41.7386326]]}}, {"type": "Feature", "id": 1075625081, "properties": {"osm_id": 1075625081, "osm_type": "way", "highway": "footway"}, "geometry": {"type": "LineString", "coordinates": [[-88.0962232, 41.7386975], [-88.0962105, 41.7386493]]}}, {"type": "Feature", "id": 1075625082, "properties": {"osm_id": 1075625082, "osm_type": "way", "highway": "footway"}, "geometry": {"type": "LineString", "coordinates": [[-88.0961642, 41.7388953], [-88.0961086, 41.7389023], [-88.0959097, 41.7389272], [-88.0958826, 41.7389239], [-88.0958475, 41.7389054]]}}, {"type": "Feature", "id": 1075625083, "properties": {"osm_id": 1075625083, "osm_type": "way", "highway": "footway"}, "geometry": {"type": "LineString", "coordinates": [[-88.0961949, 41.7390649], [-88.0961289, 41.7389858], [-88.096119, 41.7389629], [-88.0961086, 41.7389023]]}}, {"type": "Feature", "id": 1075625084, "properties": {"osm_id": 1075625084, "osm_type": "way", "highway": "footway"}, "geometry": {"type": "LineString", "coordinates": [[-88.095852, 41.7392154], [-88.0959159, 41.739209]]}}, {"type": "Feature", "id": 1075625085, "properties": {"osm_id": 1075625085, "osm_type": "way", "highway": "footway"}, "geometry": {"type": "LineString", "coordinates": [[-88.0958737, 41.7393208], [-88.0959381, 41.7393136]]}}, {"type": "Feature", "id": 1075625086, "properties": {"osm_id": 1075625086, "osm_type": "way", "highway": "footway"}, "geometry": {"type": "LineString", "coordinates": [[-88.0959021, 41.7394588], [-88.0959671, 41.7394497]]}}, {"type": "Feature", "id": 1075625087, "properties": {"osm_id": 1075625087, "osm_type": "way", "highway": "footway"}, "geometry": {"type": "LineString", "coordinates": [[-88.0958964, 41.7386938], [-88.0958745, 41.7386808], [-88.0958438, 41.7386721], [-88.0958141, 41.7386647], [-88.0957879, 41.7386519], [-88.0957663, 41.7386351], [-88.0957482, 41.7386128], [-88.0957392, 41.7385825], [-88.0957284, 41.7385193]]}}, {"type": "Feature", "id": 1075625088, "properties": {"osm_id": 1075625088, "osm_type": "way", "crossing": "unmarked", "highway": "footway"}, "geometry": {"type": "LineString", "coordinates": [[-88.0954868, 41.7392553], [-88.0954212, 41.7392636]]}}, {"type": "Feature", "id": 1075625089, "properties": {"osm_id": 1075625089, "osm_type": "way", "highway": "footway"}, "geometry": {"type": "LineString", "coordinates": [[-88.0972928, 41.7383685], [-88.0972344, 41.7383689], [-88.0971434, 41.7383695], [-88.0970156, 41.7383756], [-88.0968938, 41.7383857], [-88.0966283, 41.7384147], [-88.0962289, 41.7384604], [-88.0959195, 41.7384961], [-88.095791, 41.738508], [-88.0957284, 41.7385193], [-88.095409, 41.738555]]}}, {"type": "Feature", "id": 1075625090, "properties": {"osm_id": 1075625090, "osm_type": "way", "highway": "footway"}, "geometry": {"type": "LineString", "coordinates": [[-88.0955082, 41.7403458], [-88.0954117, 41.7403486], [-88.0953258, 41.7403498]]}}, {"type": "Feature", "id": 1075625091, "properties": {"osm_id": 1075625091, "osm_type": "way", "highway": "footway"}, "geometry": {"type": "LineString", "coordinates": [[-88.095365, 41.7383993], [-88.0956233, 41.7383686], [-88.0959472, 41.7383303], [-88.0962873, 41.7382899], [-88.0966425, 41.7382508], [-88.0969064, 41.7382226], [-88.097065, 41.7382111], [-88.0971642, 41.7382084], [-88.0973726, 41.7382091], [-88.0976873, 41.7382266], [-88.0977245, 41.7382286]]}}, {"type": "Feature", "id": 1075625092, "properties": {"osm_id": 1075625092, "osm_type": "way", "crossing": "unmarked", "highway": "footway"}, "geometry": {"type": "LineString", "coordinates": [[-88.0977245, 41.7382286], [-88.0977818, 41.7382342], [-88.0978418, 41.7382401]]}}, {"type": "Feature", "id": 1075625093, "properties": {"osm_id": 1075625093, "osm_type": "way", "highway": "footway"}, "geometry": {"type": "LineString", "coordinates": [[-88.0978418, 41.7382401], [-88.0978809, 41.7382466], [-88.09795, 41.7382582], [-88.0980827, 41.7382778], [-88.0981963, 41.7382986], [-88.0982893, 41.7383202], [-88.0984282, 41.7383532], [-88.0985635, 41.7383929], [-88.0986528, 41.7384159], [-88.0986862, 41.7384245]]}}, {"type": "Feature", "id": 1075625094, "properties": {"osm_id": 1075625094, "osm_type": "way", "crossing": "unmarked", "highway": "footway"}, "geometry": {"type": "LineString", "coordinates": [[-88.0986862, 41.7384245], [-88.0987437, 41.7384389], [-88.0988017, 41.7384535]]}}, {"type": "Feature", "id": 1075625095, "properties": {"osm_id": 1075625095, "osm_type": "way", "highway": "footway"}, "geometry": {"type": "LineString", "coordinates": [[-88.0988017, 41.7384535], [-88.0988426, 41.7384635], [-88.0989866, 41.7384986], [-88.0990823, 41.7385215], [-88.099251, 41.7385659], [-88.0993908, 41.7385996], [-88.099509, 41.7386251], [-88.0996723, 41.7386541], [-88.0998554, 41.7386783], [-88.0999692, 41.7386909], [-88.100001, 41.7386945], [-88.1001983, 41.7387052], [-88.1003498, 41.7387059], [-88.1005538, 41.7387012], [-88.1006716, 41.7386877], [-88.1008214, 41.7386635], [-88.10101, 41.7386359], [-88.101148, 41.738607], [-88.1012283, 41.7385915], [-88.1012563, 41.7385861]]}}, {"type": "Feature", "id": 1075625096, "properties": {"osm_id": 1075625096, "osm_type": "way", "crossing": "unmarked", "highway": "footway"}, "geometry": {"type": "LineString", "coordinates": [[-88.1012563, 41.7385861], [-88.1013119, 41.738569], [-88.1013681, 41.7385518]]}}, {"type": "Feature", "id": 1075625097, "properties": {"osm_id": 1075625097, "osm_type": "way", "highway": "footway"}, "geometry": {"type": "LineString", "coordinates": [[-88.1013681, 41.7385518], [-88.1014057, 41.7385401], [-88.101637, 41.7384683], [-88.1017615, 41.7384279], [-88.1018977, 41.7383774], [-88.1019822, 41.7383471]]}}, {"type": "Feature", "id": 1075625098, "properties": {"osm_id": 1075625098, "osm_type": "way", "highway": "footway"}, "geometry": {"type": "LineString", "coordinates": [[-88.1020546, 41.7384918], [-88.1017858, 41.7385834], [-88.1016081, 41.7386453], [-88.1014817, 41.7386831], [-88.1014549, 41.7386911], [-88.1013221, 41.7387302], [-88.1012676, 41.7387441], [-88.1011832, 41.7387658], [-88.1010576, 41.7387928], [-88.1009098, 41.7388143], [-88.1007709, 41.7388352], [-88.1006572, 41.7388466], [-88.1005102, 41.738854], [-88.1003369, 41.7388621], [-88.1001827, 41.7388608], [-88.1001284, 41.7388539], [-88.1000924, 41.7388493]]}}, {"type": "Feature", "id": 1075625099, "properties": {"osm_id": 1075625099, "osm_type": "way", "crossing": "uncontrolled", "highway": "footway"}, "geometry": {"type": "LineString", "coordinates": [[-88.1000924, 41.7388493], [-88.1000322, 41.7388458], [-88.0999661, 41.7388419]]}}, {"type": "Feature", "id": 1075625100, "properties": {"osm_id": 1075625100, "osm_type": "way", "highway": "footway"}, "geometry": {"type": "LineString", "coordinates": [[-88.0999661, 41.7388419], [-88.0999346, 41.7388459], [-88.0997654, 41.7388237], [-88.0995268, 41.7387854], [-88.0993463, 41.738751], [-88.0991695, 41.7387106], [-88.0989936, 41.7386736], [-88.0987933, 41.7386211], [-88.0985991, 41.7385717], [-88.0985181, 41.7385511], [-88.098335, 41.7385019], [-88.0981823, 41.7384629], [-88.0980237, 41.7384306], [-88.0978964, 41.7384124], [-88.0977576, 41.7383956], [-88.0976554, 41.7383862], [-88.097588, 41.7383801], [-88.097413, 41.7383707], [-88.0972928, 41.7383685]]}}, {"type": "Feature", "id": 1075625101, "properties": {"osm_id": 1075625101, "osm_type": "way", "highway": "footway"}, "geometry": {"type": "LineString", "coordinates": [[-88.0976554, 41.7383862], [-88.0976638, 41.7383417]]}}, {"type": "Feature", "id": 1075625102, "properties": {"osm_id": 1075625102, "osm_type": "way", "crossing": "uncontrolled", "highway": "footway"}, "geometry": {"type": "LineString", "coordinates": [[-88.0976638, 41.7383417], [-88.097672, 41.7383015], [-88.09768, 41.7382623]]}}, {"type": "Feature", "id": 1075625103, "properties": {"osm_id": 1075625103, "osm_type": "way", "highway": "footway"}, "geometry": {"type": "LineString", "coordinates": [[-88.09768, 41.7382623], [-88.0976873, 41.7382266]]}}, {"type": "Feature", "id": 1075625104, "properties": {"osm_id": 1075625104, "osm_type": "way", "crossing": "unmarked", "highway": "footway"}, "geometry": {"type": "LineString", "coordinates": [[-88.0978668, 41.7383192], [-88.0978722, 41.7382852]]}}, {"type": "Feature", "id": 1075625105, "properties": {"osm_id": 1075625105, "osm_type": "way", "highway": "footway"}, "geometry": {"type": "LineString", "coordinates": [[-88.0978722, 41.7382852], [-88.0978809, 41.7382466]]}}, {"type": "Feature", "id": 1075625106, "properties": {"osm_id": 1075625106, "osm_type": "way", "highway": "footway"}, "geometry": {"type": "LineString", "coordinates": [[-88.0985991, 41.7385717], [-88.0986108, 41.7385333]]}}, {"type": "Feature", "id": 1075625107, "properties": {"osm_id": 1075625107, "osm_type": "way", "highway": "footway"}, "geometry": {"type": "LineString", "coordinates": [[-88.0986415, 41.7384451], [-88.0986528, 41.7384159]]}}, {"type": "Feature", "id": 1075625108, "properties": {"osm_id": 1075625108, "osm_type": "way", "highway": "footway"}, "geometry": {"type": "LineString", "coordinates": [[-88.0988355, 41.738499], [-88.0988426, 41.7384635]]}}, {"type": "Feature", "id": 1075625109, "properties": {"osm_id": 1075625109, "osm_type": "way", "crossing": "unmarked", "highway": "footway"}, "geometry": {"type": "LineString", "coordinates": [[-88.0986108, 41.7385333], [-88.0986275, 41.7384854], [-88.0986415, 41.7384451]]}}, {"type": "Feature", "id": 1075625110, "properties": {"osm_id": 1075625110, "osm_type": "way", "crossing": "unmarked", "highway": "footway"}, "geometry": {"type": "LineString", "coordinates": [[-88.0988355, 41.738499], [-88.0988229, 41.7385355], [-88.0987933, 41.7386211]]}}, {"type": "Feature", "id": 1075625111, "properties": {"osm_id": 1075625111, "osm_type": "way", "highway": "footway"}, "geometry": {"type": "LineString", "coordinates": [[-88.1012283, 41.7385915], [-88.1012419, 41.7386126]]}}, {"type": "Feature", "id": 1075625112, "properties": {"osm_id": 1075625112, "osm_type": "way", "highway": "footway"}, "geometry": {"type": "LineString", "coordinates": [[-88.1014057, 41.7385401], [-88.101409, 41.7385664]]}}, {"type": "Feature", "id": 1075625113, "properties": {"osm_id": 1075625113, "osm_type": "way", "crossing": "unmarked", "highway": "footway"}, "geometry": {"type": "LineString", "coordinates": [[-88.101409, 41.7385664], [-88.1014347, 41.7386077], [-88.1014817, 41.7386831]]}}, {"type": "Feature", "id": 1075625114, "properties": {"osm_id": 1075625114, "osm_type": "way", "crossing": "unmarked", "highway": "footway"}, "geometry": {"type": "LineString", "coordinates": [[-88.1012419, 41.7386126], [-88.1012444, 41.7386582], [-88.101247, 41.7387044], [-88.1012676, 41.7387441]]}}, {"type": "Feature", "id": 1075625115, "properties": {"osm_id": 1075625115, "osm_type": "way", "highway": "footway"}, "geometry": {"type": "LineString", "coordinates": [[-88.0999692, 41.7386909], [-88.0999659, 41.7387254]]}}, {"type": "Feature", "id": 1075625116, "properties": {"osm_id": 1075625116, "osm_type": "way", "crossing": "unmarked", "highway": "footway"}, "geometry": {"type": "LineString", "coordinates": [[-88.0999659, 41.7387254], [-88.0999577, 41.7387538], [-88.0999415, 41.7388102]]}}, {"type": "Feature", "id": 1075625117, "properties": {"osm_id": 1075625117, "osm_type": "way", "highway": "footway"}, "geometry": {"type": "LineString", "coordinates": [[-88.0999415, 41.7388102], [-88.0999346, 41.7388459], [-88.0998954, 41.7390558], [-88.0998757, 41.7391726], [-88.0998453, 41.739319], [-88.0998173, 41.7394787], [-88.0998125, 41.7395063], [-88.0998082, 41.7395313]]}}, {"type": "Feature", "id": 1075625118, "properties": {"osm_id": 1075625118, "osm_type": "way", "crossing": "unmarked", "highway": "footway"}, "geometry": {"type": "LineString", "coordinates": [[-88.0998082, 41.7395313], [-88.0997991, 41.7395723], [-88.0997869, 41.7396275]]}}, {"type": "Feature", "id": 1075625119, "properties": {"osm_id": 1075625119, "osm_type": "way", "highway": "footway"}, "geometry": {"type": "LineString", "coordinates": [[-88.0997869, 41.7396275], [-88.0997825, 41.7396511], [-88.0997475, 41.739837], [-88.0997171, 41.7400017], [-88.0996913, 41.7400866], [-88.0996519, 41.7401557], [-88.0995874, 41.7402621], [-88.0994486, 41.7404523], [-88.099299, 41.7406482], [-88.099158, 41.7408491], [-88.099048, 41.7410003], [-88.0989259, 41.7411661], [-88.0988341, 41.7412924], [-88.0986967, 41.7414907], [-88.0985361, 41.7417135], [-88.0983944, 41.741902], [-88.0982001, 41.7421745], [-88.0981818, 41.7422002]]}}, {"type": "Feature", "id": 1075625120, "properties": {"osm_id": 1075625120, "osm_type": "way", "crossing": "unmarked", "highway": "footway"}, "geometry": {"type": "LineString", "coordinates": [[-88.0981818, 41.7422002], [-88.0981558, 41.7422381], [-88.0981231, 41.7422857]]}}, {"type": "Feature", "id": 1075625121, "properties": {"osm_id": 1075625121, "osm_type": "way", "highway": "footway"}, "geometry": {"type": "LineString", "coordinates": [[-88.0981231, 41.7422857], [-88.0981079, 41.7423053], [-88.0980636, 41.7423625], [-88.0980176, 41.7424365], [-88.0979806, 41.7425112], [-88.0979192, 41.7426398], [-88.0978904, 41.7427226], [-88.0978507, 41.7428485], [-88.0978236, 41.7429602]]}}, {"type": "Feature", "id": 1075625122, "properties": {"osm_id": 1075625122, "osm_type": "way", "highway": "footway"}, "geometry": {"type": "LineString", "coordinates": [[-88.0980124, 41.7429856], [-88.0980419, 41.7428638], [-88.0980753, 41.7427542], [-88.0981105, 41.7426634], [-88.0981556, 41.7425738], [-88.0982088, 41.7424809], [-88.0982909, 41.7423652], [-88.0983662, 41.7422446], [-88.0983956, 41.7421975], [-88.0985454, 41.7419969], [-88.0986266, 41.7418918], [-88.0987123, 41.7417666], [-88.0988045, 41.7416461], [-88.0988963, 41.7415135], [-88.0990136, 41.7413443], [-88.099148, 41.7411769], [-88.0992734, 41.7409992], [-88.0993898, 41.7408309], [-88.099453, 41.7407454]]}}, {"type": "Feature", "id": 1075625123, "properties": {"osm_id": 1075625123, "osm_type": "way", "crossing": "unmarked", "highway": "footway"}, "geometry": {"type": "LineString", "coordinates": [[-88.099453, 41.7407454], [-88.0995054, 41.7406752], [-88.0995486, 41.7406175]]}}, {"type": "Feature", "id": 1075625124, "properties": {"osm_id": 1075625124, "osm_type": "way", "highway": "footway"}, "geometry": {"type": "LineString", "coordinates": [[-88.099299, 41.7406482], [-88.0993348, 41.7406687]]}}, {"type": "Feature", "id": 1075625125, "properties": {"osm_id": 1075625125, "osm_type": "way", "crossing": "uncontrolled", "highway": "footway"}, "geometry": {"type": "LineString", "coordinates": [[-88.0993348, 41.7406687], [-88.0993773, 41.7406963], [-88.099453, 41.7407454]]}}, {"type": "Feature", "id": 1075625126, "properties": {"osm_id": 1075625126, "osm_type": "way", "highway": "footway"}, "geometry": {"type": "LineString", "coordinates": [[-88.0995486, 41.7406175], [-88.0996578, 41.740462], [-88.099738, 41.7403523], [-88.0998003, 41.7402668], [-88.0998364, 41.7402116], [-88.0998625, 41.7401571], [-88.0998896, 41.7400794], [-88.0999158, 41.7400069], [-88.0999555, 41.7397806], [-88.0999798, 41.7396696]]}}, {"type": "Feature", "id": 1075625127, "properties": {"osm_id": 1075625127, "osm_type": "way", "crossing": "unmarked", "highway": "footway"}, "geometry": {"type": "LineString", "coordinates": [[-88.0999798, 41.7396696], [-88.0999923, 41.7395925], [-88.0999988, 41.7395524]]}}, {"type": "Feature", "id": 1075625128, "properties": {"osm_id": 1075625128, "osm_type": "way", "highway": "footway"}, "geometry": {"type": "LineString", "coordinates": [[-88.0999988, 41.7395524], [-88.1000043, 41.7395262], [-88.100024, 41.7394326], [-88.1000502, 41.7392643], [-88.1000845, 41.7390778], [-88.1001284, 41.7388539]]}}, {"type": "Feature", "id": 1075625129, "properties": {"osm_id": 1075625129, "osm_type": "way", "crossing": "unmarked", "highway": "footway"}, "geometry": {"type": "LineString", "coordinates": [[-88.0999798, 41.7396696], [-88.0998778, 41.7396589], [-88.0998175, 41.7396526]]}}, {"type": "Feature", "id": 1075625130, "properties": {"osm_id": 1075625130, "osm_type": "way", "crossing": "unmarked", "highway": "footway"}, "geometry": {"type": "LineString", "coordinates": [[-88.0999708, 41.739523], [-88.0999054, 41.7395165], [-88.0998501, 41.7395111]]}}, {"type": "Feature", "id": 1075625131, "properties": {"osm_id": 1075625131, "osm_type": "way", "highway": "footway"}, "geometry": {"type": "LineString", "coordinates": [[-88.0998175, 41.7396526], [-88.0997825, 41.7396511], [-88.09953, 41.7396265], [-88.0994183, 41.739613], [-88.0992354, 41.7395869], [-88.0990549, 41.7395564], [-88.0989175, 41.7395207], [-88.0987901, 41.7394946], [-88.0987643, 41.7394913], [-88.0987347, 41.7394975], [-88.0986862, 41.7395094], [-88.0986384, 41.7395139], [-88.0985875, 41.7395122], [-88.0985489, 41.7395009], [-88.0985018, 41.7394816], [-88.0984737, 41.7394567], [-88.0984487, 41.7394194], [-88.0984411, 41.7393865], [-88.0984396, 41.7393486], [-88.0984563, 41.7393101], [-88.0984859, 41.7392767], [-88.0985306, 41.7392524], [-88.0985716, 41.7392376], [-88.0986103, 41.7392331], [-88.098646, 41.7392314], [-88.0986862, 41.7392365], [-88.0987226, 41.7392478], [-88.0987514, 41.7392648], [-88.0987893, 41.7392931], [-88.0988045, 41.7393175], [-88.0988189, 41.7393356], [-88.0988424, 41.7393531], [-88.0988789, 41.7393678], [-88.0989638, 41.7393871], [-88.0991876, 41.7394279], [-88.0993507, 41.7394545], [-88.0995063, 41.7394754], [-88.0998125, 41.7395063], [-88.0998501, 41.7395111]]}}, {"type": "Feature", "id": 1075625132, "properties": {"osm_id": 1075625132, "osm_type": "way", "crossing": "unmarked", "highway": "footway"}, "geometry": {"type": "LineString", "coordinates": [[-88.0982344, 41.7421944], [-88.0982807, 41.742212], [-88.0983662, 41.7422446]]}}, {"type": "Feature", "id": 1075625133, "properties": {"osm_id": 1075625133, "osm_type": "way", "highway": "footway"}, "geometry": {"type": "LineString", "coordinates": [[-88.0982344, 41.7421944], [-88.0982001, 41.7421745], [-88.0980972, 41.7421392], [-88.0980268, 41.7421199], [-88.0979403, 41.7421052], [-88.0978341, 41.7420944], [-88.0976877, 41.7420848], [-88.0973683, 41.7420661], [-88.0970975, 41.7420469], [-88.0970755, 41.7420191], [-88.0970542, 41.7419908], [-88.0970193, 41.7419659], [-88.0969807, 41.7419484], [-88.0969404, 41.7419399], [-88.0968949, 41.7419376], [-88.0968433, 41.7419439], [-88.0968031, 41.741958], [-88.096772, 41.7419778], [-88.0967402, 41.7420101], [-88.0967265, 41.7420418], [-88.0967174, 41.7420735], [-88.0967174, 41.7421069], [-88.0967295, 41.7421397], [-88.0967477, 41.742172], [-88.0967842, 41.7421963], [-88.0968259, 41.7422133], [-88.0968653, 41.7422241], [-88.0969093, 41.7422258], [-88.0969564, 41.7422201], [-88.0969973, 41.7422037], [-88.0970224, 41.7421878], [-88.0972363, 41.7422008], [-88.0975333, 41.7422201], [-88.097835, 41.7422388], [-88.0979124, 41.7422484], [-88.0979708, 41.742262], [-88.0980315, 41.7422807], [-88.0981079, 41.7423053]]}}, {"type": "Feature", "id": 1075625134, "properties": {"osm_id": 1075625134, "osm_type": "way", "crossing": "unmarked", "highway": "footway"}, "geometry": {"type": "LineString", "coordinates": [[-88.0970224, 41.7421878], [-88.0970649, 41.742108], [-88.0970975, 41.7420469]]}}, {"type": "Feature", "id": 1075625135, "properties": {"osm_id": 1075625135, "osm_type": "way", "highway": "footway"}, "geometry": {"type": "LineString", "coordinates": [[-88.0999798, 41.7396696], [-88.1001836, 41.7396921], [-88.1002965, 41.7397053], [-88.1004093, 41.7397161], [-88.1005365, 41.7397201], [-88.1006425, 41.7397194], [-88.1007747, 41.7397114], [-88.1009695, 41.7396939], [-88.101085, 41.7396723], [-88.1013015, 41.739636], [-88.1015235, 41.7395956], [-88.1016065, 41.7395808], [-88.101648, 41.7395734], [-88.1016985, 41.7395754], [-88.1017391, 41.7395862], [-88.1017698, 41.7395983], [-88.1018185, 41.7396037], [-88.1018609, 41.7396037], [-88.1019096, 41.7395915], [-88.1019448, 41.7395747], [-88.1019836, 41.7395471], [-88.1020007, 41.7395215], [-88.1020152, 41.7394926], [-88.1020261, 41.7394568], [-88.1020188, 41.7394226], [-88.1019998, 41.7393849], [-88.1019682, 41.7393579], [-88.1019204, 41.7393324], [-88.1018672, 41.7393182], [-88.1018167, 41.7393175], [-88.1017626, 41.7393256], [-88.1017201, 41.7393445], [-88.1016904, 41.7393653], [-88.1016615, 41.7393943], [-88.1016344, 41.7394158], [-88.1015984, 41.7394293], [-88.1015442, 41.7394401], [-88.1011339, 41.7395175], [-88.1009082, 41.7395552], [-88.1007819, 41.7395686], [-88.1006556, 41.7395747], [-88.1005311, 41.7395781], [-88.1003975, 41.739568], [-88.10019, 41.7395471], [-88.1000043, 41.7395262], [-88.0999708, 41.739523]]}}, {"type": "Feature", "id": 1075625136, "properties": {"osm_id": 1075625136, "osm_type": "way", "highway": "footway"}, "geometry": {"type": "LineString", "coordinates": [[-88.0988297, 41.743302], [-88.0988687, 41.743159], [-88.0988931, 41.7430688], [-88.0989192, 41.7429954], [-88.0989562, 41.7429032], [-88.0990095, 41.742811], [-88.0990717, 41.7427026], [-88.0990959, 41.7426626], [-88.0991177, 41.7426266], [-88.0991619, 41.742568], [-88.0991801, 41.7425429], [-88.0992476, 41.7424495], [-88.0993694, 41.7422859], [-88.0994515, 41.7421661], [-88.0995814, 41.7419918], [-88.0996175, 41.7419561], [-88.0996455, 41.7419339], [-88.0996644, 41.7419238], [-88.0996527, 41.7418861], [-88.099641, 41.7418531], [-88.099641, 41.7418248], [-88.0996482, 41.7417972], [-88.099659, 41.7417696], [-88.0996807, 41.74174], [-88.0997123, 41.7417191], [-88.0997511, 41.7417003], [-88.099798, 41.7416888], [-88.0998521, 41.7416855], [-88.0998954, 41.7416888], [-88.0999387, 41.741701], [-88.0999748, 41.7417198], [-88.1000091, 41.7417413], [-88.1000307, 41.741771], [-88.1000533, 41.741798], [-88.1000749, 41.7418169], [-88.1001146, 41.7418371], [-88.1001471, 41.7418445], [-88.1001904, 41.7418519], [-88.1002346, 41.7418519], [-88.1002879, 41.74186], [-88.1003158, 41.7418674], [-88.1003519, 41.7418842], [-88.1003826, 41.7419098], [-88.1003997, 41.7419293], [-88.1004178, 41.7419657], [-88.1004223, 41.7419906], [-88.1004169, 41.7420336], [-88.1004006, 41.7420666], [-88.100379, 41.7420929], [-88.1003402, 41.7421191], [-88.1002969, 41.7421313], [-88.1002518, 41.742136], [-88.1002085, 41.7421366], [-88.1001588, 41.7421245], [-88.1001173, 41.7421117], [-88.1000803, 41.7420848], [-88.1000569, 41.7420552], [-88.1000515, 41.7420269], [-88.1000443, 41.742004], [-88.1000217, 41.7419825], [-88.0999838, 41.7419717], [-88.0999522, 41.741967], [-88.0999116, 41.7419697], [-88.0998728, 41.7419764], [-88.0998295, 41.7419892], [-88.0997944, 41.7420114], [-88.0997619, 41.7420498], [-88.0996284, 41.7422396], [-88.0994605, 41.7424642], [-88.0993642, 41.7426012], [-88.0993496, 41.742622]]}}, {"type": "Feature", "id": 1075625137, "properties": {"osm_id": 1075625137, "osm_type": "way", "crossing": "unmarked", "highway": "footway"}, "geometry": {"type": "LineString", "coordinates": [[-88.0993496, 41.742622], [-88.0993212, 41.7426609], [-88.0992891, 41.7427048]]}}, {"type": "Feature", "id": 1075625138, "properties": {"osm_id": 1075625138, "osm_type": "way", "highway": "footway"}, "geometry": {"type": "LineString", "coordinates": [[-88.0992891, 41.7427048], [-88.0992723, 41.742729], [-88.0991747, 41.7428689], [-88.0991294, 41.7429652], [-88.0990898, 41.7430823], [-88.0990528, 41.7432088], [-88.0990266, 41.7433246], [-88.0990106, 41.7434187]]}}, {"type": "Feature", "id": 1075625139, "properties": {"osm_id": 1075625139, "osm_type": "way", "crossing": "unmarked", "highway": "footway"}, "geometry": {"type": "LineString", "coordinates": [[-88.1001471, 41.7418445], [-88.1000913, 41.741931], [-88.1000443, 41.742004]]}}, {"type": "Feature", "id": 1075625140, "properties": {"osm_id": 1075625140, "osm_type": "way", "crossing": "unmarked", "highway": "footway"}, "geometry": {"type": "LineString", "coordinates": [[-88.0997944, 41.7420114], [-88.0997174, 41.7419713], [-88.0996455, 41.7419339]]}}, {"type": "Feature", "id": 1075625141, "properties": {"osm_id": 1075625141, "osm_type": "way", "crossing": "unmarked", "highway": "footway"}, "geometry": {"type": "LineString", "coordinates": [[-88.0990959, 41.7426626], [-88.0991861, 41.7426958], [-88.0992354, 41.7427139]]}}, {"type": "Feature", "id": 1075625142, "properties": {"osm_id": 1075625142, "osm_type": "way", "highway": "footway"}, "geometry": {"type": "LineString", "coordinates": [[-88.0991801, 41.7425429], [-88.099221, 41.7425594]]}}, {"type": "Feature", "id": 1075625143, "properties": {"osm_id": 1075625143, "osm_type": "way", "crossing": "unmarked", "highway": "footway"}, "geometry": {"type": "LineString", "coordinates": [[-88.099221, 41.7425594], [-88.0992729, 41.7425727], [-88.0993356, 41.7425888]]}}, {"type": "Feature", "id": 1075625144, "properties": {"osm_id": 1075625144, "osm_type": "way", "highway": "footway"}, "geometry": {"type": "LineString", "coordinates": [[-88.0992354, 41.7427139], [-88.0992723, 41.742729], [-88.0995305, 41.7428332], [-88.0997952, 41.7429419], [-88.0999409, 41.7429999], [-88.1000077, 41.7430231], [-88.1000807, 41.7430412], [-88.1001571, 41.7430548], [-88.1002322, 41.7430627], [-88.1003278, 41.7430622], [-88.1004143, 41.7430593], [-88.1005076, 41.7430463], [-88.1006017, 41.7430237], [-88.1006904, 41.7429903], [-88.1007739, 41.7429535], [-88.1008717, 41.7428912], [-88.1009347, 41.7428403], [-88.1010569, 41.7427389], [-88.1011729, 41.7426416], [-88.1013808, 41.7424735], [-88.1017017, 41.7422121], [-88.1018853, 41.7420683], [-88.1019384, 41.74201], [-88.1019733, 41.7419664], [-88.1019923, 41.7419285], [-88.1020097, 41.7418753], [-88.1020226, 41.7418034], [-88.1020302, 41.7417145], [-88.1020241, 41.7416647], [-88.1019961, 41.7415815], [-88.1019558, 41.7415215], [-88.101905, 41.7414705], [-88.1018405, 41.7414168], [-88.1017662, 41.7413715], [-88.1016798, 41.7413324], [-88.1015894, 41.7413069], [-88.1014764, 41.7412917], [-88.1013536, 41.7412786], [-88.1012571, 41.7412622], [-88.1011441, 41.741235], [-88.1010386, 41.7412073], [-88.1009347, 41.7411807], [-88.1007959, 41.7411247], [-88.1005155, 41.7410101], [-88.1004856, 41.7409979]]}}, {"type": "Feature", "id": 1075625145, "properties": {"osm_id": 1075625145, "osm_type": "way", "crossing": "unmarked", "highway": "footway"}, "geometry": {"type": "LineString", "coordinates": [[-88.1004856, 41.7409979], [-88.1004253, 41.7409712], [-88.1003741, 41.7409486]]}}, {"type": "Feature", "id": 1075625146, "properties": {"osm_id": 1075625146, "osm_type": "way", "highway": "footway"}, "geometry": {"type": "LineString", "coordinates": [[-88.1003741, 41.7409486], [-88.1003438, 41.7409367], [-88.1001912, 41.7408767], [-88.1000016, 41.7407986], [-88.0997156, 41.7406814], [-88.0995486, 41.7406175]]}}, {"type": "Feature", "id": 1075625147, "properties": {"osm_id": 1075625147, "osm_type": "way", "highway": "footway"}, "geometry": {"type": "LineString", "coordinates": [[-88.099453, 41.7407454], [-88.0997546, 41.740862], [-88.1000221, 41.7409797], [-88.1002547, 41.7410693], [-88.1003104, 41.7410907], [-88.1004168, 41.7411343], [-88.1006032, 41.7412106], [-88.1008338, 41.7413005], [-88.1009403, 41.7413356], [-88.101066, 41.7413713], [-88.1011692, 41.7413951], [-88.1012951, 41.7414188], [-88.1013801, 41.7414285], [-88.1014673, 41.7414381], [-88.1015447, 41.7414511], [-88.1016259, 41.7414777], [-88.1016889, 41.74151], [-88.1017382, 41.7415479], [-88.1017776, 41.7415858], [-88.1018087, 41.7416277], [-88.1018285, 41.741669], [-88.1018368, 41.7417087], [-88.1018436, 41.7417608], [-88.1018368, 41.7418083], [-88.1018224, 41.7418558], [-88.1017905, 41.7419079], [-88.1017518, 41.7419492], [-88.1017052, 41.7419945], [-88.1014533, 41.742196], [-88.1012183, 41.7423887], [-88.1009846, 41.7425787], [-88.1007623, 41.7427638], [-88.1006903, 41.7428187], [-88.1006341, 41.7428476], [-88.1005568, 41.7428776], [-88.1004915, 41.7428957], [-88.1003669, 41.7429195], [-88.1002614, 41.7429183], [-88.1001795, 41.7429087], [-88.1000877, 41.7428917], [-88.1000027, 41.7428612], [-88.0998056, 41.7427814], [-88.0995756, 41.7426852], [-88.0993642, 41.7426012], [-88.0993356, 41.7425888]]}}, {"type": "Feature", "id": 1075625148, "properties": {"osm_id": 1075625148, "osm_type": "way", "highway": "footway"}, "geometry": {"type": "LineString", "coordinates": [[-88.1004168, 41.7411343], [-88.1004419, 41.7411015]]}}, {"type": "Feature", "id": 1075625149, "properties": {"osm_id": 1075625149, "osm_type": "way", "crossing": "unmarked", "highway": "footway"}, "geometry": {"type": "LineString", "coordinates": [[-88.1004419, 41.7411015], [-88.1004715, 41.7410647], [-88.1004987, 41.7410309]]}}, {"type": "Feature", "id": 1075625150, "properties": {"osm_id": 1075625150, "osm_type": "way", "crossing": "unmarked", "highway": "footway"}, "geometry": {"type": "LineString", "coordinates": [[-88.1003293, 41.7409618], [-88.1003046, 41.7409974], [-88.1002547, 41.7410693]]}}, {"type": "Feature", "id": 1075625151, "properties": {"osm_id": 1075625151, "osm_type": "way", "highway": "footway"}, "geometry": {"type": "LineString", "coordinates": [[-88.1003293, 41.7409618], [-88.1003438, 41.7409367], [-88.1004488, 41.740792], [-88.1005641, 41.7406306], [-88.1006134, 41.7405644], [-88.1006802, 41.7404784], [-88.1007197, 41.7404365], [-88.1007712, 41.7404053], [-88.100838, 41.7403697], [-88.1009025, 41.7403504], [-88.1009753, 41.7403363], [-88.1010641, 41.740325], [-88.1011574, 41.740325], [-88.1014662, 41.7403499], [-88.1015466, 41.740355], [-88.1015822, 41.7403521], [-88.1016111, 41.7403436], [-88.1016382, 41.7403295], [-88.1016784, 41.7403119], [-88.1017179, 41.7403006], [-88.1017611, 41.7402944], [-88.1018028, 41.7402955], [-88.1018355, 41.7403057], [-88.101878, 41.7403233], [-88.1019098, 41.7403414], [-88.1019318, 41.7403663], [-88.10195, 41.7403969], [-88.1019591, 41.7404257], [-88.1019597, 41.7404459], [-88.1019553, 41.740475], [-88.1019349, 41.7405106], [-88.1019053, 41.7405401], [-88.1018704, 41.7405605], [-88.1018309, 41.7405729], [-88.1017869, 41.7405791], [-88.1017444, 41.7405786], [-88.1017004, 41.7405695], [-88.1016579, 41.740552], [-88.1016261, 41.7405282], [-88.1016033, 41.7405016], [-88.1013742, 41.7404874], [-88.1011011, 41.7404699], [-88.1010336, 41.7404733], [-88.1009721, 41.7404829], [-88.1009243, 41.740501], [-88.1008781, 41.7405293], [-88.1008348, 41.7405719], [-88.1007066, 41.740743], [-88.1005155, 41.7410101], [-88.1004987, 41.7410309]]}}, {"type": "Feature", "id": 1075625152, "properties": {"osm_id": 1075625152, "osm_type": "way", "crossing": "unmarked", "highway": "footway"}, "geometry": {"type": "LineString", "coordinates": [[-88.1016033, 41.7405016], [-88.1016188, 41.7404253], [-88.1016382, 41.7403295]]}}, {"type": "Feature", "id": 1075863311, "properties": {"osm_id": 1075863311, "osm_type": "way", "highway": "footway"}, "geometry": {"type": "LineString", "coordinates": [[-88.0953466, 41.7384018], [-88.0952744, 41.738135], [-88.0951859, 41.7377984], [-88.0951429, 41.7376157], [-88.0951318, 41.7375686], [-88.0951174, 41.7374811], [-88.095112, 41.7374212], [-88.0951156, 41.7373599], [-88.0951273, 41.7372893], [-88.0951462, 41.737224], [-88.0951715, 41.73716], [-88.0952076, 41.7370954], [-88.0952482, 41.7370328], [-88.095305, 41.7369749], [-88.0953763, 41.7369109], [-88.0955205, 41.7367949]]}}, {"type": "Feature", "id": 1075863312, "properties": {"osm_id": 1075863312, "osm_type": "way", "crossing": "unmarked", "highway": "footway"}, "geometry": {"type": "LineString", "coordinates": [[-88.0955205, 41.7367949], [-88.0955866, 41.7367413], [-88.0956334, 41.7367049]]}}, {"type": "Feature", "id": 1075863313, "properties": {"osm_id": 1075863313, "osm_type": "way", "highway": "footway"}, "geometry": {"type": "LineString", "coordinates": [[-88.0956334, 41.7367049], [-88.0956542, 41.7366877], [-88.0958021, 41.7365655], [-88.0960042, 41.7364053], [-88.0962171, 41.7362397], [-88.0963092, 41.7361636], [-88.0963579, 41.7361286], [-88.0964102, 41.7360963], [-88.0964743, 41.736064], [-88.0965446, 41.7360297], [-88.0966069, 41.7360047], [-88.0967016, 41.7359738], [-88.0967819, 41.7359522], [-88.0968586, 41.7359381], [-88.0969452, 41.7359287], [-88.0970336, 41.7359226], [-88.097159, 41.7359273], [-88.0973791, 41.7359448], [-88.0975091, 41.7359569], [-88.0977292, 41.7359765], [-88.0978438, 41.7359798], [-88.0979123, 41.7359785], [-88.0979421, 41.7359765], [-88.0979737, 41.7359745]]}}, {"type": "Feature", "id": 1075863314, "properties": {"osm_id": 1075863314, "osm_type": "way", "crossing": "unmarked", "highway": "footway"}, "geometry": {"type": "LineString", "coordinates": [[-88.0979737, 41.7359745], [-88.098036, 41.7359676], [-88.0980955, 41.735961]]}}, {"type": "Feature", "id": 1075863315, "properties": {"osm_id": 1075863315, "osm_type": "way", "highway": "footway"}, "geometry": {"type": "LineString", "coordinates": [[-88.0980955, 41.735961], [-88.0981347, 41.7359514], [-88.0981613, 41.7359448], [-88.0982434, 41.7359226], [-88.0983287, 41.7358977], [-88.0984207, 41.7358667], [-88.0984965, 41.7358324], [-88.0985705, 41.7358068], [-88.0986259, 41.7357833]]}}, {"type": "Feature", "id": 1075863316, "properties": {"osm_id": 1075863316, "osm_type": "way", "highway": "footway"}, "geometry": {"type": "LineString", "coordinates": [[-88.0985348, 41.7356523], [-88.0983314, 41.7357328], [-88.0982421, 41.7357678], [-88.0981492, 41.7357954], [-88.0980589, 41.7358142], [-88.0979669, 41.7358277], [-88.0978884, 41.7358351], [-88.0978172, 41.7358358], [-88.0977324, 41.7358344], [-88.097643, 41.7358263], [-88.0975501, 41.7358169], [-88.0974545, 41.7358075], [-88.0974057, 41.7358058], [-88.0973751, 41.7358048]]}}, {"type": "Feature", "id": 1075863317, "properties": {"osm_id": 1075863317, "osm_type": "way", "crossing": "unmarked", "highway": "footway"}, "geometry": {"type": "LineString", "coordinates": [[-88.0973751, 41.7358048], [-88.0973095, 41.7357998], [-88.0972334, 41.735794]]}}, {"type": "Feature", "id": 1075863318, "properties": {"osm_id": 1075863318, "osm_type": "way", "highway": "footway"}, "geometry": {"type": "LineString", "coordinates": [[-88.0972334, 41.735794], [-88.0972004, 41.7357895], [-88.0971649, 41.7357846], [-88.0970729, 41.7357819], [-88.0969908, 41.7357833], [-88.0969186, 41.735788], [-88.0968554, 41.7357947], [-88.096786, 41.7358048], [-88.0967129, 41.7358203], [-88.096629, 41.7358412], [-88.0965496, 41.7358681], [-88.0964585, 41.7359017], [-88.0963791, 41.7359354], [-88.0963186, 41.735967], [-88.0962618, 41.7360034], [-88.0961959, 41.7360451], [-88.0961454, 41.7360842], [-88.0960958, 41.7361253], [-88.0960164, 41.7361899], [-88.0959172, 41.7362747], [-88.0957196, 41.7364262], [-88.0955409, 41.7365642], [-88.0955123, 41.7365871], [-88.0953755, 41.7366962], [-88.095347, 41.736719], [-88.0952171, 41.7368241], [-88.0951503, 41.7368878], [-88.0950827, 41.7369641], [-88.0950394, 41.73702], [-88.0950096, 41.7370691], [-88.0949771, 41.7371297], [-88.0949464, 41.7372011], [-88.0949275, 41.7372886], [-88.094914, 41.7373923], [-88.0949068, 41.7374791], [-88.0949122, 41.7375249], [-88.0949501, 41.7376185]]}}, {"type": "Feature", "id": 1075863319, "properties": {"osm_id": 1075863319, "osm_type": "way", "crossing": "uncontrolled", "highway": "footway"}, "geometry": {"type": "LineString", "coordinates": [[-88.0949501, 41.7376185], [-88.0949613, 41.7376774], [-88.0949735, 41.7377417]]}}, {"type": "Feature", "id": 1075863320, "properties": {"osm_id": 1075863320, "osm_type": "way", "highway": "footway"}, "geometry": {"type": "LineString", "coordinates": [[-88.0949735, 41.7377417], [-88.0949766, 41.7377554], [-88.0949925, 41.7378258], [-88.0950484, 41.7380621], [-88.0951061, 41.7382762], [-88.0951134, 41.7383119], [-88.0951061, 41.7383502], [-88.0951025, 41.7383933], [-88.0951101, 41.7384265]]}}, {"type": "Feature", "id": 1075863321, "properties": {"osm_id": 1075863321, "osm_type": "way", "crossing": "unmarked", "highway": "footway"}, "geometry": {"type": "LineString", "coordinates": [[-88.0949501, 41.7376185], [-88.0950383, 41.7376172], [-88.0951429, 41.7376157]]}}, {"type": "Feature", "id": 1075863322, "properties": {"osm_id": 1075863322, "osm_type": "way", "highway": "footway"}, "geometry": {"type": "LineString", "coordinates": [[-88.0955123, 41.7365871], [-88.0955323, 41.7365996]]}}, {"type": "Feature", "id": 1075863323, "properties": {"osm_id": 1075863323, "osm_type": "way", "crossing": "unmarked", "highway": "footway"}, "geometry": {"type": "LineString", "coordinates": [[-88.0955323, 41.7365996], [-88.0955763, 41.7366322], [-88.0956377, 41.7366777]]}}, {"type": "Feature", "id": 1075863324, "properties": {"osm_id": 1075863324, "osm_type": "way", "crossing": "unmarked", "highway": "footway"}, "geometry": {"type": "LineString", "coordinates": [[-88.0955205, 41.7367949], [-88.0954428, 41.7367385], [-88.0953755, 41.7366962]]}}, {"type": "Feature", "id": 1075863325, "properties": {"osm_id": 1075863325, "osm_type": "way", "highway": "footway"}, "geometry": {"type": "LineString", "coordinates": [[-88.0986528, 41.7384159], [-88.0987296, 41.7382134], [-88.0987918, 41.7380565], [-88.0988434, 41.7379241], [-88.0988654, 41.7378794], [-88.098892, 41.7378358], [-88.0989269, 41.7377894], [-88.098958, 41.7377475], [-88.0990164, 41.737696], [-88.0990648, 41.737655], [-88.0990953, 41.7376292], [-88.0991658, 41.7375856], [-88.0992789, 41.7375148], [-88.0993691, 41.7374554], [-88.0995201, 41.7373575], [-88.0997272, 41.7372267], [-88.0998441, 41.7371576], [-88.0998585, 41.7371237], [-88.0998661, 41.7370925], [-88.0998835, 41.7370642], [-88.0999093, 41.7370393], [-88.0999518, 41.7370167], [-88.099992, 41.7370008], [-88.100036, 41.7369946], [-88.1000792, 41.7369968], [-88.1001149, 41.7370031], [-88.1001422, 41.7370127], [-88.1001756, 41.737028], [-88.1001926, 41.7370405], [-88.100212, 41.7370625], [-88.1002264, 41.737084], [-88.1002378, 41.7371112], [-88.1002385, 41.7371497], [-88.100231, 41.737178], [-88.1002181, 41.7372057], [-88.10019, 41.7372335], [-88.1001498, 41.7372561], [-88.1000997, 41.737272], [-88.1000565, 41.7372788], [-88.1000102, 41.7372782], [-88.09997, 41.737281], [-88.099926, 41.7372878], [-88.099709, 41.7374327], [-88.0994617, 41.737589], [-88.0993527, 41.7376557], [-88.0993312, 41.7376688]]}}, {"type": "Feature", "id": 1075863326, "properties": {"osm_id": 1075863326, "osm_type": "way", "crossing": "unmarked", "highway": "footway"}, "geometry": {"type": "LineString", "coordinates": [[-88.0993312, 41.7376688], [-88.0992852, 41.7377012], [-88.0992371, 41.737735]]}}, {"type": "Feature", "id": 1075863327, "properties": {"osm_id": 1075863327, "osm_type": "way", "highway": "footway"}, "geometry": {"type": "LineString", "coordinates": [[-88.0992371, 41.737735], [-88.0992113, 41.7377588], [-88.0991749, 41.7377396], [-88.0991522, 41.7377786], [-88.0991112, 41.7378347], [-88.0990611, 41.7379088], [-88.0990217, 41.7379722], [-88.0989951, 41.7380424], [-88.0989382, 41.7381998], [-88.0988426, 41.7384635]]}}, {"type": "Feature", "id": 1075863328, "properties": {"osm_id": 1075863328, "osm_type": "way", "highway": "footway"}, "geometry": {"type": "LineString", "coordinates": [[-88.0990648, 41.737655], [-88.0990982, 41.7376759]]}}, {"type": "Feature", "id": 1075863329, "properties": {"osm_id": 1075863329, "osm_type": "way", "crossing": "unmarked", "highway": "footway"}, "geometry": {"type": "LineString", "coordinates": [[-88.0990982, 41.7376759], [-88.0991283, 41.7377009], [-88.0991749, 41.7377396]]}}, {"type": "Feature", "id": 1075863330, "properties": {"osm_id": 1075863330, "osm_type": "way", "highway": "footway"}, "geometry": {"type": "LineString", "coordinates": [[-88.099926, 41.7372878], [-88.0998819, 41.7372955], [-88.0998485, 41.7372971]]}}, {"type": "Feature", "id": 1075863331, "properties": {"osm_id": 1075863331, "osm_type": "way", "highway": "footway"}, "geometry": {"type": "LineString", "coordinates": [[-88.0998441, 41.7371576], [-88.0998462, 41.7371902]]}}, {"type": "Feature", "id": 1075863332, "properties": {"osm_id": 1075863332, "osm_type": "way", "crossing": "unmarked", "highway": "footway"}, "geometry": {"type": "LineString", "coordinates": [[-88.0998485, 41.7372971], [-88.0998474, 41.7372447], [-88.0998462, 41.7371902]]}}, {"type": "Feature", "id": 1075863333, "properties": {"osm_id": 1075863333, "osm_type": "way", "highway": "footway"}, "geometry": {"type": "LineString", "coordinates": [[-88.0992113, 41.7377588], [-88.0992969, 41.7378094], [-88.0993492, 41.7378394], [-88.0994061, 41.7378672], [-88.0994691, 41.7378921], [-88.0995347, 41.7379125], [-88.0995958, 41.7379289], [-88.099708, 41.7379521], [-88.1000634, 41.7380257], [-88.100452, 41.7381055], [-88.1005415, 41.7381242], [-88.100631, 41.7381474], [-88.1006953, 41.7381674], [-88.100713, 41.7381729], [-88.1007354, 41.7381804], [-88.100782, 41.7381961], [-88.1008457, 41.738225], [-88.1009087, 41.7382601], [-88.1009686, 41.7382957], [-88.1010286, 41.738341], [-88.1010802, 41.7383835], [-88.1011249, 41.7384282], [-88.1011629, 41.7384797], [-88.1011978, 41.7385324], [-88.1012283, 41.7385915]]}}, {"type": "Feature", "id": 1075863334, "properties": {"osm_id": 1075863334, "osm_type": "way", "highway": "footway"}, "geometry": {"type": "LineString", "coordinates": [[-88.1014057, 41.7385401], [-88.1013753, 41.7384752], [-88.101329, 41.7383999], [-88.1012736, 41.7383297], [-88.1012122, 41.7382737], [-88.1011363, 41.7382131], [-88.1010824, 41.7381735], [-88.1010134, 41.7381372], [-88.1009413, 41.7381101], [-88.1008656, 41.7380831], [-88.1008602, 41.7380812], [-88.1008797, 41.7380571], [-88.1009413, 41.737981], [-88.1010225, 41.7378717], [-88.101062, 41.7378638], [-88.1011029, 41.7378565], [-88.1011409, 41.7378395], [-88.1011692, 41.7378174], [-88.101197, 41.7377885], [-88.1012107, 41.7377557], [-88.1012213, 41.7377257], [-88.1012152, 41.7376878], [-88.1012, 41.7376589], [-88.1011704, 41.7376277], [-88.1011439, 41.7376096], [-88.1011126, 41.7375962], [-88.101068, 41.7375853], [-88.1010293, 41.737583], [-88.1009853, 41.7375847], [-88.1009466, 41.7375943], [-88.1009095, 41.7376113], [-88.1008806, 41.7376311], [-88.1008609, 41.7376521], [-88.1008465, 41.7376764], [-88.1008359, 41.7377053], [-88.1008374, 41.7377359], [-88.1008435, 41.7377676], [-88.100848, 41.7378055], [-88.1007547, 41.7379244], [-88.1006963, 41.7380065], [-88.1004361, 41.737951], [-88.1001212, 41.737887], [-88.0998155, 41.7378236], [-88.099682, 41.737793], [-88.0996084, 41.7377749], [-88.0995492, 41.7377551], [-88.0995022, 41.7377393], [-88.0994468, 41.7377132], [-88.0994096, 41.7376917], [-88.0993527, 41.7376557]]}}, {"type": "Feature", "id": 1075863335, "properties": {"osm_id": 1075863335, "osm_type": "way", "highway": "footway"}, "geometry": {"type": "LineString", "coordinates": [[-88.1006743, 41.7380349], [-88.1006963, 41.7380065], [-88.1007356, 41.7380149]]}}, {"type": "Feature", "id": 1075863336, "properties": {"osm_id": 1075863336, "osm_type": "way", "highway": "footway"}, "geometry": {"type": "LineString", "coordinates": [[-88.1008797, 41.7380571], [-88.1008491, 41.7380454]]}}, {"type": "Feature", "id": 1075863337, "properties": {"osm_id": 1075863337, "osm_type": "way", "crossing": "unmarked", "highway": "footway"}, "geometry": {"type": "LineString", "coordinates": [[-88.1008491, 41.7380454], [-88.1007821, 41.7380274], [-88.1007356, 41.7380149]]}}, {"type": "Feature", "id": 1075863338, "properties": {"osm_id": 1075863338, "osm_type": "way", "crossing": "unmarked", "highway": "footway"}, "geometry": {"type": "LineString", "coordinates": [[-88.1006743, 41.7380349], [-88.1006926, 41.738078], [-88.1007152, 41.7381311], [-88.1006953, 41.7381674]]}}, {"type": "Feature", "id": 1075863339, "properties": {"osm_id": 1075863339, "osm_type": "way", "crossing": "unmarked", "highway": "footway"}, "geometry": {"type": "LineString", "coordinates": [[-88.1008602, 41.7380812], [-88.1008129, 41.7381142], [-88.100756, 41.7381478], [-88.1007354, 41.7381804]]}}, {"type": "Feature", "id": 1075863340, "properties": {"osm_id": 1075863340, "osm_type": "way", "highway": "footway"}, "geometry": {"type": "LineString", "coordinates": [[-88.0979421, 41.7359765], [-88.0979692, 41.7361093], [-88.0980062, 41.7362614], [-88.098054, 41.7364681], [-88.0980892, 41.7366088], [-88.0981, 41.7366768], [-88.0981072, 41.7367259], [-88.0981056, 41.7367658], [-88.0981045, 41.7367933], [-88.0980964, 41.7368606], [-88.0980765, 41.7369259], [-88.0980468, 41.737004], [-88.0979538, 41.7372383], [-88.0978826, 41.7374281], [-88.0978817, 41.7374503]]}}, {"type": "Feature", "id": 1075863341, "properties": {"osm_id": 1075863341, "osm_type": "way", "crossing": "unmarked", "highway": "footway"}, "geometry": {"type": "LineString", "coordinates": [[-88.0978817, 41.7374503], [-88.0978719, 41.737493], [-88.0978591, 41.7375493]]}}, {"type": "Feature", "id": 1075863342, "properties": {"osm_id": 1075863342, "osm_type": "way", "highway": "footway"}, "geometry": {"type": "LineString", "coordinates": [[-88.0978591, 41.7375493], [-88.0978275, 41.7375641], [-88.097786, 41.7377169], [-88.0977644, 41.7378347], [-88.0977292, 41.7380091], [-88.0977048, 41.7381296], [-88.0976873, 41.7382266]]}}, {"type": "Feature", "id": 1075863343, "properties": {"osm_id": 1075863343, "osm_type": "way", "highway": "footway"}, "geometry": {"type": "LineString", "coordinates": [[-88.0978809, 41.7382466], [-88.0979205, 41.7380401], [-88.0979647, 41.7378058], [-88.0979935, 41.7376732], [-88.0980242, 41.7375749], [-88.0980282, 41.7375651], [-88.0980692, 41.7374641], [-88.0980783, 41.7374416], [-88.0981307, 41.7372941], [-88.0982136, 41.7370895], [-88.0982632, 41.7369622], [-88.0982813, 41.7369091], [-88.0982912, 41.7368613], [-88.0982975, 41.7368108], [-88.0982979, 41.7367874], [-88.0982984, 41.7367522]]}}, {"type": "Feature", "id": 1075863344, "properties": {"osm_id": 1075863344, "osm_type": "way", "crossing": "unmarked", "highway": "footway"}, "geometry": {"type": "LineString", "coordinates": [[-88.0982984, 41.7367522], [-88.0982979, 41.7367063], [-88.0982975, 41.7366714]]}}, {"type": "Feature", "id": 1075863345, "properties": {"osm_id": 1075863345, "osm_type": "way", "highway": "footway"}, "geometry": {"type": "LineString", "coordinates": [[-88.0982975, 41.7366714], [-88.0982926, 41.7366433], [-88.0982849, 41.7365987], [-88.0982506, 41.7364506], [-88.0981829, 41.7361665], [-88.0981631, 41.7360776], [-88.0981478, 41.7360083], [-88.0981347, 41.7359514]]}}, {"type": "Feature", "id": 1075863346, "properties": {"osm_id": 1075863346, "osm_type": "way", "highway": "footway"}, "geometry": {"type": "LineString", "coordinates": [[-88.0981056, 41.7367658], [-88.098149, 41.7367715]]}}, {"type": "Feature", "id": 1075863347, "properties": {"osm_id": 1075863347, "osm_type": "way", "crossing": "unmarked", "highway": "footway"}, "geometry": {"type": "LineString", "coordinates": [[-88.098149, 41.7367715], [-88.0981925, 41.7367764], [-88.0982587, 41.7367838]]}}, {"type": "Feature", "id": 1075863348, "properties": {"osm_id": 1075863348, "osm_type": "way", "highway": "footway"}, "geometry": {"type": "LineString", "coordinates": [[-88.0982587, 41.7367838], [-88.0982979, 41.7367874], [-88.0984213, 41.7367851], [-88.0986444, 41.73678], [-88.0987506, 41.7367755], [-88.0988439, 41.7367613], [-88.0989379, 41.7367381], [-88.0990639, 41.7367064], [-88.0991564, 41.7366826], [-88.0991974, 41.7366719], [-88.099224, 41.7366549], [-88.0992482, 41.7366374], [-88.0992626, 41.7366124], [-88.0992778, 41.7365802], [-88.0992816, 41.7365513], [-88.0992801, 41.736519], [-88.0992672, 41.7364919], [-88.0992437, 41.736467], [-88.0992209, 41.7364425], [-88.099202, 41.7364285], [-88.0991488, 41.7364126], [-88.0991011, 41.7364041], [-88.0990624, 41.7364058], [-88.0990214, 41.7364132], [-88.0989918, 41.736429], [-88.0989599, 41.7364545], [-88.098925, 41.7364902], [-88.0988795, 41.7365485], [-88.098853, 41.7365824], [-88.0988279, 41.7366023], [-88.0988044, 41.7366153], [-88.0987673, 41.7366238], [-88.0987202, 41.7366294], [-88.0986352, 41.7366345], [-88.0984077, 41.7366362], [-88.09835, 41.7366385], [-88.0982926, 41.7366433]]}}, {"type": "Feature", "id": 1075863349, "properties": {"osm_id": 1075863349, "osm_type": "way", "highway": "footway"}, "geometry": {"type": "LineString", "coordinates": [[-88.0978275, 41.7375641], [-88.0975303, 41.7374993], [-88.0974618, 41.7374872], [-88.0974031, 41.7374831], [-88.0973373, 41.7374845], [-88.0972392, 41.7374966], [-88.096869, 41.7375403], [-88.0967824, 41.7375484], [-88.0967156, 41.7375491], [-88.0966381, 41.7375457], [-88.0965722, 41.7375363], [-88.0964829, 41.7375208], [-88.0964197, 41.7375047], [-88.0963358, 41.7375861], [-88.096297, 41.7376151], [-88.0962474, 41.7376346], [-88.0961942, 41.7376433], [-88.0961527, 41.7376413], [-88.0960968, 41.7376272], [-88.0960534, 41.737607], [-88.0960228, 41.7375807], [-88.096002, 41.7375491], [-88.0959948, 41.7375215], [-88.0959966, 41.7374851], [-88.0960083, 41.7374555], [-88.0960291, 41.7374259], [-88.0961013, 41.7373438], [-88.0960255, 41.7372596], [-88.0959768, 41.7372044], [-88.0959497, 41.7371653], [-88.0958947, 41.737096], [-88.0958486, 41.7370354], [-88.0958018, 41.7369896], [-88.0957467, 41.7369499], [-88.0955205, 41.7367949]]}}, {"type": "Feature", "id": 1075863350, "properties": {"osm_id": 1075863350, "osm_type": "way", "highway": "footway"}, "geometry": {"type": "LineString", "coordinates": [[-88.0964197, 41.7375047], [-88.0964197, 41.7374872]]}}, {"type": "Feature", "id": 1075863351, "properties": {"osm_id": 1075863351, "osm_type": "way", "highway": "footway"}, "geometry": {"type": "LineString", "coordinates": [[-88.0961013, 41.7373438], [-88.0961247, 41.7373411]]}}, {"type": "Feature", "id": 1075863352, "properties": {"osm_id": 1075863352, "osm_type": "way", "crossing": "unmarked", "highway": "footway"}, "geometry": {"type": "LineString", "coordinates": [[-88.0961247, 41.7373411], [-88.0961849, 41.7372975], [-88.0962194, 41.7372724]]}}, {"type": "Feature", "id": 1075863353, "properties": {"osm_id": 1075863353, "osm_type": "way", "highway": "footway"}, "geometry": {"type": "LineString", "coordinates": [[-88.0962194, 41.7372724], [-88.0962528, 41.7372502]]}}, {"type": "Feature", "id": 1075863354, "properties": {"osm_id": 1075863354, "osm_type": "way", "crossing": "unmarked", "highway": "footway"}, "geometry": {"type": "LineString", "coordinates": [[-88.0961247, 41.7373411], [-88.0962161, 41.7374028], [-88.0962542, 41.7374213], [-88.096302, 41.7374444], [-88.0964197, 41.7374872]]}}, {"type": "Feature", "id": 1075863355, "properties": {"osm_id": 1075863355, "osm_type": "way", "highway": "footway"}, "geometry": {"type": "LineString", "coordinates": [[-88.0956377, 41.7366777], [-88.0956542, 41.7366877], [-88.0957594, 41.7367633], [-88.0958648, 41.7368375], [-88.0959301, 41.7368845], [-88.0959741, 41.7369201], [-88.096015, 41.736962], [-88.0960507, 41.7370084], [-88.0961584, 41.7371483], [-88.0962002, 41.7371975], [-88.096235, 41.7372298], [-88.0962528, 41.7372502], [-88.0963056, 41.7372864], [-88.0963663, 41.7373215], [-88.096427, 41.7373492], [-88.0964953, 41.737373], [-88.0965696, 41.7373894], [-88.0966485, 41.7374008], [-88.0967191, 41.737403], [-88.0967881, 41.7374025], [-88.0969527, 41.7373804], [-88.097084, 41.7373674], [-88.0971067, 41.7373787]]}}, {"type": "Feature", "id": 1075863356, "properties": {"osm_id": 1075863356, "osm_type": "way", "crossing": "unmarked", "highway": "footway"}, "geometry": {"type": "LineString", "coordinates": [[-88.0971067, 41.7373787], [-88.0971844, 41.7373696], [-88.0972615, 41.7373606]]}}, {"type": "Feature", "id": 1075863357, "properties": {"osm_id": 1075863357, "osm_type": "way", "highway": "footway"}, "geometry": {"type": "LineString", "coordinates": [[-88.0972615, 41.7373606], [-88.0972789, 41.7373464], [-88.0973533, 41.737339], [-88.0974064, 41.7373379], [-88.0974618, 41.7373407], [-88.0975088, 41.7373464], [-88.0975998, 41.7373628], [-88.0978826, 41.7374281], [-88.0979147, 41.7374325]]}}, {"type": "Feature", "id": 1075863358, "properties": {"osm_id": 1075863358, "osm_type": "way", "crossing": "unmarked", "highway": "footway"}, "geometry": {"type": "LineString", "coordinates": [[-88.0979147, 41.7374325], [-88.0979663, 41.7374426], [-88.0980239, 41.737454]]}}, {"type": "Feature", "id": 1075863359, "properties": {"osm_id": 1075863359, "osm_type": "way", "highway": "footway"}, "geometry": {"type": "LineString", "coordinates": [[-88.0980239, 41.737454], [-88.0980692, 41.7374641]]}}, {"type": "Feature", "id": 1075863360, "properties": {"osm_id": 1075863360, "osm_type": "way", "crossing": "unmarked", "highway": "footway"}, "geometry": {"type": "LineString", "coordinates": [[-88.0978591, 41.7375493], [-88.0979274, 41.7375557], [-88.0980282, 41.7375651]]}}, {"type": "Feature", "id": 1075863361, "properties": {"osm_id": 1075863361, "osm_type": "way", "highway": "footway"}, "geometry": {"type": "LineString", "coordinates": [[-88.0972789, 41.7373464], [-88.0972462, 41.7371886], [-88.0972082, 41.7370029], [-88.0971915, 41.7369141], [-88.097231, 41.7367714], [-88.0972386, 41.7367408], [-88.0972386, 41.7367148], [-88.097234, 41.7366876], [-88.0972226, 41.7366604], [-88.0972014, 41.736635], [-88.0971688, 41.736614], [-88.0971354, 41.7365959], [-88.0970914, 41.7365863], [-88.0970406, 41.7365834], [-88.0969943, 41.736588], [-88.0969518, 41.7366004], [-88.0969146, 41.7366231], [-88.0968873, 41.7366491], [-88.0968706, 41.7366814], [-88.0968623, 41.7367063], [-88.096863, 41.7367397], [-88.0968699, 41.7367703], [-88.0968858, 41.736798], [-88.0969624, 41.7369005], [-88.0969943, 41.7369429], [-88.0970064, 41.7369792], [-88.0970155, 41.7370143], [-88.0970626, 41.7372407], [-88.097084, 41.7373674]]}}, {"type": "Feature", "id": 1075863362, "properties": {"osm_id": 1075863362, "osm_type": "way", "highway": "footway"}, "geometry": {"type": "LineString", "coordinates": [[-88.0949766, 41.7377554], [-88.0946461, 41.7377958], [-88.094546, 41.7378105], [-88.0944739, 41.737827], [-88.0943905, 41.7378536], [-88.0941348, 41.7379334], [-88.0940567, 41.7379543], [-88.0939793, 41.7379702], [-88.0939134, 41.7379749], [-88.0938776, 41.7379775], [-88.093805, 41.7379801], [-88.0937016, 41.7379838], [-88.0932988, 41.7379928], [-88.0928021, 41.7380017], [-88.0926979, 41.7380036], [-88.0926056, 41.7380058], [-88.0921183, 41.7380177], [-88.0915129, 41.7380291], [-88.0911162, 41.7380381], [-88.0910494, 41.7380364], [-88.0909978, 41.7380291], [-88.0909667, 41.7380183], [-88.0909394, 41.7380041], [-88.0909174, 41.7379826], [-88.0908962, 41.7379538], [-88.090881, 41.7379238], [-88.090881, 41.7378966], [-88.0908848, 41.7378649], [-88.0908962, 41.7378411], [-88.0909128, 41.7378196], [-88.0909303, 41.7377992], [-88.0909591, 41.7377805], [-88.090994, 41.7377681], [-88.0910289, 41.7377602], [-88.0910638, 41.7377579], [-88.091101, 41.7377596], [-88.0911404, 41.7377653], [-88.09117, 41.7377766], [-88.0912686, 41.7378258], [-88.0913271, 41.7378502], [-88.0914075, 41.7378785], [-88.091431, 41.7378847], [-88.0914606, 41.7378858], [-88.0919302, 41.7378745], [-88.0925275, 41.7378621], [-88.0926002, 41.7378598], [-88.092639, 41.7378587]]}}, {"type": "Feature", "id": 1075863363, "properties": {"osm_id": 1075863363, "osm_type": "way", "crossing": "unmarked", "highway": "footway"}, "geometry": {"type": "LineString", "coordinates": [[-88.092639, 41.7378587], [-88.0926964, 41.7378584], [-88.0927597, 41.7378581]]}}, {"type": "Feature", "id": 1075863364, "properties": {"osm_id": 1075863364, "osm_type": "way", "highway": "footway"}, "geometry": {"type": "LineString", "coordinates": [[-88.0926056, 41.7380058], [-88.0926064, 41.737973]]}}, {"type": "Feature", "id": 1075863365, "properties": {"osm_id": 1075863365, "osm_type": "way", "crossing": "unmarked", "highway": "footway"}, "geometry": {"type": "LineString", "coordinates": [[-88.0926064, 41.737973], [-88.0926035, 41.7379249], [-88.0926011, 41.7378853]]}}, {"type": "Feature", "id": 1075863366, "properties": {"osm_id": 1075863366, "osm_type": "way", "crossing": "unmarked", "highway": "footway"}, "geometry": {"type": "LineString", "coordinates": [[-88.0928021, 41.7380017], [-88.092797, 41.7379208], [-88.0927946, 41.7378813]]}}, {"type": "Feature", "id": 1075863367, "properties": {"osm_id": 1075863367, "osm_type": "way", "highway": "footway"}, "geometry": {"type": "LineString", "coordinates": [[-88.0927597, 41.7378581], [-88.0927939, 41.7378572], [-88.0930753, 41.7378502], [-88.0936215, 41.7378366], [-88.0936989, 41.7378385], [-88.093733, 41.7378394]]}}, {"type": "Feature", "id": 1075863368, "properties": {"osm_id": 1075863368, "osm_type": "way", "crossing": "unmarked", "highway": "footway"}, "geometry": {"type": "LineString", "coordinates": [[-88.093733, 41.7378394], [-88.0937939, 41.7378381], [-88.0938642, 41.7378366]]}}, {"type": "Feature", "id": 1075863369, "properties": {"osm_id": 1075863369, "osm_type": "way", "highway": "footway"}, "geometry": {"type": "LineString", "coordinates": [[-88.0939134, 41.7379749], [-88.0939082, 41.7379424]]}}, {"type": "Feature", "id": 1075863370, "properties": {"osm_id": 1075863370, "osm_type": "way", "crossing": "unmarked", "highway": "footway"}, "geometry": {"type": "LineString", "coordinates": [[-88.0939082, 41.7379424], [-88.0939021, 41.737892], [-88.0938976, 41.7378547]]}}, {"type": "Feature", "id": 1075863371, "properties": {"osm_id": 1075863371, "osm_type": "way", "highway": "footway"}, "geometry": {"type": "LineString", "coordinates": [[-88.0938642, 41.7378366], [-88.0938931, 41.7378354], [-88.0939416, 41.737827], [-88.093997, 41.7378145], [-88.0941146, 41.7377811], [-88.0942724, 41.737733], [-88.0943854, 41.7376951], [-88.0944484, 41.7376798], [-88.0945068, 41.7376679], [-88.0946123, 41.7376532], [-88.0948657, 41.7376271], [-88.0949501, 41.7376185]]}}, {"type": "Feature", "id": 1075863372, "properties": {"osm_id": 1075863372, "osm_type": "way", "crossing": "unmarked", "highway": "footway"}, "geometry": {"type": "LineString", "coordinates": [[-88.0936996, 41.7378649], [-88.0937405, 41.7378993], [-88.0937952, 41.7379453], [-88.093805, 41.7379801]]}}, {"type": "Feature", "id": 1075863373, "properties": {"osm_id": 1075863373, "osm_type": "way", "highway": "footway"}, "geometry": {"type": "LineString", "coordinates": [[-88.0926011, 41.7378853], [-88.0926002, 41.7378598], [-88.0925858, 41.7375292], [-88.092576, 41.7372286], [-88.0925623, 41.7368974], [-88.0925646, 41.7368221], [-88.0925752, 41.7367576], [-88.0925896, 41.736697], [-88.0926109, 41.7366364], [-88.0926359, 41.7365753], [-88.0926647, 41.736517], [-88.0927019, 41.7364671], [-88.0927398, 41.7364173], [-88.0927914, 41.7363618], [-88.0928377, 41.7363126], [-88.0928999, 41.7362605], [-88.0930107, 41.7361745], [-88.0930956, 41.7361065], [-88.0932254, 41.7360029], [-88.093409, 41.7358603], [-88.0935607, 41.735734], [-88.0937458, 41.7355931], [-88.0939916, 41.7353955], [-88.0941706, 41.7352517], [-88.0942273, 41.7352149], [-88.0942887, 41.7351787], [-88.0943532, 41.7351436], [-88.0944192, 41.7351187], [-88.0945034, 41.7350853], [-88.0945823, 41.7350603], [-88.0946407, 41.7350439], [-88.0947242, 41.7350252], [-88.0948235, 41.7350151], [-88.0949298, 41.7350066], [-88.0950549, 41.7350043], [-88.0950995, 41.7350032], [-88.0952695, 41.7349991], [-88.0953804, 41.7349964], [-88.0957546, 41.7349879], [-88.0962128, 41.7349777], [-88.0965914, 41.7349703], [-88.0967297, 41.7349647], [-88.0967919, 41.7349658], [-88.096867, 41.7349709], [-88.09693, 41.7349811], [-88.096995, 41.7349935], [-88.0970719, 41.735019], [-88.0971371, 41.7350456], [-88.0971879, 41.7350694], [-88.0972115, 41.7350779], [-88.0972222, 41.7350807], [-88.097238, 41.7350847], [-88.0972638, 41.7350824], [-88.0972809, 41.7350772], [-88.0972934, 41.7350734], [-88.0973928, 41.7350326], [-88.0974307, 41.7350218], [-88.0974664, 41.7350168], [-88.0975179, 41.7350083], [-88.0976052, 41.7349856], [-88.0976613, 41.7349715], [-88.0977159, 41.7349516], [-88.0977653, 41.7349347], [-88.0977979, 41.734925], [-88.0978388, 41.7349177], [-88.0978821, 41.7349165], [-88.0979193, 41.7349211], [-88.0979435, 41.734929], [-88.0979815, 41.7349415], [-88.0980073, 41.7349567], [-88.0980255, 41.7349737], [-88.0980482, 41.7350054], [-88.0980611, 41.7350354], [-88.0980604, 41.7350717], [-88.0980505, 41.7351034], [-88.098027, 41.7351362], [-88.0979944, 41.7351639], [-88.0979595, 41.7351809], [-88.0979162, 41.7351923], [-88.0978631, 41.7351968], [-88.0978229, 41.7351962], [-88.0977888, 41.7351917], [-88.0977607, 41.7351838], [-88.0977243, 41.7351679], [-88.0976886, 41.735147], [-88.097653, 41.7351305], [-88.0976272, 41.7351271], [-88.0975961, 41.7351334], [-88.0974785, 41.7351656], [-88.0974148, 41.7351877], [-88.0973526, 41.7352143], [-88.0973958, 41.7352889], [-88.0974201, 41.7353427], [-88.0974322, 41.7353902], [-88.0974368, 41.7354446], [-88.097436, 41.7355023], [-88.0974254, 41.7356206], [-88.0974057, 41.7358058]]}}, {"type": "Feature", "id": 1075863374, "properties": {"osm_id": 1075863374, "osm_type": "way", "highway": "footway"}, "geometry": {"type": "LineString", "coordinates": [[-88.0973184, 41.73523], [-88.0973526, 41.7352143], [-88.0973442, 41.735183]]}}, {"type": "Feature", "id": 1075863375, "properties": {"osm_id": 1075863375, "osm_type": "way", "crossing": "unmarked", "highway": "footway"}, "geometry": {"type": "LineString", "coordinates": [[-88.0973442, 41.735183], [-88.0973138, 41.7351403], [-88.0972919, 41.7351094]]}}, {"type": "Feature", "id": 1075863376, "properties": {"osm_id": 1075863376, "osm_type": "way", "highway": "footway"}, "geometry": {"type": "LineString", "coordinates": [[-88.0972919, 41.7351094], [-88.0972809, 41.7350772]]}}, {"type": "Feature", "id": 1075863377, "properties": {"osm_id": 1075863377, "osm_type": "way", "highway": "footway"}, "geometry": {"type": "LineString", "coordinates": [[-88.0971219, 41.7352272], [-88.0971515, 41.7351989]]}}, {"type": "Feature", "id": 1075863378, "properties": {"osm_id": 1075863378, "osm_type": "way", "crossing": "unmarked", "highway": "footway"}, "geometry": {"type": "LineString", "coordinates": [[-88.0971515, 41.7351989], [-88.0971811, 41.7351513], [-88.0972061, 41.7351111]]}}, {"type": "Feature", "id": 1075863379, "properties": {"osm_id": 1075863379, "osm_type": "way", "highway": "footway"}, "geometry": {"type": "LineString", "coordinates": [[-88.0972061, 41.7351111], [-88.0972222, 41.7350807]]}}, {"type": "Feature", "id": 1075863380, "properties": {"osm_id": 1075863380, "osm_type": "way", "crossing": "unmarked", "highway": "footway"}, "geometry": {"type": "LineString", "coordinates": [[-88.0973184, 41.73523], [-88.0972728, 41.7352512], [-88.097189, 41.73529]]}}, {"type": "Feature", "id": 1075863381, "properties": {"osm_id": 1075863381, "osm_type": "way", "highway": "footway"}, "geometry": {"type": "LineString", "coordinates": [[-88.0972004, 41.7357895], [-88.0972258, 41.7356125], [-88.0972465, 41.7354997], [-88.0972488, 41.7354505], [-88.0972427, 41.7354086], [-88.0972328, 41.735369], [-88.0972124, 41.7353242], [-88.097189, 41.73529], [-88.0971539, 41.7352523], [-88.0971219, 41.7352272], [-88.097075, 41.7351895], [-88.0970037, 41.7351561], [-88.096937, 41.7351335], [-88.0968725, 41.7351193], [-88.0967989, 41.7351125], [-88.0967117, 41.7351125], [-88.0964484, 41.7351176], [-88.0960463, 41.7351289], [-88.0955305, 41.7351403], [-88.0952777, 41.7351442], [-88.0952406, 41.7351448]]}}, {"type": "Feature", "id": 1075863382, "properties": {"osm_id": 1075863382, "osm_type": "way", "crossing": "unmarked", "highway": "footway"}, "geometry": {"type": "LineString", "coordinates": [[-88.0952748, 41.7351193], [-88.0952724, 41.7350647], [-88.0952695, 41.7349991]]}}, {"type": "Feature", "id": 1075863383, "properties": {"osm_id": 1075863383, "osm_type": "way", "highway": "footway"}, "geometry": {"type": "LineString", "coordinates": [[-88.0950995, 41.7350032], [-88.0951018, 41.7350355]]}}, {"type": "Feature", "id": 1075863384, "properties": {"osm_id": 1075863384, "osm_type": "way", "crossing": "unmarked", "highway": "footway"}, "geometry": {"type": "LineString", "coordinates": [[-88.0951018, 41.7350355], [-88.095097, 41.7350691], [-88.0950889, 41.7351255]]}}, {"type": "Feature", "id": 1075863385, "properties": {"osm_id": 1075863385, "osm_type": "way", "crossing": "unmarked", "highway": "footway"}, "geometry": {"type": "LineString", "coordinates": [[-88.0952406, 41.7351448], [-88.0951724, 41.7351467], [-88.0951223, 41.7351482]]}}, {"type": "Feature", "id": 1075863386, "properties": {"osm_id": 1075863386, "osm_type": "way", "highway": "footway"}, "geometry": {"type": "LineString", "coordinates": [[-88.0951223, 41.7351482], [-88.095084, 41.7351483], [-88.0949766, 41.7351487], [-88.0948818, 41.7351544], [-88.0947893, 41.7351646], [-88.0947013, 41.735181], [-88.0945981, 41.7352105], [-88.0945131, 41.735245], [-88.0944274, 41.7352824], [-88.0943318, 41.7353367], [-88.094262, 41.7353922], [-88.0940939, 41.7355247], [-88.0938487, 41.735718], [-88.0937015, 41.7358346], [-88.0935617, 41.7359526], [-88.0933713, 41.7360998], [-88.0931141, 41.7363065], [-88.0929737, 41.7364202], [-88.0929199, 41.7364746], [-88.0928736, 41.7365357], [-88.0928402, 41.7365878], [-88.0928106, 41.7366456], [-88.0927848, 41.7367097], [-88.0927697, 41.7367719], [-88.0927591, 41.7368416], [-88.0927575, 41.7368988], [-88.0927651, 41.737068], [-88.0927742, 41.7372922], [-88.0927818, 41.737522], [-88.0927939, 41.7378572], [-88.0927946, 41.7378813]]}}, {"type": "Feature", "id": 1075863387, "properties": {"osm_id": 1075863387, "osm_type": "way", "highway": "footway"}, "geometry": {"type": "LineString", "coordinates": [[-88.0936996, 41.7378649], [-88.0936989, 41.7378385], [-88.0936953, 41.7377092], [-88.0936826, 41.7374191], [-88.0936744, 41.7372101], [-88.0936759, 41.737149], [-88.0936873, 41.7370692], [-88.0937024, 41.7370035], [-88.0937282, 41.7369352], [-88.0937662, 41.7368574], [-88.0937996, 41.7368008], [-88.0938466, 41.7367397], [-88.0938868, 41.7366938], [-88.0939278, 41.7366514], [-88.0939741, 41.7366118], [-88.0941493, 41.7364725], [-88.0943101, 41.7363434], [-88.0944444, 41.7362325], [-88.0946083, 41.7361028], [-88.0947729, 41.7359749], [-88.0949459, 41.7358356], [-88.0949922, 41.7357965], [-88.0950293, 41.7357586], [-88.0950604, 41.7357179], [-88.0950756, 41.7356794], [-88.0950961, 41.7356199], [-88.0951006, 41.7355763], [-88.0950984, 41.7354722], [-88.095084, 41.7351483], [-88.0950889, 41.7351255]]}}, {"type": "Feature", "id": 1075863388, "properties": {"osm_id": 1075863388, "osm_type": "way", "highway": "footway"}, "geometry": {"type": "LineString", "coordinates": [[-88.0938976, 41.7378547], [-88.0938931, 41.7378354], [-88.0938885, 41.7377491], [-88.0938802, 41.7375323], [-88.0938719, 41.7372032], [-88.0938696, 41.7371455], [-88.0938787, 41.7370894], [-88.0938893, 41.7370356], [-88.0939143, 41.7369745], [-88.0939401, 41.7369241], [-88.0939803, 41.7368601], [-88.0940145, 41.7368114], [-88.0940653, 41.7367582], [-88.0941306, 41.7366988], [-88.0942481, 41.7366042], [-88.0943597, 41.7365154], [-88.0945046, 41.7364027], [-88.0946601, 41.7362731], [-88.0947823, 41.7361791], [-88.0949415, 41.7360506], [-88.0951047, 41.7359232], [-88.0951646, 41.7358729], [-88.0951964, 41.7358417], [-88.0952207, 41.7358083], [-88.0952465, 41.7357613], [-88.0952708, 41.7357109], [-88.0952844, 41.7356708], [-88.095292, 41.735613], [-88.0952951, 41.7355666], [-88.095286, 41.7353396], [-88.0952777, 41.7351442], [-88.0952748, 41.7351193]]}}, {"type": "Feature", "id": 1076440149, "properties": {"osm_id": 1076440149, "osm_type": "way", "highway": "footway"}, "geometry": {"type": "LineString", "coordinates": [[-88.0953991, 41.7459475], [-88.0950515, 41.7458631], [-88.0946825, 41.7457729], [-88.0945742, 41.7457493], [-88.0944642, 41.7457251], [-88.0943658, 41.7457049], [-88.094272, 41.7456894], [-88.0941727, 41.7456766], [-88.0940852, 41.7456713], [-88.0939959, 41.7456679], [-88.0938696, 41.7456659], [-88.0935114, 41.7456726], [-88.0931515, 41.7456793], [-88.0927018, 41.7456908], [-88.0921615, 41.7457036], [-88.0917107, 41.7457083], [-88.0911522, 41.7457197], [-88.09108, 41.7457214], [-88.0910386, 41.7457224]]}}, {"type": "Feature", "id": 1076440150, "properties": {"osm_id": 1076440150, "osm_type": "way", "crossing": "unmarked", "highway": "footway"}, "geometry": {"type": "LineString", "coordinates": [[-88.0910386, 41.7457224], [-88.0909699, 41.7457248], [-88.0909041, 41.7457271]]}}, {"type": "Feature", "id": 1076440151, "properties": {"osm_id": 1076440151, "osm_type": "way", "highway": "footway"}, "geometry": {"type": "LineString", "coordinates": [[-88.0909041, 41.7457271], [-88.090863, 41.7457279], [-88.0904837, 41.7457352], [-88.0900245, 41.7457449], [-88.0899397, 41.7457466], [-88.089445, 41.7457577], [-88.0893993, 41.7457588]]}}, {"type": "Feature", "id": 1076440152, "properties": {"osm_id": 1076440152, "osm_type": "way", "crossing": "unmarked", "highway": "footway"}, "geometry": {"type": "LineString", "coordinates": [[-88.0893993, 41.7457588], [-88.0893268, 41.7457611], [-88.089273, 41.7457628]]}}, {"type": "Feature", "id": 1076440153, "properties": {"osm_id": 1076440153, "osm_type": "way", "highway": "footway"}, "geometry": {"type": "LineString", "coordinates": [[-88.089273, 41.7457628], [-88.0892285, 41.7457638], [-88.0888562, 41.7457725], [-88.0887795, 41.7457742]]}}, {"type": "Feature", "id": 1076440154, "properties": {"osm_id": 1076440154, "osm_type": "way", "highway": "footway"}, "geometry": {"type": "LineString", "coordinates": [[-88.0888562, 41.7457725], [-88.0888562, 41.7457386]]}}, {"type": "Feature", "id": 1076440155, "properties": {"osm_id": 1076440155, "osm_type": "way", "crossing": "unmarked", "highway": "footway"}, "geometry": {"type": "LineString", "coordinates": [[-88.0888562, 41.7457386], [-88.0888522, 41.7456776], [-88.088849, 41.7456282]]}}, {"type": "Feature", "id": 1076440156, "properties": {"osm_id": 1076440156, "osm_type": "way", "highway": "footway"}, "geometry": {"type": "LineString", "coordinates": [[-88.088849, 41.7456282], [-88.0888435, 41.745606]]}}, {"type": "Feature", "id": 1076440157, "properties": {"osm_id": 1076440157, "osm_type": "way", "crossing": "unmarked", "highway": "footway"}, "geometry": {"type": "LineString", "coordinates": [[-88.0888057, 41.7456073], [-88.0887336, 41.745608]]}}, {"type": "Feature", "id": 1076440158, "properties": {"osm_id": 1076440158, "osm_type": "way", "highway": "footway"}, "geometry": {"type": "LineString", "coordinates": [[-88.0888057, 41.7456073], [-88.0888435, 41.745606], [-88.0893163, 41.7455992], [-88.0898068, 41.7455876], [-88.0898296, 41.7455871]]}}, {"type": "Feature", "id": 1076440159, "properties": {"osm_id": 1076440159, "osm_type": "way", "highway": "footway"}, "geometry": {"type": "LineString", "coordinates": [[-88.0900245, 41.7457449], [-88.0900227, 41.745713]]}}, {"type": "Feature", "id": 1076440160, "properties": {"osm_id": 1076440160, "osm_type": "way", "crossing": "unmarked", "highway": "footway"}, "geometry": {"type": "LineString", "coordinates": [[-88.0900227, 41.745713], [-88.0900232, 41.7456528], [-88.0900236, 41.7456006]]}}, {"type": "Feature", "id": 1076440161, "properties": {"osm_id": 1076440161, "osm_type": "way", "highway": "footway"}, "geometry": {"type": "LineString", "coordinates": [[-88.0900236, 41.7456006], [-88.0900236, 41.7455851]]}}, {"type": "Feature", "id": 1076440162, "properties": {"osm_id": 1076440162, "osm_type": "way", "highway": "footway"}, "geometry": {"type": "LineString", "coordinates": [[-88.0899956, 41.7455851], [-88.0900236, 41.7455851], [-88.0905108, 41.745575], [-88.0909511, 41.7455642], [-88.0916089, 41.7455494], [-88.0921539, 41.7455427], [-88.092575, 41.7455326], [-88.0930089, 41.7455225], [-88.0935755, 41.7455104], [-88.0939968, 41.7454989], [-88.0941385, 41.7454996], [-88.0942413, 41.7455023], [-88.0943415, 41.7455057], [-88.094438, 41.7455137], [-88.0945147, 41.7455265], [-88.0946331, 41.7455528], [-88.0947673, 41.7455824], [-88.0950325, 41.7456463], [-88.0954916, 41.7457571]]}}, {"type": "Feature", "id": 1076440163, "properties": {"osm_id": 1076440163, "osm_type": "way", "crossing": "unmarked", "highway": "footway"}, "geometry": {"type": "LineString", "coordinates": [[-88.0899956, 41.7455851], [-88.0899149, 41.7455861], [-88.0898296, 41.7455871]]}}, {"type": "Feature", "id": 1076440164, "properties": {"osm_id": 1076440164, "osm_type": "way", "highway": "footway"}, "geometry": {"type": "LineString", "coordinates": [[-88.0892285, 41.7457638], [-88.0892349, 41.7459754], [-88.0892412, 41.7460824], [-88.0891546, 41.7462661], [-88.0891474, 41.7462911], [-88.0891474, 41.7463193], [-88.0891564, 41.7463516], [-88.0891708, 41.7463792], [-88.0891871, 41.7464021], [-88.0892114, 41.7464237], [-88.089243, 41.7464398], [-88.0892791, 41.7464519], [-88.0893197, 41.746462], [-88.0893603, 41.7464654], [-88.0894009, 41.746464], [-88.0894415, 41.7464539], [-88.0894767, 41.7464398], [-88.0895101, 41.7464183], [-88.0895326, 41.7463974], [-88.0895525, 41.7463752], [-88.0895678, 41.7463469], [-88.089575, 41.7463186], [-88.0895759, 41.7462897], [-88.0895687, 41.7462635], [-88.0895525, 41.7462311], [-88.0894649, 41.7460844], [-88.0894595, 41.7460629], [-88.089445, 41.7457577]]}}, {"type": "Feature", "id": 1076440165, "properties": {"osm_id": 1076440165, "osm_type": "way", "highway": "footway"}, "geometry": {"type": "LineString", "coordinates": [[-88.0908662, 41.7457041], [-88.090863, 41.7457279], [-88.0908679, 41.7459826], [-88.0908748, 41.7461628], [-88.0908757, 41.7462287], [-88.0908712, 41.746286], [-88.0908613, 41.7463527], [-88.090845, 41.7464132], [-88.090818, 41.7464738], [-88.0907873, 41.7465337], [-88.090762, 41.7465836], [-88.0907214, 41.7466353], [-88.0906862, 41.746677], [-88.0906361, 41.7467285], [-88.0905829, 41.7467756], [-88.0905234, 41.7468227], [-88.090453, 41.7468712], [-88.0903754, 41.7469129], [-88.0902852, 41.7469574], [-88.0899712, 41.7470879], [-88.0899347, 41.7471028], [-88.0898847, 41.7471271], [-88.0897908, 41.7471843], [-88.0897367, 41.7472274], [-88.0896717, 41.7472886], [-88.089623, 41.7473485], [-88.0895887, 41.7474031], [-88.0895599, 41.7474589], [-88.0895346, 41.7475188], [-88.089516, 41.7475788], [-88.0895039, 41.7476494], [-88.0895121, 41.7477654], [-88.0895235, 41.7480139], [-88.0895346, 41.7481125], [-88.0895472, 41.7481684], [-88.0895734, 41.748237], [-88.0896032, 41.7482761], [-88.0896492, 41.7483151], [-88.0897087, 41.7483488], [-88.0897565, 41.748373], [-88.0898053, 41.7483912], [-88.0898666, 41.7484066], [-88.0899222, 41.7484106], [-88.0900117, 41.7484134], [-88.0905478, 41.7484167], [-88.0906052, 41.7484162], [-88.0906569, 41.7484167], [-88.0910819, 41.7484208], [-88.0911585, 41.7484181], [-88.0912262, 41.7484114], [-88.0912904, 41.7484069], [-88.0913715, 41.7483918], [-88.0914851, 41.748373], [-88.0915627, 41.7483548], [-88.091615, 41.74834], [-88.0916791, 41.7483198], [-88.0917513, 41.7482963], [-88.0918493, 41.7482629], [-88.0919146, 41.7482364], [-88.0919741, 41.748202], [-88.0920562, 41.7481576], [-88.0921311, 41.7481105], [-88.0923773, 41.7479451], [-88.0924622, 41.7478796], [-88.0925001, 41.747852], [-88.0925407, 41.7478278], [-88.0925885, 41.7478056], [-88.0926444, 41.7477827], [-88.092713, 41.7477618], [-88.0927753, 41.7477463], [-88.0928321, 41.7477362], [-88.0929205, 41.7477315], [-88.0930937, 41.7477255], [-88.0931677, 41.7477268], [-88.0932263, 41.7477234], [-88.093278, 41.747721], [-88.0933635, 41.7477113], [-88.0934781, 41.7476925], [-88.0935376, 41.7476797], [-88.0935782, 41.7476709], [-88.0936224, 41.7476615], [-88.0936982, 41.7476501], [-88.0937568, 41.7476487], [-88.0937956, 41.7476508], [-88.0938604, 41.7476456], [-88.0939337, 41.7476339], [-88.0939627, 41.7476298], [-88.094014, 41.7476225], [-88.0940906, 41.7476104], [-88.0941384, 41.7476098], [-88.0941502, 41.7476097], [-88.0942296, 41.7476137], [-88.0942774, 41.7476218], [-88.0943375, 41.7476334], [-88.0943577, 41.7476373], [-88.0944299, 41.7476481], [-88.0945923, 41.7476736], [-88.0947323, 41.7476934]]}}, {"type": "Feature", "id": 1076440166, "properties": {"osm_id": 1076440166, "osm_type": "way", "highway": "footway"}, "geometry": {"type": "LineString", "coordinates": [[-88.0910909, 41.7460804], [-88.0910898, 41.7460448], [-88.09108, 41.7457214], [-88.0910773, 41.7457014]]}}, {"type": "Feature", "id": 1076440167, "properties": {"osm_id": 1076440167, "osm_type": "way", "crossing": "unmarked", "highway": "footway"}, "geometry": {"type": "LineString", "coordinates": [[-88.0910773, 41.7457014], [-88.0910737, 41.7456314]]}}, {"type": "Feature", "id": 1076440168, "properties": {"osm_id": 1076440168, "osm_type": "way", "crossing": "unmarked", "highway": "footway"}, "geometry": {"type": "LineString", "coordinates": [[-88.0908662, 41.7457041], [-88.0908635, 41.7456352]]}}, {"type": "Feature", "id": 1076440169, "properties": {"osm_id": 1076440169, "osm_type": "way", "crossing": "unmarked", "highway": "footway"}, "geometry": {"type": "LineString", "coordinates": [[-88.0910909, 41.7460804], [-88.0910916, 41.7461157], [-88.0910927, 41.7461639]]}}, {"type": "Feature", "id": 1076440170, "properties": {"osm_id": 1076440170, "osm_type": "way", "highway": "footway"}, "geometry": {"type": "LineString", "coordinates": [[-88.0910927, 41.7461639], [-88.0910905, 41.746207], [-88.0910882, 41.746252], [-88.091081, 41.7463221], [-88.091071, 41.7463732], [-88.0910575, 41.7464271], [-88.0910358, 41.746487], [-88.0910079, 41.7465536], [-88.0909781, 41.7466061], [-88.0909474, 41.7466626], [-88.0908924, 41.7467362], [-88.0908329, 41.7467981], [-88.0907769, 41.7468526], [-88.0907183, 41.7469018], [-88.0906623, 41.7469442], [-88.090592, 41.7469953], [-88.0905153, 41.7470377], [-88.0904206, 41.7470822], [-88.0903385, 41.7471158], [-88.0902329, 41.7471616], [-88.0901355, 41.7471999], [-88.0900615, 41.747237], [-88.0899758, 41.7472827], [-88.0899135, 41.7473211], [-88.0898666, 41.7473689], [-88.089817, 41.7474227], [-88.0897836, 41.7474746], [-88.0897602, 41.7475264], [-88.0897403, 41.7475877], [-88.0897304, 41.7476469], [-88.0897277, 41.7477048], [-88.0897376, 41.7479754], [-88.0897448, 41.7481369], [-88.0897547, 41.7481699], [-88.0897818, 41.7481948], [-88.0898179, 41.7482163], [-88.0898693, 41.7482372], [-88.0899207, 41.74825], [-88.0899695, 41.7482533], [-88.0905494, 41.7482546], [-88.090601, 41.7482547]]}}, {"type": "Feature", "id": 1076440171, "properties": {"osm_id": 1076440171, "osm_type": "way", "crossing": "unmarked", "highway": "footway"}, "geometry": {"type": "LineString", "coordinates": [[-88.090601, 41.7482547], [-88.0906537, 41.7482541], [-88.0907147, 41.7482533]]}}, {"type": "Feature", "id": 1076440172, "properties": {"osm_id": 1076440172, "osm_type": "way", "highway": "footway"}, "geometry": {"type": "LineString", "coordinates": [[-88.0907147, 41.7482533], [-88.0907598, 41.7482466], [-88.0907941, 41.748254], [-88.091071, 41.7482574], [-88.0911414, 41.748254], [-88.091228, 41.7482446], [-88.0913263, 41.7482352], [-88.0914391, 41.7482136], [-88.0915266, 41.7481941], [-88.0916277, 41.7481632], [-88.0917224, 41.7481295], [-88.0918063, 41.7480938], [-88.0918812, 41.7480534], [-88.0919516, 41.7480124], [-88.0920643, 41.7479404], [-88.09227, 41.7477889], [-88.0922285, 41.7477108], [-88.0922231, 41.7476778], [-88.0922258, 41.7476395], [-88.0922367, 41.7476045], [-88.0922655, 41.7475695], [-88.092298, 41.7475452], [-88.0923377, 41.7475237], [-88.0923918, 41.7475109], [-88.0924342, 41.7475055], [-88.092473, 41.7475096], [-88.0925163, 41.747519], [-88.0925515, 41.7475318], [-88.0925822, 41.7475506], [-88.0926065, 41.7475728], [-88.0926282, 41.7476085], [-88.0927103, 41.747589], [-88.0928041, 41.7475782], [-88.0929116, 41.7475708], [-88.0930937, 41.7475641], [-88.0931695, 41.7475574], [-88.0932408, 41.7475506], [-88.0933256, 41.7475405], [-88.093479, 41.7475237], [-88.0936567, 41.7475008], [-88.0938434, 41.7474773], [-88.093922, 41.7474671], [-88.093958, 41.7474625], [-88.0940473, 41.7474564], [-88.0941195, 41.7474524], [-88.0941499, 41.7474514], [-88.0942016, 41.7474497]]}}, {"type": "Feature", "id": 1076440173, "properties": {"osm_id": 1076440173, "osm_type": "way", "highway": "footway"}, "geometry": {"type": "LineString", "coordinates": [[-88.0923007, 41.7478333], [-88.09227, 41.7477889], [-88.0923124, 41.7477606]]}}, {"type": "Feature", "id": 1076440174, "properties": {"osm_id": 1076440174, "osm_type": "way", "highway": "footway"}, "geometry": {"type": "LineString", "coordinates": [[-88.0926426, 41.7476455], [-88.0926282, 41.7476085], [-88.0925867, 41.7476227]]}}, {"type": "Feature", "id": 1076440175, "properties": {"osm_id": 1076440175, "osm_type": "way", "crossing": "unmarked", "highway": "footway"}, "geometry": {"type": "LineString", "coordinates": [[-88.0926426, 41.7476455], [-88.0926532, 41.7476777]]}}, {"type": "Feature", "id": 1076440176, "properties": {"osm_id": 1076440176, "osm_type": "way", "crossing": "unmarked", "highway": "footway"}, "geometry": {"type": "LineString", "coordinates": [[-88.0925867, 41.7476227], [-88.0925438, 41.74766], [-88.0925001, 41.747698], [-88.0924333, 41.7477317], [-88.0923389, 41.7477543], [-88.0923124, 41.7477606]]}}, {"type": "Feature", "id": 1076440177, "properties": {"osm_id": 1076440177, "osm_type": "way", "crossing": "unmarked", "highway": "footway"}, "geometry": {"type": "LineString", "coordinates": [[-88.0923007, 41.7478333], [-88.0923218, 41.7478578]]}}, {"type": "Feature", "id": 1076440178, "properties": {"osm_id": 1076440178, "osm_type": "way", "crossing": "unmarked", "highway": "footway"}, "geometry": {"type": "LineString", "coordinates": [[-88.0942016, 41.7474497], [-88.0942547, 41.7474528], [-88.0943146, 41.7474563]]}}, {"type": "Feature", "id": 1076440179, "properties": {"osm_id": 1076440179, "osm_type": "way", "highway": "footway"}, "geometry": {"type": "LineString", "coordinates": [[-88.0943146, 41.7474563], [-88.0943679, 41.7474619], [-88.0944049, 41.7474658], [-88.0945393, 41.7474846], [-88.0947853, 41.7475201]]}}, {"type": "Feature", "id": 1076440180, "properties": {"osm_id": 1076440180, "osm_type": "way", "highway": "footway"}, "geometry": {"type": "LineString", "coordinates": [[-88.0939627, 41.7476298], [-88.093954, 41.7475979]]}}, {"type": "Feature", "id": 1076440181, "properties": {"osm_id": 1076440181, "osm_type": "way", "crossing": "unmarked", "highway": "footway"}, "geometry": {"type": "LineString", "coordinates": [[-88.093954, 41.7475979], [-88.0939413, 41.7475464], [-88.0939314, 41.7475063]]}}, {"type": "Feature", "id": 1076440182, "properties": {"osm_id": 1076440182, "osm_type": "way", "highway": "footway"}, "geometry": {"type": "LineString", "coordinates": [[-88.0939314, 41.7475063], [-88.093922, 41.7474671]]}}, {"type": "Feature", "id": 1076440183, "properties": {"osm_id": 1076440183, "osm_type": "way", "highway": "footway"}, "geometry": {"type": "LineString", "coordinates": [[-88.0941384, 41.7476098], [-88.0941401, 41.7475824]]}}, {"type": "Feature", "id": 1076440184, "properties": {"osm_id": 1076440184, "osm_type": "way", "highway": "footway"}, "geometry": {"type": "LineString", "coordinates": [[-88.0943375, 41.7476334], [-88.0943449, 41.7476046]]}}, {"type": "Feature", "id": 1076440185, "properties": {"osm_id": 1076440185, "osm_type": "way", "crossing": "unmarked", "highway": "footway"}, "geometry": {"type": "LineString", "coordinates": [[-88.0941401, 41.7475824], [-88.0941442, 41.7475292], [-88.0941474, 41.7474875]]}}, {"type": "Feature", "id": 1076440186, "properties": {"osm_id": 1076440186, "osm_type": "way", "crossing": "unmarked", "highway": "footway"}, "geometry": {"type": "LineString", "coordinates": [[-88.0943449, 41.7476046], [-88.0943613, 41.7475422], [-88.094372, 41.7475016]]}}, {"type": "Feature", "id": 1076440187, "properties": {"osm_id": 1076440187, "osm_type": "way", "highway": "footway"}, "geometry": {"type": "LineString", "coordinates": [[-88.0941474, 41.7474875], [-88.0941499, 41.7474514], [-88.0941627, 41.7473751], [-88.0941816, 41.7472929], [-88.0942024, 41.7471974], [-88.0942249, 41.7471274], [-88.0942838, 41.7469855], [-88.0942989, 41.746949]]}}, {"type": "Feature", "id": 1076440188, "properties": {"osm_id": 1076440188, "osm_type": "way", "crossing": "unmarked", "highway": "footway"}, "geometry": {"type": "LineString", "coordinates": [[-88.0942989, 41.746949], [-88.0943219, 41.7469021], [-88.0943404, 41.7468642]]}}, {"type": "Feature", "id": 1076440189, "properties": {"osm_id": 1076440189, "osm_type": "way", "highway": "footway"}, "geometry": {"type": "LineString", "coordinates": [[-88.0943404, 41.7468642], [-88.0943543, 41.746828], [-88.0943982, 41.7467134], [-88.0944983, 41.7464899], [-88.0945615, 41.7463412], [-88.0945669, 41.7463107], [-88.0945633, 41.7462865], [-88.0945497, 41.7462629], [-88.0945245, 41.7462468], [-88.0944929, 41.746236], [-88.0943368, 41.7461983], [-88.0942177, 41.7461714], [-88.0941519, 41.7461606], [-88.0940607, 41.7461498], [-88.0939597, 41.7461458], [-88.0937089, 41.7461532], [-88.0934734, 41.7461599], [-88.0932271, 41.746162], [-88.0927336, 41.7461707], [-88.0923087, 41.7461808], [-88.0919442, 41.7461869], [-88.0914997, 41.746197], [-88.0910905, 41.746207], [-88.091042, 41.7462044]]}}, {"type": "Feature", "id": 1076440190, "properties": {"osm_id": 1076440190, "osm_type": "way", "crossing": "unmarked", "highway": "footway"}, "geometry": {"type": "LineString", "coordinates": [[-88.091042, 41.7462044], [-88.0909836, 41.746199]]}}, {"type": "Feature", "id": 1076440191, "properties": {"osm_id": 1076440191, "osm_type": "way", "crossing": "unmarked", "highway": "footway"}, "geometry": {"type": "LineString", "coordinates": [[-88.09098, 41.7460496], [-88.0910384, 41.7460475]]}}, {"type": "Feature", "id": 1076440192, "properties": {"osm_id": 1076440192, "osm_type": "way", "highway": "footway"}, "geometry": {"type": "LineString", "coordinates": [[-88.0910384, 41.7460475], [-88.0910898, 41.7460448], [-88.0914191, 41.7460368], [-88.0918097, 41.74603], [-88.0922473, 41.7460219], [-88.0927137, 41.7460118], [-88.093283, 41.7459997], [-88.0938947, 41.7459863], [-88.0940102, 41.7459863], [-88.0940968, 41.7459896], [-88.0941717, 41.7459957], [-88.0942556, 41.7460092], [-88.0943557, 41.746032], [-88.0945163, 41.7460731], [-88.0945479, 41.7460798], [-88.0945749, 41.7460825], [-88.0946065, 41.7460771], [-88.0946435, 41.7460738], [-88.0946913, 41.7460785], [-88.0947301, 41.7460879], [-88.0947626, 41.7461014], [-88.0947942, 41.7461162], [-88.094823, 41.7461364], [-88.094842, 41.7461599], [-88.0948591, 41.7461821], [-88.0948691, 41.7462077], [-88.0948763, 41.7462373], [-88.0948736, 41.7462609], [-88.0948636, 41.7462878], [-88.0948474, 41.7463121], [-88.0948239, 41.7463363], [-88.0947851, 41.7463666], [-88.0947707, 41.7463854], [-88.0947563, 41.7464144], [-88.094676, 41.7466062], [-88.0945584, 41.7468851], [-88.0945551, 41.746893], [-88.0944914, 41.7470376], [-88.0944396, 41.7471555], [-88.0944189, 41.7472262], [-88.094399, 41.7473098], [-88.0943819, 41.7473938], [-88.094371, 41.7474375], [-88.0943679, 41.7474619], [-88.094372, 41.7475016]]}}, {"type": "Feature", "id": 1076440193, "properties": {"osm_id": 1076440193, "osm_type": "way", "crossing": "unmarked", "highway": "footway"}, "geometry": {"type": "LineString", "coordinates": [[-88.0943341, 41.7469996], [-88.0943812, 41.747011], [-88.0944914, 41.7470376]]}}, {"type": "Feature", "id": 1076440194, "properties": {"osm_id": 1076440194, "osm_type": "way", "crossing": "unmarked", "highway": "footway"}, "geometry": {"type": "LineString", "coordinates": [[-88.0944081, 41.7468347], [-88.0944508, 41.746849], [-88.0945584, 41.7468851]]}}, {"type": "Feature", "id": 1076440195, "properties": {"osm_id": 1076440195, "osm_type": "way", "highway": "footway"}, "geometry": {"type": "LineString", "coordinates": [[-88.0944081, 41.7468347], [-88.0943543, 41.746828], [-88.0942944, 41.7468159], [-88.0941825, 41.7467876], [-88.0941239, 41.7467728], [-88.0940463, 41.74676], [-88.0939543, 41.7467499], [-88.0938604, 41.7467438], [-88.0937648, 41.7467445], [-88.0934057, 41.7467506], [-88.0931991, 41.7467566], [-88.0929754, 41.74676], [-88.0927065, 41.7467674], [-88.0925291, 41.7467714], [-88.0923655, 41.7467795], [-88.0922672, 41.7467869], [-88.0921562, 41.7467957], [-88.0920362, 41.7468206], [-88.0919541, 41.7468448], [-88.0918648, 41.7468812], [-88.0917764, 41.7469276], [-88.0916988, 41.7469754], [-88.0916077, 41.7470434], [-88.0915075, 41.7471343], [-88.0913036, 41.7473126], [-88.0911945, 41.7473988], [-88.0910754, 41.7474843], [-88.0909175, 41.7475973], [-88.0908435, 41.7476539], [-88.0907813, 41.7477037], [-88.090719, 41.7477756], [-88.0906559, 41.7478523], [-88.0906153, 41.7479277], [-88.0905855, 41.747995], [-88.090562, 41.7480812], [-88.0905521, 41.7481754], [-88.0905494, 41.7482546], [-88.090544, 41.7482972]]}}, {"type": "Feature", "id": 1076440196, "properties": {"osm_id": 1076440196, "osm_type": "way", "crossing": "unmarked", "highway": "footway"}, "geometry": {"type": "LineString", "coordinates": [[-88.090544, 41.7482972], [-88.090544, 41.7483264]]}}, {"type": "Feature", "id": 1076440197, "properties": {"osm_id": 1076440197, "osm_type": "way", "crossing": "unmarked", "highway": "footway"}, "geometry": {"type": "LineString", "coordinates": [[-88.0907623, 41.7482945], [-88.0907623, 41.7483282]]}}, {"type": "Feature", "id": 1076440198, "properties": {"osm_id": 1076440198, "osm_type": "way", "highway": "footway"}, "geometry": {"type": "LineString", "coordinates": [[-88.0907623, 41.7482945], [-88.0907598, 41.7482466], [-88.0907641, 41.7481922], [-88.0907695, 41.7481343], [-88.0907813, 41.7480872], [-88.0907948, 41.7480388], [-88.0908165, 41.7479869], [-88.0908372, 41.7479385], [-88.0908697, 41.747892], [-88.0909112, 41.7478409], [-88.0909545, 41.7477964], [-88.0910077, 41.7477547], [-88.0910501, 41.7477211], [-88.0911512, 41.7476504], [-88.0914092, 41.7474599], [-88.0914723, 41.7474054], [-88.0915328, 41.7473556], [-88.091697, 41.7472142], [-88.0917529, 41.7471594], [-88.0918053, 41.7471176], [-88.0918603, 41.7470833], [-88.0919036, 41.7470584], [-88.0919866, 41.7470167], [-88.0920861, 41.7469837], [-88.0921619, 41.7469628], [-88.092244, 41.746946], [-88.0923315, 41.7469393], [-88.092496, 41.7469352], [-88.0931092, 41.7469224], [-88.0937516, 41.7469083], [-88.0938535, 41.7469083], [-88.0939356, 41.7469144], [-88.094015, 41.7469245], [-88.0941106, 41.7469406], [-88.0941819, 41.7469561], [-88.0942838, 41.7469855], [-88.0943341, 41.7469996]]}}, {"type": "Feature", "id": 1076442329, "properties": {"osm_id": 1076442329, "osm_type": "way", "highway": "footway"}, "geometry": {"type": "LineString", "coordinates": [[-88.0957616, 41.7451245], [-88.0952753, 41.7450091], [-88.0947051, 41.7448704], [-88.0943902, 41.7447943], [-88.0943614, 41.7447883], [-88.0943325, 41.7447896], [-88.094309, 41.7447977], [-88.0942753, 41.7448091], [-88.0942251, 41.7448132], [-88.0941872, 41.7448098], [-88.0941484, 41.7447997], [-88.0941114, 41.7447849], [-88.0940888, 41.7447713], [-88.0940663, 41.7447526], [-88.094042, 41.7447277], [-88.0940275, 41.7446974], [-88.0940194, 41.7446644], [-88.0940203, 41.7446348], [-88.0940293, 41.7446052], [-88.0940357, 41.7445789], [-88.0940348, 41.7445493], [-88.0940194, 41.7445136], [-88.0940095, 41.744478], [-88.0940068, 41.744342], [-88.0939797, 41.7438815], [-88.0939698, 41.7435867], [-88.0939472, 41.7431566], [-88.0939406, 41.7430001], [-88.0939353, 41.7428784], [-88.0939274, 41.7426928], [-88.0939039, 41.7422532], [-88.0939076, 41.7422168], [-88.0939148, 41.7421731], [-88.0939301, 41.7421401], [-88.0939427, 41.7421145], [-88.0939482, 41.7420997], [-88.0939536, 41.7420876], [-88.0939418, 41.7420721], [-88.0939292, 41.7420546], [-88.0939184, 41.7420216], [-88.0939157, 41.7419886], [-88.0939175, 41.7419617], [-88.0939301, 41.7419287], [-88.0939491, 41.7419045], [-88.0939743, 41.7418789], [-88.0940023, 41.7418628], [-88.0940474, 41.7418473], [-88.0940862, 41.7418392], [-88.0941295, 41.7418372], [-88.0941683, 41.7418405], [-88.0942107, 41.7418486], [-88.0942405, 41.7418621], [-88.0942648, 41.7418789], [-88.0942811, 41.7418877], [-88.0943018, 41.7418924], [-88.0943334, 41.7418944], [-88.0943749, 41.7418944], [-88.0944299, 41.7418984], [-88.0945075, 41.7419092], [-88.0949045, 41.7419839], [-88.0953556, 41.7420687], [-88.0954404, 41.7420802], [-88.0955008, 41.7420849], [-88.0955802, 41.7420849], [-88.0958642, 41.7420754]]}}, {"type": "Feature", "id": 1076442330, "properties": {"osm_id": 1076442330, "osm_type": "way", "highway": "footway"}, "geometry": {"type": "LineString", "coordinates": [[-88.0958974, 41.7422271], [-88.0955198, 41.742235], [-88.0954476, 41.7422337], [-88.0953817, 41.742229], [-88.0953213, 41.7422182], [-88.0948043, 41.7421186], [-88.094448, 41.7420492], [-88.0944029, 41.7420438], [-88.0943532, 41.7420411], [-88.0943072, 41.7420472], [-88.0942639, 41.742062], [-88.0942053, 41.7420869], [-88.094171, 41.7421125], [-88.0941394, 41.7421414], [-88.094116, 41.7421744], [-88.0941033, 41.7422141], [-88.0941033, 41.7422444], [-88.0941232, 41.7426497], [-88.0941329, 41.7428762], [-88.094134, 41.7429021]]}}, {"type": "Feature", "id": 1076442331, "properties": {"osm_id": 1076442331, "osm_type": "way", "crossing": "unmarked", "highway": "footway"}, "geometry": {"type": "LineString", "coordinates": [[-88.094134, 41.7429021], [-88.0941364, 41.7429449], [-88.0941394, 41.7429984]]}}, {"type": "Feature", "id": 1076442332, "properties": {"osm_id": 1076442332, "osm_type": "way", "highway": "footway"}, "geometry": {"type": "LineString", "coordinates": [[-88.0941394, 41.7429984], [-88.0941408, 41.743025], [-88.0941557, 41.7433114], [-88.0941701, 41.7436608], [-88.0942008, 41.7442848], [-88.0942125, 41.7444658], [-88.0942197, 41.7444988], [-88.0942341, 41.7445318], [-88.094254, 41.7445621], [-88.0942765, 41.7445857], [-88.0943099, 41.7446058], [-88.0943487, 41.7446274], [-88.0943866, 41.7446382], [-88.0948485, 41.7447479], [-88.0954955, 41.7449081], [-88.0957938, 41.7449765]]}}, {"type": "Feature", "id": 1076442333, "properties": {"osm_id": 1076442333, "osm_type": "way", "highway": "footway"}, "geometry": {"type": "LineString", "coordinates": [[-88.0959617, 41.744301], [-88.0955125, 41.744199], [-88.0952962, 41.7441418], [-88.0952408, 41.7441225], [-88.0951908, 41.7440993], [-88.0951543, 41.7440756], [-88.0951217, 41.7440535], [-88.0950891, 41.7440178], [-88.0950527, 41.7439754], [-88.0950269, 41.7439312], [-88.0950125, 41.7438939], [-88.0950049, 41.7438469], [-88.0949905, 41.7435293], [-88.0949738, 41.7432457], [-88.0949692, 41.7432038], [-88.0949548, 41.7431721], [-88.0949313, 41.7431354], [-88.0949093, 41.7431076], [-88.0948767, 41.7430787], [-88.0948319, 41.7430561], [-88.0947803, 41.7430329], [-88.0947386, 41.7430204], [-88.0946916, 41.7430137], [-88.0946423, 41.7430137], [-88.0943107, 41.7430199], [-88.0941408, 41.743025], [-88.0941029, 41.7430278]]}}, {"type": "Feature", "id": 1076442334, "properties": {"osm_id": 1076442334, "osm_type": "way", "crossing": "unmarked", "highway": "footway"}, "geometry": {"type": "LineString", "coordinates": [[-88.0941029, 41.7430278], [-88.0940401, 41.7430127], [-88.0939853, 41.7429995], [-88.0939406, 41.7430001]]}}, {"type": "Feature", "id": 1076442335, "properties": {"osm_id": 1076442335, "osm_type": "way", "crossing": "unmarked", "highway": "footway"}, "geometry": {"type": "LineString", "coordinates": [[-88.0939353, 41.7428784], [-88.0940338, 41.7428784], [-88.0940998, 41.7428784]]}}, {"type": "Feature", "id": 1076442336, "properties": {"osm_id": 1076442336, "osm_type": "way", "highway": "footway"}, "geometry": {"type": "LineString", "coordinates": [[-88.0940998, 41.7428784], [-88.0941329, 41.7428762], [-88.0945262, 41.7428653], [-88.0946658, 41.7428648], [-88.0947242, 41.7428693], [-88.0947826, 41.7428778], [-88.0948327, 41.742888], [-88.0948949, 41.7429089], [-88.0949389, 41.7429287], [-88.0949882, 41.7429565], [-88.0950337, 41.7429887], [-88.0950709, 41.7430216], [-88.0951073, 41.7430652], [-88.0951316, 41.7431076], [-88.0951536, 41.743154], [-88.0951672, 41.7431903], [-88.0951718, 41.7432282], [-88.095187, 41.7435571], [-88.0952014, 41.7438288], [-88.0952059, 41.7438667], [-88.0952241, 41.7438995], [-88.0952431, 41.7439284], [-88.0952681, 41.7439527], [-88.095297, 41.7439737], [-88.095325, 41.7439895], [-88.0953614, 41.7440037], [-88.0954092, 41.7440156], [-88.0959834, 41.7441543]]}}, {"type": "Feature", "id": 1076442337, "properties": {"osm_id": 1076442337, "osm_type": "way", "highway": "footway"}, "geometry": {"type": "LineString", "coordinates": [[-88.0957158, 41.7413538], [-88.0955596, 41.7413717], [-88.0954813, 41.7413749], [-88.0953997, 41.7413741], [-88.0953075, 41.7413669], [-88.0952216, 41.7413541], [-88.0945731, 41.7412348], [-88.0942453, 41.7411723], [-88.094211, 41.7411691], [-88.0942071, 41.7411702], [-88.0941809, 41.7411771], [-88.0941477, 41.7411923], [-88.0941058, 41.7412019], [-88.0940543, 41.7412068], [-88.0940114, 41.7412011], [-88.093976, 41.7411915], [-88.0939395, 41.7411763], [-88.0939159, 41.7411619], [-88.093888, 41.7411339], [-88.0938784, 41.7411123], [-88.0938709, 41.7410803], [-88.093873, 41.7410442], [-88.0938891, 41.741009], [-88.0939063, 41.7409826], [-88.0939106, 41.7409546], [-88.0938955, 41.7405327], [-88.0938927, 41.7404251], [-88.093889, 41.7402857], [-88.0938848, 41.7401252], [-88.0938784, 41.7397129], [-88.0938754, 41.7396417], [-88.0938693, 41.7394992], [-88.0938612, 41.7393078], [-88.0938634, 41.7391605], [-88.0938558, 41.7391141], [-88.0938451, 41.7390709], [-88.0938258, 41.739026], [-88.0938022, 41.7389796], [-88.0937915, 41.7389436], [-88.0937582, 41.7389052]]}}, {"type": "Feature", "id": 1076442338, "properties": {"osm_id": 1076442338, "osm_type": "way", "highway": "footway"}, "geometry": {"type": "LineString", "coordinates": [[-88.0939771, 41.7388427], [-88.0939749, 41.7388931], [-88.0940125, 41.73897], [-88.094035, 41.7390316], [-88.0940468, 41.7390981], [-88.0940543, 41.7391589], [-88.0940653, 41.7394936], [-88.0940661, 41.7395176]]}}, {"type": "Feature", "id": 1076442339, "properties": {"osm_id": 1076442339, "osm_type": "way", "crossing": "unmarked", "highway": "footway"}, "geometry": {"type": "LineString", "coordinates": [[-88.0937915, 41.7389436], [-88.0938826, 41.7389185], [-88.0939749, 41.7388931]]}}, {"type": "Feature", "id": 1076442340, "properties": {"osm_id": 1076442340, "osm_type": "way", "crossing": "unmarked", "highway": "footway"}, "geometry": {"type": "LineString", "coordinates": [[-88.0940661, 41.7395176], [-88.0940675, 41.7395688], [-88.0940688, 41.7396173]]}}, {"type": "Feature", "id": 1076442341, "properties": {"osm_id": 1076442341, "osm_type": "way", "highway": "footway"}, "geometry": {"type": "LineString", "coordinates": [[-88.0940688, 41.7396173], [-88.0940694, 41.7396417], [-88.0940854, 41.7403085], [-88.094086, 41.7403306]]}}, {"type": "Feature", "id": 1076442342, "properties": {"osm_id": 1076442342, "osm_type": "way", "crossing": "unmarked", "highway": "footway"}, "geometry": {"type": "LineString", "coordinates": [[-88.094086, 41.7403306], [-88.0940875, 41.7403766], [-88.0940892, 41.7404266]]}}, {"type": "Feature", "id": 1076442343, "properties": {"osm_id": 1076442343, "osm_type": "way", "highway": "footway"}, "geometry": {"type": "LineString", "coordinates": [[-88.0940892, 41.7404266], [-88.09409, 41.7404551], [-88.0941064, 41.7409966], [-88.0950816, 41.7411807], [-88.0952876, 41.7412192], [-88.095352, 41.7412248], [-88.095426, 41.741228], [-88.0954829, 41.741228], [-88.095544, 41.7412256], [-88.0956159, 41.7412184], [-88.0956859, 41.7412088]]}}, {"type": "Feature", "id": 1076442344, "properties": {"osm_id": 1076442344, "osm_type": "way", "highway": "footway"}, "geometry": {"type": "LineString", "coordinates": [[-88.0942071, 41.7411702], [-88.0942083, 41.7411359]]}}, {"type": "Feature", "id": 1076442345, "properties": {"osm_id": 1076442345, "osm_type": "way", "highway": "footway"}, "geometry": {"type": "LineString", "coordinates": [[-88.0941053, 41.7410262], [-88.0941064, 41.7409966], [-88.0940677, 41.7409886]]}}, {"type": "Feature", "id": 1076442346, "properties": {"osm_id": 1076442346, "osm_type": "way", "crossing": "unmarked", "highway": "footway"}, "geometry": {"type": "LineString", "coordinates": [[-88.0942083, 41.7411359], [-88.0941497, 41.7410735], [-88.0941053, 41.7410262]]}}, {"type": "Feature", "id": 1076442347, "properties": {"osm_id": 1076442347, "osm_type": "way", "crossing": "unmarked", "highway": "footway"}, "geometry": {"type": "LineString", "coordinates": [[-88.0940677, 41.7409886], [-88.0940119, 41.740985]]}}, {"type": "Feature", "id": 1076442348, "properties": {"osm_id": 1076442348, "osm_type": "way", "highway": "footway"}, "geometry": {"type": "LineString", "coordinates": [[-88.0938927, 41.7404251], [-88.093939, 41.740425]]}}, {"type": "Feature", "id": 1076442349, "properties": {"osm_id": 1076442349, "osm_type": "way", "crossing": "unmarked", "highway": "footway"}, "geometry": {"type": "LineString", "coordinates": [[-88.093939, 41.740425], [-88.0939904, 41.7404398], [-88.0940506, 41.740457]]}}, {"type": "Feature", "id": 1076442350, "properties": {"osm_id": 1076442350, "osm_type": "way", "crossing": "unmarked", "highway": "footway"}, "geometry": {"type": "LineString", "coordinates": [[-88.0940538, 41.7403113], [-88.0939881, 41.7402969], [-88.0939368, 41.7402857], [-88.093889, 41.7402857]]}}, {"type": "Feature", "id": 1076442351, "properties": {"osm_id": 1076442351, "osm_type": "way", "highway": "footway"}, "geometry": {"type": "LineString", "coordinates": [[-88.0940506, 41.740457], [-88.09409, 41.7404551], [-88.094584, 41.740447], [-88.094967, 41.7404438], [-88.0951655, 41.7405031], [-88.0952127, 41.7405095], [-88.095262, 41.7405055], [-88.0953082, 41.7404943], [-88.0953446, 41.7404751], [-88.0953758, 41.7404542], [-88.0953983, 41.7404278], [-88.0954079, 41.7403958], [-88.0954117, 41.7403486], [-88.0953994, 41.7403149], [-88.0953779, 41.7402861], [-88.0953457, 41.7402605], [-88.0953071, 41.7402405], [-88.0952631, 41.7402277], [-88.0952191, 41.7402245], [-88.0951741, 41.7402293], [-88.0951204, 41.7402461], [-88.0949638, 41.7402949], [-88.0949219, 41.7403013], [-88.0948758, 41.7403029], [-88.0948329, 41.7403005], [-88.0947224, 41.7402981], [-88.0940854, 41.7403085], [-88.0940538, 41.7403113]]}}, {"type": "Feature", "id": 1076442352, "properties": {"osm_id": 1076442352, "osm_type": "way", "highway": "footway"}, "geometry": {"type": "LineString", "coordinates": [[-88.0938754, 41.7396417], [-88.0939199, 41.7396409]]}}, {"type": "Feature", "id": 1076442353, "properties": {"osm_id": 1076442353, "osm_type": "way", "highway": "footway"}, "geometry": {"type": "LineString", "coordinates": [[-88.0938693, 41.7394992], [-88.0939135, 41.739496]]}}, {"type": "Feature", "id": 1076442354, "properties": {"osm_id": 1076442354, "osm_type": "way", "crossing": "unmarked", "highway": "footway"}, "geometry": {"type": "LineString", "coordinates": [[-88.0939199, 41.7396409], [-88.0939805, 41.7396409], [-88.0940315, 41.7396409]]}}, {"type": "Feature", "id": 1076442355, "properties": {"osm_id": 1076442355, "osm_type": "way", "crossing": "unmarked", "highway": "footway"}, "geometry": {"type": "LineString", "coordinates": [[-88.0939135, 41.739496], [-88.0939758, 41.7394951], [-88.0940315, 41.7394944]]}}, {"type": "Feature", "id": 1076442356, "properties": {"osm_id": 1076442356, "osm_type": "way", "highway": "footway"}, "geometry": {"type": "LineString", "coordinates": [[-88.0940315, 41.7396409], [-88.0940694, 41.7396417], [-88.0943169, 41.7396425], [-88.0943759, 41.7396401], [-88.0944853, 41.7396313], [-88.0946119, 41.7396185], [-88.0946849, 41.7396049], [-88.0947278, 41.7395976], [-88.0947804, 41.7395952], [-88.0950314, 41.7395848], [-88.0950926, 41.7395768], [-88.0951419, 41.7395592], [-88.0951698, 41.7395368], [-88.0951966, 41.739508], [-88.0952117, 41.7394784], [-88.0952192, 41.7394511], [-88.0952195, 41.7394233], [-88.0952084, 41.7393991], [-88.0951913, 41.7393671], [-88.0951688, 41.7393375], [-88.0951301, 41.7393199], [-88.0950797, 41.7393046], [-88.0950282, 41.7392998], [-88.0949874, 41.7393046], [-88.0949338, 41.7393223], [-88.0948962, 41.7393399], [-88.094716, 41.7394447], [-88.0946666, 41.73946], [-88.0945164, 41.7394856], [-88.0944068, 41.7394896], [-88.0940653, 41.7394936], [-88.0940315, 41.7394944]]}}, {"type": "Feature", "id": 1076442357, "properties": {"osm_id": 1076442357, "osm_type": "way", "crossing": "unmarked", "highway": "footway"}, "geometry": {"type": "LineString", "coordinates": [[-88.0939771, 41.7388427], [-88.0939601, 41.7388041], [-88.0939455, 41.738771]]}}, {"type": "Feature", "id": 1076442358, "properties": {"osm_id": 1076442358, "osm_type": "way", "crossing": "unmarked", "highway": "footway"}, "geometry": {"type": "LineString", "coordinates": [[-88.0937582, 41.7389052], [-88.0937449, 41.7388598], [-88.0937234, 41.7387862]]}}, {"type": "Feature", "id": 1076442359, "properties": {"osm_id": 1076442359, "osm_type": "way", "highway": "footway"}, "geometry": {"type": "LineString", "coordinates": [[-88.0939455, 41.738771], [-88.0939251, 41.7387325]]}}, {"type": "Feature", "id": 1076442360, "properties": {"osm_id": 1076442360, "osm_type": "way", "highway": "footway"}, "geometry": {"type": "LineString", "coordinates": [[-88.0937234, 41.7387862], [-88.0937921, 41.7387726], [-88.0938554, 41.7387534], [-88.0939251, 41.7387325], [-88.0943924, 41.7385884], [-88.0944658, 41.7385628], [-88.094513, 41.738554], [-88.0945667, 41.7385412], [-88.0946482, 41.7385188], [-88.0946944, 41.738502], [-88.0947491, 41.738486], [-88.0948177, 41.7384707], [-88.0948938, 41.7384571], [-88.0951101, 41.7384265]]}}, {"type": "Feature", "id": 1076442361, "properties": {"osm_id": 1076442361, "osm_type": "way", "highway": "footway"}, "geometry": {"type": "LineString", "coordinates": [[-88.0951559, 41.7385839], [-88.0949325, 41.73861], [-88.0948606, 41.7386237], [-88.0947844, 41.7386397], [-88.0947115, 41.7386613], [-88.0943005, 41.7387926], [-88.0939749, 41.7388931]]}}, {"type": "Feature", "id": 1076444107, "properties": {"osm_id": 1076444107, "osm_type": "way", "highway": "footway"}, "geometry": {"type": "LineString", "coordinates": [[-88.0937234, 41.7387862], [-88.0936438, 41.7388002], [-88.0935545, 41.7388125], [-88.0934843, 41.7388192], [-88.0933465, 41.738824], [-88.0927374, 41.738835], [-88.0926607, 41.7388364], [-88.0925218, 41.7388395], [-88.0916255, 41.7388593], [-88.0903475, 41.7388856], [-88.0900769, 41.738893], [-88.0899894, 41.7389037], [-88.0898928, 41.7389233], [-88.0898008, 41.7389482], [-88.0897223, 41.7389771], [-88.0896501, 41.7390074], [-88.0895671, 41.7390498], [-88.0894959, 41.7390936], [-88.0894354, 41.7391393], [-88.0893768, 41.7391952], [-88.0893136, 41.7392699], [-88.0892694, 41.7393339], [-88.0892369, 41.7394046], [-88.0892126, 41.7394793], [-88.0891954, 41.7395568], [-88.0891918, 41.7396449], [-88.0891952, 41.7397761], [-88.0891982, 41.739897], [-88.0891999, 41.7399647], [-88.0892026, 41.7401624]]}}, {"type": "Feature", "id": 1076444108, "properties": {"osm_id": 1076444108, "osm_type": "way", "highway": "footway"}, "geometry": {"type": "LineString", "coordinates": [[-88.089357, 41.7406974], [-88.0893903, 41.7407198], [-88.0894385, 41.7407422], [-88.089504, 41.740767], [-88.0895587, 41.7407814], [-88.0896156, 41.7407902], [-88.0896778, 41.7407942], [-88.0900438, 41.7407894], [-88.0905719, 41.7407747], [-88.0906166, 41.7407734]]}}, {"type": "Feature", "id": 1076444109, "properties": {"osm_id": 1076444109, "osm_type": "way", "crossing": "unmarked", "highway": "footway"}, "geometry": {"type": "LineString", "coordinates": [[-88.0906166, 41.7407734], [-88.0906756, 41.7407742], [-88.0907346, 41.740775]]}}, {"type": "Feature", "id": 1076444110, "properties": {"osm_id": 1076444110, "osm_type": "way", "highway": "footway"}, "geometry": {"type": "LineString", "coordinates": [[-88.0907346, 41.740775], [-88.0907859, 41.7407738], [-88.0912496, 41.740763], [-88.091285, 41.7407694], [-88.0913129, 41.7407846], [-88.0913633, 41.7408006], [-88.0914116, 41.7408078], [-88.0914577, 41.7408078], [-88.0915038, 41.7408014], [-88.0915543, 41.7407846], [-88.0915865, 41.7407662], [-88.0916165, 41.740739], [-88.0916401, 41.740707], [-88.0916551, 41.7406766], [-88.0916551, 41.7406357], [-88.0916412, 41.7405989], [-88.0916229, 41.7405701], [-88.0915907, 41.7405212], [-88.0915811, 41.7404956], [-88.0915757, 41.7402891], [-88.09156, 41.7398891], [-88.0915586, 41.7398528]]}}, {"type": "Feature", "id": 1076444111, "properties": {"osm_id": 1076444111, "osm_type": "way", "crossing": "unmarked", "highway": "footway"}, "geometry": {"type": "LineString", "coordinates": [[-88.0915586, 41.7398528], [-88.0915431, 41.7398021], [-88.0915339, 41.7397719], [-88.0915296, 41.7397295]]}}, {"type": "Feature", "id": 1076444112, "properties": {"osm_id": 1076444112, "osm_type": "way", "highway": "footway"}, "geometry": {"type": "LineString", "coordinates": [[-88.0913386, 41.7397335], [-88.0913375, 41.7397759]]}}, {"type": "Feature", "id": 1076444113, "properties": {"osm_id": 1076444113, "osm_type": "way", "crossing": "unmarked", "highway": "footway"}, "geometry": {"type": "LineString", "coordinates": [[-88.0913375, 41.7397759], [-88.0913416, 41.7398062], [-88.0913483, 41.7398552]]}}, {"type": "Feature", "id": 1076444114, "properties": {"osm_id": 1076444114, "osm_type": "way", "highway": "footway"}, "geometry": {"type": "LineString", "coordinates": [[-88.0913483, 41.7398552], [-88.091344, 41.7398952], [-88.091374, 41.7405989], [-88.091226, 41.7406021], [-88.0907802, 41.740611], [-88.0906008, 41.7406146], [-88.090025, 41.7406261], [-88.0896672, 41.7406333], [-88.0896071, 41.7406245], [-88.0895524, 41.7406077], [-88.0895052, 41.7405821], [-88.0894708, 41.7405541], [-88.0894462, 41.7405244], [-88.0894333, 41.7404876], [-88.0894258, 41.7404428], [-88.0894194, 41.7401186], [-88.0894167, 41.7399331], [-88.0894161, 41.739896]]}}, {"type": "Feature", "id": 1076444115, "properties": {"osm_id": 1076444115, "osm_type": "way", "crossing": "unmarked", "highway": "footway"}, "geometry": {"type": "LineString", "coordinates": [[-88.0894161, 41.739896], [-88.0894149, 41.7398458], [-88.089414, 41.7398072]]}}, {"type": "Feature", "id": 1076444116, "properties": {"osm_id": 1076444116, "osm_type": "way", "highway": "footway"}, "geometry": {"type": "LineString", "coordinates": [[-88.089414, 41.7398072], [-88.089413, 41.7397729], [-88.0894086, 41.7396174], [-88.0894118, 41.7395734], [-88.0894247, 41.7395157], [-88.089444, 41.7394645], [-88.0894633, 41.7394117], [-88.0894977, 41.7393516], [-88.089546, 41.7392948], [-88.0895942, 41.7392484], [-88.0896393, 41.7392091], [-88.0897058, 41.7391699], [-88.0897659, 41.7391387], [-88.0898185, 41.7391139], [-88.0899032, 41.739089], [-88.0899751, 41.7390706], [-88.0900459, 41.7390562], [-88.0901178, 41.7390522], [-88.0904847, 41.739045], [-88.0915458, 41.7390202], [-88.0925303, 41.7390011], [-88.0925758, 41.7390002]]}}, {"type": "Feature", "id": 1076444117, "properties": {"osm_id": 1076444117, "osm_type": "way", "crossing": "uncontrolled", "highway": "footway"}, "geometry": {"type": "LineString", "coordinates": [[-88.0925758, 41.7390002], [-88.0926332, 41.738999], [-88.092697, 41.7389978]]}}, {"type": "Feature", "id": 1076444118, "properties": {"osm_id": 1076444118, "osm_type": "way", "highway": "footway"}, "geometry": {"type": "LineString", "coordinates": [[-88.092697, 41.7389978], [-88.0927461, 41.7389967], [-88.0933257, 41.7389842], [-88.0934362, 41.7389834], [-88.093521, 41.7389786], [-88.0935982, 41.7389698], [-88.0936969, 41.738957], [-88.0937915, 41.7389436]]}}, {"type": "Feature", "id": 1076444119, "properties": {"osm_id": 1076444119, "osm_type": "way", "highway": "footway"}, "geometry": {"type": "LineString", "coordinates": [[-88.0925218, 41.7388395], [-88.092525, 41.7388837]]}}, {"type": "Feature", "id": 1076444120, "properties": {"osm_id": 1076444120, "osm_type": "way", "highway": "footway"}, "geometry": {"type": "LineString", "coordinates": [[-88.0927374, 41.738835], [-88.0927428, 41.7388765]]}}, {"type": "Feature", "id": 1076444121, "properties": {"osm_id": 1076444121, "osm_type": "way", "crossing": "unmarked", "highway": "footway"}, "geometry": {"type": "LineString", "coordinates": [[-88.092525, 41.7388837], [-88.0925267, 41.7389152], [-88.0925293, 41.7389661]]}}, {"type": "Feature", "id": 1076444122, "properties": {"osm_id": 1076444122, "osm_type": "way", "crossing": "unmarked", "highway": "footway"}, "geometry": {"type": "LineString", "coordinates": [[-88.0927428, 41.7388765], [-88.0927437, 41.7389103], [-88.092745, 41.7389565]]}}, {"type": "Feature", "id": 1076444123, "properties": {"osm_id": 1076444123, "osm_type": "way", "highway": "footway"}, "geometry": {"type": "LineString", "coordinates": [[-88.0925293, 41.7389661], [-88.0925303, 41.7390011], [-88.0925446, 41.7397073], [-88.0925454, 41.7397459]]}}, {"type": "Feature", "id": 1076444124, "properties": {"osm_id": 1076444124, "osm_type": "way", "crossing": "unmarked", "highway": "footway"}, "geometry": {"type": "LineString", "coordinates": [[-88.0925454, 41.7397459], [-88.0925468, 41.7397821], [-88.0925486, 41.7398315]]}}, {"type": "Feature", "id": 1076444125, "properties": {"osm_id": 1076444125, "osm_type": "way", "highway": "footway"}, "geometry": {"type": "LineString", "coordinates": [[-88.0925486, 41.7398315], [-88.0925496, 41.739869], [-88.0925615, 41.7403407], [-88.0925733, 41.7407586], [-88.0925787, 41.7411052], [-88.0925765, 41.7411588], [-88.0925669, 41.7412269], [-88.0925433, 41.7413061], [-88.09251, 41.7413774], [-88.0924789, 41.7414294], [-88.092437, 41.7414791], [-88.092378, 41.7415356], [-88.0922965, 41.7415959], [-88.0922278, 41.7416368], [-88.0921549, 41.7416728], [-88.0920336, 41.7417096], [-88.0915734, 41.7418609], [-88.0914961, 41.7418801], [-88.0913878, 41.7419017], [-88.0913051, 41.741913], [-88.0911721, 41.7419234], [-88.0908273, 41.741929], [-88.0907794, 41.7419298]]}}, {"type": "Feature", "id": 1076444126, "properties": {"osm_id": 1076444126, "osm_type": "way", "crossing": "unmarked", "highway": "footway"}, "geometry": {"type": "LineString", "coordinates": [[-88.0907794, 41.7419298], [-88.0907241, 41.7419317], [-88.0906625, 41.7419338]]}}, {"type": "Feature", "id": 1076444127, "properties": {"osm_id": 1076444127, "osm_type": "way", "highway": "footway"}, "geometry": {"type": "LineString", "coordinates": [[-88.0906625, 41.7419338], [-88.0906121, 41.7419314], [-88.0901411, 41.7419426]]}}, {"type": "Feature", "id": 1076444128, "properties": {"osm_id": 1076444128, "osm_type": "way", "highway": "footway"}, "geometry": {"type": "LineString", "coordinates": [[-88.089698, 41.7419506], [-88.08924540473592, 41.74195830374917]]}}, {"type": "Feature", "id": 1076444129, "properties": {"osm_id": 1076444129, "osm_type": "way", "highway": "footway"}, "geometry": {"type": "LineString", "coordinates": [[-88.0886873, 41.7420146], [-88.0886873, 41.74200306921824]]}}, {"type": "Feature", "id": 1076444130, "properties": {"osm_id": 1076444130, "osm_type": "way", "highway": "footway"}, "geometry": {"type": "LineString", "coordinates": [[-88.0886358, 41.7421339], [-88.0886798, 41.7421299], [-88.089316, 41.7421195], [-88.0901915, 41.7421051], [-88.0906139, 41.7420937], [-88.0906679, 41.7420923]]}}, {"type": "Feature", "id": 1076444131, "properties": {"osm_id": 1076444131, "osm_type": "way", "crossing": "unmarked", "highway": "footway"}, "geometry": {"type": "LineString", "coordinates": [[-88.0906679, 41.7420923], [-88.0907304, 41.7420918], [-88.0907837, 41.7420915]]}}, {"type": "Feature", "id": 1076444132, "properties": {"osm_id": 1076444132, "osm_type": "way", "highway": "footway"}, "geometry": {"type": "LineString", "coordinates": [[-88.0907837, 41.7420915], [-88.0908378, 41.7420903], [-88.0911453, 41.7420835], [-88.0912461, 41.7420795], [-88.0913245, 41.7420723], [-88.0914006, 41.7420627], [-88.0914736, 41.7420498], [-88.091582, 41.7420282], [-88.0916721, 41.7420042], [-88.0917579, 41.7419778], [-88.0922536, 41.7418145], [-88.0923104, 41.7417929], [-88.0923705, 41.7417633], [-88.0924252, 41.7417296], [-88.0924789, 41.7416928], [-88.0925335, 41.7416552], [-88.0925958, 41.7415951], [-88.092642, 41.7415439], [-88.0926784, 41.7414911], [-88.0927128, 41.7414446], [-88.0927374, 41.7413918], [-88.0927611, 41.7413406], [-88.0927793, 41.7412805], [-88.0927868, 41.7412205], [-88.0927932, 41.7411372], [-88.09279, 41.7406993], [-88.0927761, 41.7403103], [-88.0927652, 41.7398642], [-88.0927643, 41.7398243], [-88.0927608, 41.7396801], [-88.0927525, 41.7393352], [-88.0927461, 41.7389967], [-88.092745, 41.7389565]]}}, {"type": "Feature", "id": 1076444133, "properties": {"osm_id": 1076444133, "osm_type": "way", "highway": "footway"}, "geometry": {"type": "LineString", "coordinates": [[-88.0891952, 41.7397761], [-88.0892494, 41.7397753]]}}, {"type": "Feature", "id": 1076444134, "properties": {"osm_id": 1076444134, "osm_type": "way", "crossing": "unmarked", "highway": "footway"}, "geometry": {"type": "LineString", "coordinates": [[-88.0891982, 41.739897], [-88.0892558, 41.7398986], [-88.0893086, 41.7399173], [-88.0893621, 41.7399362]]}}, {"type": "Feature", "id": 1076444135, "properties": {"osm_id": 1076444135, "osm_type": "way", "crossing": "unmarked", "highway": "footway"}, "geometry": {"type": "LineString", "coordinates": [[-88.0892494, 41.7397753], [-88.0893062, 41.7397745], [-88.0893642, 41.7397737]]}}, {"type": "Feature", "id": 1076444136, "properties": {"osm_id": 1076444136, "osm_type": "way", "highway": "footway"}, "geometry": {"type": "LineString", "coordinates": [[-88.0893621, 41.7399362], [-88.0894167, 41.7399331], [-88.0901764, 41.7399178], [-88.091344, 41.7398952], [-88.0913952, 41.7398938]]}}, {"type": "Feature", "id": 1076444137, "properties": {"osm_id": 1076444137, "osm_type": "way", "crossing": "unmarked", "highway": "footway"}, "geometry": {"type": "LineString", "coordinates": [[-88.0913952, 41.7398938], [-88.0914515, 41.7398927], [-88.0915121, 41.7398914]]}}, {"type": "Feature", "id": 1076444138, "properties": {"osm_id": 1076444138, "osm_type": "way", "highway": "footway"}, "geometry": {"type": "LineString", "coordinates": [[-88.0915121, 41.7398914], [-88.09156, 41.7398891], [-88.0923758, 41.7398714], [-88.0925496, 41.739869], [-88.0926, 41.7398658]]}}, {"type": "Feature", "id": 1076444139, "properties": {"osm_id": 1076444139, "osm_type": "way", "crossing": "unmarked", "highway": "footway"}, "geometry": {"type": "LineString", "coordinates": [[-88.0926, 41.7398658], [-88.0926553, 41.7398653], [-88.0927652, 41.7398642]]}}, {"type": "Feature", "id": 1076444140, "properties": {"osm_id": 1076444140, "osm_type": "way", "crossing": "unmarked", "highway": "footway"}, "geometry": {"type": "LineString", "coordinates": [[-88.0926011, 41.7397065], [-88.0926508, 41.7396947], [-88.0926987, 41.7396833], [-88.0927608, 41.7396801]]}}, {"type": "Feature", "id": 1076444141, "properties": {"osm_id": 1076444141, "osm_type": "way", "highway": "footway"}, "geometry": {"type": "LineString", "coordinates": [[-88.0926011, 41.7397065], [-88.0925446, 41.7397073], [-88.0915296, 41.7397295], [-88.0913386, 41.7397335], [-88.089413, 41.7397729], [-88.0893642, 41.7397737]]}}, {"type": "Feature", "id": 1076444142, "properties": {"osm_id": 1076444142, "osm_type": "way", "crossing": "unmarked", "highway": "footway"}, "geometry": {"type": "LineString", "coordinates": [[-88.0907822, 41.7407348], [-88.0907814, 41.7406861], [-88.0907802, 41.740611]]}}, {"type": "Feature", "id": 1076444143, "properties": {"osm_id": 1076444143, "osm_type": "way", "crossing": "unmarked", "highway": "footway"}, "geometry": {"type": "LineString", "coordinates": [[-88.0905702, 41.7407395], [-88.0905878, 41.7406893], [-88.0905981, 41.7406601], [-88.0906008, 41.7406146]]}}, {"type": "Feature", "id": 1076444144, "properties": {"osm_id": 1076444144, "osm_type": "way", "highway": "footway"}, "geometry": {"type": "LineString", "coordinates": [[-88.0905702, 41.7407395], [-88.0905719, 41.7407747], [-88.0906121, 41.7419314]]}}, {"type": "Feature", "id": 1076444145, "properties": {"osm_id": 1076444145, "osm_type": "way", "highway": "footway"}, "geometry": {"type": "LineString", "coordinates": [[-88.0908273, 41.741929], [-88.0908246, 41.7419047], [-88.0908029, 41.7412449], [-88.0907859, 41.7407738], [-88.0907822, 41.7407348]]}}, {"type": "Feature", "id": 1076444146, "properties": {"osm_id": 1076444146, "osm_type": "way", "highway": "footway"}, "geometry": {"type": "LineString", "coordinates": [[-88.0908273, 41.741929], [-88.0908301, 41.7419668]]}}, {"type": "Feature", "id": 1076444147, "properties": {"osm_id": 1076444147, "osm_type": "way", "highway": "footway"}, "geometry": {"type": "LineString", "coordinates": [[-88.0906121, 41.7419314], [-88.0906101, 41.7419716]]}}, {"type": "Feature", "id": 1076444148, "properties": {"osm_id": 1076444148, "osm_type": "way", "crossing": "unmarked", "highway": "footway"}, "geometry": {"type": "LineString", "coordinates": [[-88.0906101, 41.7419716], [-88.0906122, 41.7420062], [-88.0906151, 41.7420539]]}}, {"type": "Feature", "id": 1076444149, "properties": {"osm_id": 1076444149, "osm_type": "way", "crossing": "unmarked", "highway": "footway"}, "geometry": {"type": "LineString", "coordinates": [[-88.0908301, 41.7419668], [-88.0908312, 41.7420016], [-88.0908329, 41.7420506]]}}, {"type": "Feature", "id": 1076444150, "properties": {"osm_id": 1076444150, "osm_type": "way", "crossing": "unmarked", "highway": "footway"}, "geometry": {"type": "LineString", "coordinates": [[-88.0886358, 41.7421339], [-88.0885712, 41.7421338]]}}, {"type": "Feature", "id": 1076444151, "properties": {"osm_id": 1076444151, "osm_type": "way", "crossing": "unmarked", "highway": "footway"}, "geometry": {"type": "LineString", "coordinates": [[-88.0886873, 41.7420146], [-88.0886871, 41.7420427], [-88.0886868, 41.7420977]]}}, {"type": "Feature", "id": 1076444152, "properties": {"osm_id": 1076444152, "osm_type": "way", "highway": "footway"}, "geometry": {"type": "LineString", "coordinates": [[-88.0886868, 41.7420977], [-88.0886798, 41.7421299], [-88.0886826, 41.7421911], [-88.0886763, 41.7422341], [-88.088661, 41.7422651], [-88.0886574, 41.7423028], [-88.0886718, 41.7425653], [-88.0886808, 41.7427471], [-88.0886772, 41.7427686], [-88.0886817, 41.7429248], [-88.0886862, 41.7429585], [-88.0886971, 41.7429726], [-88.0887106, 41.7429867], [-88.0887214, 41.7430029], [-88.088725, 41.7430251], [-88.0887305, 41.7431934], [-88.0887458, 41.7436], [-88.0887638, 41.7439608], [-88.0887936, 41.7445814], [-88.0888288, 41.7452554], [-88.0888369, 41.7454659], [-88.0888351, 41.7454942], [-88.0888261, 41.7455218], [-88.0888261, 41.7455568], [-88.0888342, 41.7455837], [-88.0888435, 41.745606]]}}, {"type": "Feature", "id": 1076444153, "properties": {"osm_id": 1076444153, "osm_type": "way", "crossing": "unmarked", "highway": "footway"}, "geometry": {"type": "LineString", "coordinates": [[-88.0898067, 41.7456037], [-88.0898088, 41.7456573]]}}, {"type": "Feature", "id": 1076444154, "properties": {"osm_id": 1076444154, "osm_type": "way", "highway": "footway"}, "geometry": {"type": "LineString", "coordinates": [[-88.0898067, 41.7456037], [-88.0898068, 41.7455876], [-88.0897906, 41.7452571], [-88.0897852, 41.7452002], [-88.089776, 41.7451591], [-88.0897734, 41.7451474], [-88.0897627, 41.7451026], [-88.0897434, 41.7450417], [-88.0897289, 41.745018], [-88.0897047, 41.7449785], [-88.0895717, 41.7447909], [-88.0895288, 41.7447392], [-88.0894955, 41.7446767], [-88.0894623, 41.7446119], [-88.0894376, 41.7445566], [-88.0894161, 41.7444926], [-88.0894022, 41.7444109], [-88.0893872, 41.744114], [-88.0893857, 41.7440821], [-88.0893794, 41.7439431], [-88.0893678, 41.7436889], [-88.0893614, 41.7435288], [-88.089355, 41.7434423], [-88.0893518, 41.7433759], [-88.0893507, 41.7433303], [-88.0893614, 41.7432854], [-88.0893764, 41.7432334], [-88.0894065, 41.7431766], [-88.0894408, 41.7431261], [-88.0894934, 41.7430773], [-88.0895492, 41.7430317], [-88.0896071, 41.742994], [-88.0896758, 41.742962], [-88.0897358, 41.7429364], [-88.0897927, 41.7429188], [-88.0898464, 41.7429068], [-88.0899182, 41.7428972], [-88.0899815, 41.7428916], [-88.0900996, 41.74289], [-88.0906466, 41.7428782], [-88.0906971, 41.7428772]]}}, {"type": "Feature", "id": 1076444155, "properties": {"osm_id": 1076444155, "osm_type": "way", "crossing": "unmarked", "highway": "footway"}, "geometry": {"type": "LineString", "coordinates": [[-88.0906971, 41.7428772], [-88.0907593, 41.7428768], [-88.0908195, 41.7428764]]}}, {"type": "Feature", "id": 1076444156, "properties": {"osm_id": 1076444156, "osm_type": "way", "highway": "footway"}, "geometry": {"type": "LineString", "coordinates": [[-88.0908195, 41.7428764], [-88.090864, 41.7428755], [-88.0911714, 41.7428692], [-88.0912626, 41.7428652], [-88.0913559, 41.7428572], [-88.0914331, 41.7428483], [-88.0914932, 41.7428395], [-88.0915715, 41.7428219], [-88.0916617, 41.7428043], [-88.0917443, 41.7427763], [-88.0918999, 41.7427155], [-88.0920104, 41.7426754], [-88.092079, 41.7426538], [-88.0921531, 41.7426346], [-88.0922164, 41.7426258], [-88.0922775, 41.7426218], [-88.0923548, 41.7426242], [-88.0923927, 41.7426298], [-88.0924363, 41.7426362]]}}, {"type": "Feature", "id": 1076444157, "properties": {"osm_id": 1076444157, "osm_type": "way", "crossing": "unmarked", "highway": "footway"}, "geometry": {"type": "LineString", "coordinates": [[-88.0924363, 41.7426362], [-88.0924705, 41.7426599], [-88.0925275, 41.7426994], [-88.0926251, 41.7427315], [-88.0926781, 41.7427436], [-88.0927335, 41.7427563]]}}, {"type": "Feature", "id": 1076444158, "properties": {"osm_id": 1076444158, "osm_type": "way", "highway": "footway"}, "geometry": {"type": "LineString", "coordinates": [[-88.0923784, 41.742665], [-88.0923927, 41.7426298], [-88.0924696, 41.7425177], [-88.0924985, 41.7424793], [-88.0925275, 41.7424601], [-88.0925683, 41.7424433], [-88.092624, 41.7424313], [-88.092668, 41.7424289], [-88.0927185, 41.7424313], [-88.0927592, 41.7424417], [-88.0928, 41.7424585], [-88.0928311, 41.7424833], [-88.0928515, 41.7425097], [-88.0928697, 41.7425538], [-88.092873, 41.7425794], [-88.0928676, 41.7426146], [-88.0928569, 41.7426482], [-88.0928236, 41.7427003], [-88.0927764, 41.7427699], [-88.0927431, 41.7427979]]}}, {"type": "Feature", "id": 1076444159, "properties": {"osm_id": 1076444159, "osm_type": "way", "crossing": "unmarked", "highway": "footway"}, "geometry": {"type": "LineString", "coordinates": [[-88.0923784, 41.742665], [-88.0923703, 41.7426962], [-88.092358, 41.7427443]]}}, {"type": "Feature", "id": 1076444160, "properties": {"osm_id": 1076444160, "osm_type": "way", "highway": "footway"}, "geometry": {"type": "LineString", "coordinates": [[-88.092358, 41.7427443], [-88.0923548, 41.7427867]]}}, {"type": "Feature", "id": 1076444161, "properties": {"osm_id": 1076444161, "osm_type": "way", "crossing": "unmarked", "highway": "footway"}, "geometry": {"type": "LineString", "coordinates": [[-88.0927431, 41.7427979], [-88.0927057, 41.7428258]]}}, {"type": "Feature", "id": 1076444162, "properties": {"osm_id": 1076444162, "osm_type": "way", "highway": "footway"}, "geometry": {"type": "LineString", "coordinates": [[-88.0927335, 41.7427563], [-88.0927764, 41.7427699], [-88.0928107, 41.7427947], [-88.0928515, 41.7428355], [-88.0928826, 41.7428804], [-88.0929234, 41.742938], [-88.0929459, 41.74299], [-88.0929599, 41.7430349], [-88.0929717, 41.7430989], [-88.0929899, 41.7434928], [-88.0929993, 41.743713], [-88.0930063, 41.7438781], [-88.0930135, 41.7440459], [-88.0930339, 41.7444822], [-88.0930382, 41.7445694], [-88.0930382, 41.7446087], [-88.0930242, 41.7446687], [-88.0930071, 41.7447175], [-88.092977, 41.744776], [-88.0929438, 41.7448256], [-88.0928901, 41.7448832], [-88.0928311, 41.7449321], [-88.0927743, 41.7449713], [-88.0926991, 41.7450041], [-88.0926219, 41.7450345], [-88.0925425, 41.7450553], [-88.0924567, 41.7450698], [-88.0923408, 41.7450802], [-88.0916037, 41.7450954], [-88.090827, 41.7451082], [-88.0905437, 41.7451154], [-88.0905019, 41.745113], [-88.0904439, 41.745101], [-88.0904193, 41.7450994], [-88.0903892, 41.7451066], [-88.0903742, 41.745113], [-88.0903528, 41.745117], [-88.0902294, 41.7451194], [-88.0901596, 41.7451282], [-88.0900502, 41.7451434], [-88.0899966, 41.7451578], [-88.0899504, 41.7451474]]}}, {"type": "Feature", "id": 1076444163, "properties": {"osm_id": 1076444163, "osm_type": "way", "highway": "footway"}, "geometry": {"type": "LineString", "coordinates": [[-88.089776, 41.7451591], [-88.0898367, 41.7451466]]}}, {"type": "Feature", "id": 1076444164, "properties": {"osm_id": 1076444164, "osm_type": "way", "crossing": "unmarked", "highway": "footway"}, "geometry": {"type": "LineString", "coordinates": [[-88.0898367, 41.7451466], [-88.0898898, 41.745147], [-88.0899504, 41.7451474]]}}, {"type": "Feature", "id": 1076444165, "properties": {"osm_id": 1076444165, "osm_type": "way", "highway": "footway"}, "geometry": {"type": "LineString", "coordinates": [[-88.0900236, 41.7455851], [-88.0900105, 41.7452603], [-88.0899966, 41.7451578], [-88.0899944, 41.745117]]}}, {"type": "Feature", "id": 1076444166, "properties": {"osm_id": 1076444166, "osm_type": "way", "crossing": "unmarked", "highway": "footway"}, "geometry": {"type": "LineString", "coordinates": [[-88.0899944, 41.745117], [-88.0899795, 41.745067], [-88.0899697, 41.7450345]]}}, {"type": "Feature", "id": 1076444167, "properties": {"osm_id": 1076444167, "osm_type": "way", "highway": "footway"}, "geometry": {"type": "LineString", "coordinates": [[-88.0899697, 41.7450345], [-88.0899426, 41.7449975], [-88.0899268, 41.7449761], [-88.0899172, 41.7449433], [-88.0898968, 41.7449065], [-88.0898442, 41.744828], [-88.0897487, 41.7447055], [-88.0897165, 41.7446559], [-88.0896833, 41.7446015], [-88.0896629, 41.7445526], [-88.0896361, 41.744487], [-88.0896253, 41.744443], [-88.0896135, 41.7443821], [-88.0896092, 41.7443277], [-88.0896019, 41.7441043], [-88.0896007, 41.7440659]]}}, {"type": "Feature", "id": 1076444168, "properties": {"osm_id": 1076444168, "osm_type": "way", "crossing": "unmarked", "highway": "footway"}, "geometry": {"type": "LineString", "coordinates": [[-88.0896007, 41.7440659], [-88.0895949, 41.7440128], [-88.089591, 41.7439763]]}}, {"type": "Feature", "id": 1076444169, "properties": {"osm_id": 1076444169, "osm_type": "way", "highway": "footway"}, "geometry": {"type": "LineString", "coordinates": [[-88.089591, 41.7439763], [-88.0895896, 41.743946], [-88.0895728, 41.74358], [-88.0895695, 41.7433799], [-88.0895738, 41.7433391], [-88.0895835, 41.7432894], [-88.089605, 41.7432494], [-88.089635, 41.743207], [-88.089664, 41.7431734], [-88.0897144, 41.7431373], [-88.089768, 41.7431085], [-88.0898217, 41.7430861], [-88.0898689, 41.7430717], [-88.0899182, 41.7430613], [-88.0899665, 41.7430565], [-88.0905866, 41.7430437], [-88.0906519, 41.7430421], [-88.0907937, 41.7430388], [-88.0911327, 41.7430309], [-88.0912647, 41.7430285], [-88.0913366, 41.7430205], [-88.0914364, 41.7430109], [-88.091519, 41.7430036], [-88.0916434, 41.7429812], [-88.0917314, 41.7429572], [-88.0918065, 41.742934], [-88.0918999, 41.742902], [-88.0920758, 41.7428323], [-88.0921402, 41.7428059], [-88.0922142, 41.7427923], [-88.0922818, 41.7427859], [-88.0923548, 41.7427867], [-88.0924341, 41.7428003], [-88.0924792, 41.7428123], [-88.0925232, 41.7428323], [-88.0925811, 41.7428644], [-88.0926273, 41.7428916], [-88.0926723, 41.7429316], [-88.092711, 41.7429756], [-88.0927346, 41.7430205], [-88.0927485, 41.7430589], [-88.0927571, 41.7431165], [-88.092771, 41.7434584], [-88.0927823, 41.7437171], [-88.0927839, 41.7437546]]}}, {"type": "Feature", "id": 1076444170, "properties": {"osm_id": 1076444170, "osm_type": "way", "crossing": "unmarked", "highway": "footway"}, "geometry": {"type": "LineString", "coordinates": [[-88.0927839, 41.7437546], [-88.0927861, 41.74379], [-88.0927893, 41.7438418]]}}, {"type": "Feature", "id": 1076444171, "properties": {"osm_id": 1076444171, "osm_type": "way", "highway": "footway"}, "geometry": {"type": "LineString", "coordinates": [[-88.0927893, 41.7438418], [-88.0927911, 41.7438835], [-88.0928097, 41.7443037], [-88.0928215, 41.7445599], [-88.0928193, 41.7446087], [-88.0928075, 41.7446535], [-88.0927882, 41.7446976], [-88.0927528, 41.7447456], [-88.0927174, 41.7447824], [-88.0926745, 41.7448176], [-88.0926219, 41.7448481], [-88.0925618, 41.7448753], [-88.0925007, 41.7448945], [-88.0924417, 41.7449057], [-88.0923762, 41.7449145], [-88.0923129, 41.7449201], [-88.0917214, 41.7449313], [-88.0909729, 41.7449433], [-88.0904266, 41.7449561], [-88.0902734, 41.7449569], [-88.0901983, 41.7449657], [-88.090062, 41.7449833], [-88.0899933, 41.7449905], [-88.0899426, 41.7449975]]}}, {"type": "Feature", "id": 1076444172, "properties": {"osm_id": 1076444172, "osm_type": "way", "highway": "footway"}, "geometry": {"type": "LineString", "coordinates": [[-88.0899426, 41.7449975], [-88.0898944, 41.7450027]]}}, {"type": "Feature", "id": 1076444173, "properties": {"osm_id": 1076444173, "osm_type": "way", "crossing": "unmarked", "highway": "footway"}, "geometry": {"type": "LineString", "coordinates": [[-88.0898944, 41.7450027], [-88.0898469, 41.7450049], [-88.089779, 41.7450081], [-88.0897289, 41.745018]]}}, {"type": "Feature", "id": 1076444174, "properties": {"osm_id": 1076444174, "osm_type": "way", "highway": "footway"}, "geometry": {"type": "LineString", "coordinates": [[-88.0906151, 41.7420539], [-88.0906139, 41.7420937], [-88.0906466, 41.7428782], [-88.0906547, 41.7429114]]}}, {"type": "Feature", "id": 1076444175, "properties": {"osm_id": 1076444175, "osm_type": "way", "highway": "footway"}, "geometry": {"type": "LineString", "coordinates": [[-88.0906519, 41.7430421], [-88.0906502, 41.7429969]]}}, {"type": "Feature", "id": 1076444176, "properties": {"osm_id": 1076444176, "osm_type": "way", "crossing": "unmarked", "highway": "footway"}, "geometry": {"type": "LineString", "coordinates": [[-88.0906502, 41.7429969], [-88.0906526, 41.7429511], [-88.0906547, 41.7429114]]}}, {"type": "Feature", "id": 1076444177, "properties": {"osm_id": 1076444177, "osm_type": "way", "crossing": "unmarked", "highway": "footway"}, "geometry": {"type": "LineString", "coordinates": [[-88.0908667, 41.7429135], [-88.0908385, 41.7429476], [-88.0907972, 41.7429976], [-88.0907937, 41.7430388]]}}, {"type": "Feature", "id": 1076444178, "properties": {"osm_id": 1076444178, "osm_type": "way", "highway": "footway"}, "geometry": {"type": "LineString", "coordinates": [[-88.0908667, 41.7429135], [-88.090864, 41.7428755], [-88.0908378, 41.7420903], [-88.0908329, 41.7420506]]}}, {"type": "Feature", "id": 1076444179, "properties": {"osm_id": 1076444179, "osm_type": "way", "highway": "footway"}, "geometry": {"type": "LineString", "coordinates": [[-88.0893794, 41.7439431], [-88.0894284, 41.7439415]]}}, {"type": "Feature", "id": 1076444180, "properties": {"osm_id": 1076444180, "osm_type": "way", "crossing": "unmarked", "highway": "footway"}, "geometry": {"type": "LineString", "coordinates": [[-88.0893857, 41.7440821], [-88.0894419, 41.7440861], [-88.089493, 41.7440943], [-88.0895502, 41.7441036]]}}, {"type": "Feature", "id": 1076444181, "properties": {"osm_id": 1076444181, "osm_type": "way", "crossing": "unmarked", "highway": "footway"}, "geometry": {"type": "LineString", "coordinates": [[-88.0894284, 41.7439415], [-88.0894856, 41.7439411], [-88.0895447, 41.7439407]]}}, {"type": "Feature", "id": 1076444182, "properties": {"osm_id": 1076444182, "osm_type": "way", "highway": "footway"}, "geometry": {"type": "LineString", "coordinates": [[-88.0895502, 41.7441036], [-88.0896019, 41.7441043], [-88.0904361, 41.7440881], [-88.0910947, 41.7440753], [-88.0912201, 41.7440692], [-88.0912959, 41.7440632], [-88.0914231, 41.7440484], [-88.091516, 41.7440349], [-88.0916712, 41.7440107], [-88.091867, 41.743975], [-88.0921241, 41.7439285], [-88.0922657, 41.743911], [-88.0924299, 41.7438942], [-88.0925364, 41.7438895], [-88.0927267, 41.7438848], [-88.0927911, 41.7438835], [-88.0928386, 41.7438781]]}}, {"type": "Feature", "id": 1076444183, "properties": {"osm_id": 1076444183, "osm_type": "way", "crossing": "unmarked", "highway": "footway"}, "geometry": {"type": "LineString", "coordinates": [[-88.0928386, 41.7438781], [-88.0928955, 41.7438781], [-88.0930063, 41.7438781]]}}, {"type": "Feature", "id": 1076444184, "properties": {"osm_id": 1076444184, "osm_type": "way", "crossing": "unmarked", "highway": "footway"}, "geometry": {"type": "LineString", "coordinates": [[-88.092844, 41.7437158], [-88.0928879, 41.743715], [-88.0929993, 41.743713]]}}, {"type": "Feature", "id": 1076444185, "properties": {"osm_id": 1076444185, "osm_type": "way", "highway": "footway"}, "geometry": {"type": "LineString", "coordinates": [[-88.092844, 41.7437158], [-88.0927823, 41.7437171], [-88.0924444, 41.7437266], [-88.0923053, 41.7437387], [-88.0921537, 41.7437589], [-88.0919742, 41.7437865], [-88.091515, 41.743868], [-88.0913806, 41.7438915], [-88.0912777, 41.7439023], [-88.0911424, 41.7439104], [-88.090999, 41.7439131], [-88.0895896, 41.743946], [-88.0895447, 41.7439407]]}}, {"type": "Feature", "id": 1077501567, "properties": {"osm_id": 1077501567, "osm_type": "way", "highway": "footway"}, "geometry": {"type": "LineString", "coordinates": [[-88.1083503, 41.7569498], [-88.1084107, 41.7569462]]}}, {"type": "Feature", "id": 1077501568, "properties": {"osm_id": 1077501568, "osm_type": "way", "highway": "footway"}, "geometry": {"type": "LineString", "coordinates": [[-88.1083392, 41.7567903], [-88.1083939, 41.7567867]]}}, {"type": "Feature", "id": 1077501569, "properties": {"osm_id": 1077501569, "osm_type": "way", "highway": "footway"}, "geometry": {"type": "LineString", "coordinates": [[-88.1074229, 41.7594765], [-88.1074211, 41.7594304]]}}, {"type": "Feature", "id": 1077501570, "properties": {"osm_id": 1077501570, "osm_type": "way", "highway": "footway"}, "geometry": {"type": "LineString", "coordinates": [[-88.1072039, 41.7593635], [-88.1072062, 41.7594024]]}}, {"type": "Feature", "id": 1077501571, "properties": {"osm_id": 1077501571, "osm_type": "way", "highway": "footway"}, "geometry": {"type": "LineString", "coordinates": [[-88.1071208, 41.7571302], [-88.1071115, 41.7570785]]}}, {"type": "Feature", "id": 1077501572, "properties": {"osm_id": 1077501572, "osm_type": "way", "highway": "footway"}, "geometry": {"type": "LineString", "coordinates": [[-88.1073297, 41.7570841], [-88.1073194, 41.7570412]]}}, {"type": "Feature", "id": 1077501573, "properties": {"osm_id": 1077501573, "osm_type": "way", "highway": "footway"}, "geometry": {"type": "LineString", "coordinates": [[-88.1061968, 41.7594251], [-88.1061956, 41.7593881]]}}, {"type": "Feature", "id": 1077501574, "properties": {"osm_id": 1077501574, "osm_type": "way", "highway": "footway"}, "geometry": {"type": "LineString", "coordinates": [[-88.1059781, 41.7593871], [-88.1059796, 41.75943]]}}, {"type": "Feature", "id": 1077501576, "properties": {"osm_id": 1077501576, "osm_type": "way", "highway": "residential", "lanes": "2", "name": "Sun Valley Road"}, "geometry": {"type": "LineString", "coordinates": [[-88.109688, 41.761022], [-88.1095792, 41.7610215], [-88.10914149610109, 41.76103445778555]]}}, {"type": "Feature", "id": 1077501577, "properties": {"osm_id": 1077501577, "osm_type": "way", "highway": "footway"}, "geometry": {"type": "LineString", "coordinates": [[-88.1047568, 41.7594151], [-88.1047575, 41.7594511]]}}, {"type": "Feature", "id": 1077501578, "properties": {"osm_id": 1077501578, "osm_type": "way", "highway": "footway"}, "geometry": {"type": "LineString", "coordinates": [[-88.104964, 41.7594073], [-88.1049637, 41.7594488]]}}, {"type": "Feature", "id": 1077501579, "properties": {"osm_id": 1077501579, "osm_type": "way", "highway": "secondary", "lanes": "4", "maxspeed": "40 mph", "name": "College Road"}, "geometry": {"type": "LineString", "coordinates": [[-88.1038982, 41.7573838], [-88.1038789, 41.7568566]]}}, {"type": "Feature", "id": 1077501580, "properties": {"osm_id": 1077501580, "osm_type": "way", "highway": "footway"}, "geometry": {"type": "LineString", "coordinates": [[-88.104037, 41.7556636], [-88.1040135, 41.7556476]]}}, {"type": "Feature", "id": 1077501581, "properties": {"osm_id": 1077501581, "osm_type": "way", "highway": "service", "oneway": "yes"}, "geometry": {"type": "LineString", "coordinates": [[-88.1050887, 41.7555674], [-88.1051053, 41.7559933]]}}, {"type": "Feature", "id": 1077501582, "properties": {"osm_id": 1077501582, "osm_type": "way", "highway": "service", "oneway": "yes"}, "geometry": {"type": "LineString", "coordinates": [[-88.105316, 41.7555265], [-88.1053332, 41.7559918]]}}, {"type": "Feature", "id": 1077501583, "properties": {"osm_id": 1077501583, "osm_type": "way", "highway": "service", "oneway": "yes"}, "geometry": {"type": "LineString", "coordinates": [[-88.1055428, 41.7554891], [-88.1055614, 41.7559868]]}}, {"type": "Feature", "id": 1077501584, "properties": {"osm_id": 1077501584, "osm_type": "way", "highway": "service", "oneway": "yes"}, "geometry": {"type": "LineString", "coordinates": [[-88.1057792, 41.7554511], [-88.1057925, 41.755975]]}}, {"type": "Feature", "id": 1077501585, "properties": {"osm_id": 1077501585, "osm_type": "way", "highway": "service"}, "geometry": {"type": "LineString", "coordinates": [[-88.1080292, 41.7557997], [-88.1070682, 41.755966]]}}, {"type": "Feature", "id": 1077501586, "properties": {"osm_id": 1077501586, "osm_type": "way", "highway": "service"}, "geometry": {"type": "LineString", "coordinates": [[-88.1080629, 41.7559802], [-88.1071232, 41.7561429]]}}, {"type": "Feature", "id": 1077501587, "properties": {"osm_id": 1077501587, "osm_type": "way", "highway": "service"}, "geometry": {"type": "LineString", "coordinates": [[-88.1079676, 41.7561639], [-88.1071726, 41.7563015]]}}, {"type": "Feature", "id": 1077501588, "properties": {"osm_id": 1077501588, "osm_type": "way", "highway": "service"}, "geometry": {"type": "LineString", "coordinates": [[-88.1046916, 41.7566182], [-88.1043971, 41.7566169]]}}, {"type": "Feature", "id": 1077501589, "properties": {"osm_id": 1077501589, "osm_type": "way", "highway": "service", "oneway": "yes"}, "geometry": {"type": "LineString", "coordinates": [[-88.1047793, 41.756798], [-88.1048115, 41.7567907], [-88.1048402, 41.7567774], [-88.1048634, 41.7567592], [-88.1048795, 41.7567371], [-88.1048875, 41.7567126], [-88.104884, 41.756677], [-88.1048634, 41.7566448], [-88.1048287, 41.7566203], [-88.1047844, 41.7566067], [-88.1047365, 41.756606], [-88.1046916, 41.7566182], [-88.1046555, 41.7566417], [-88.1046333, 41.7566733], [-88.1046278, 41.7567088], [-88.1046398, 41.7567433], [-88.104658, 41.7567645], [-88.1046828, 41.7567815], [-88.1047127, 41.7567932], [-88.1047456, 41.7567988], [-88.1047793, 41.756798]]}}, {"type": "Feature", "id": 1077501590, "properties": {"osm_id": 1077501590, "osm_type": "way", "highway": "service"}, "geometry": {"type": "LineString", "coordinates": [[-88.1037875, 41.7542369], [-88.10389517592273, 41.75423111683606]]}}, {"type": "Feature", "id": 1077501591, "properties": {"osm_id": 1077501591, "osm_type": "way", "crossing": "traffic_signals", "highway": "cycleway"}, "geometry": {"type": "LineString", "coordinates": [[-88.1040135, 41.7556476], [-88.1038354, 41.7556835], [-88.1036678, 41.7557172]]}}, {"type": "Feature", "id": 1077501592, "properties": {"osm_id": 1077501592, "osm_type": "way", "crossing": "traffic_signals", "highway": "cycleway"}, "geometry": {"type": "LineString", "coordinates": [[-88.1040228, 41.7553854], [-88.1040182, 41.7555155], [-88.1040135, 41.7556476]]}}, {"type": "Feature", "id": 1077501593, "properties": {"osm_id": 1077501593, "osm_type": "way", "crossing": "traffic_signals", "highway": "cycleway", "name": "Southern Dupage Regional Trail"}, "geometry": {"type": "LineString", "coordinates": [[-88.1036567, 41.7554551], [-88.1038248, 41.7554231], [-88.1040228, 41.7553854]]}}, {"type": "Feature", "id": 1077501594, "properties": {"osm_id": 1077501594, "osm_type": "way", "highway": "cycleway", "name": "Southern Dupage Regional Trail"}, "geometry": {"type": "LineString", "coordinates": [[-88.0977366, 41.7563452], [-88.0979919, 41.7563019], [-88.0983379, 41.7562479], [-88.0985042, 41.7562219], [-88.0986866, 41.7562159], [-88.0988166, 41.756206], [-88.0988958, 41.7561999], [-88.0998641, 41.7560618], [-88.1012401, 41.7558337], [-88.1014015, 41.7558135], [-88.1014117, 41.7558122]]}}, {"type": "Feature", "id": 1077501595, "properties": {"osm_id": 1077501595, "osm_type": "way", "highway": "secondary", "lanes": "5", "maxspeed": "40 mph", "name": "Wehrli Road"}, "geometry": {"type": "LineString", "coordinates": [[-88.1038289, 41.7555497], [-88.1038248, 41.7554231], [-88.103816, 41.754963], [-88.1037902, 41.754322]]}}, {"type": "Feature", "id": 1077501596, "properties": {"osm_id": 1077501596, "osm_type": "way", "highway": "secondary", "lanes": "4", "maxspeed": "40 mph", "name": "Wehrli Road"}, "geometry": {"type": "LineString", "coordinates": [[-88.1037902, 41.754322], [-88.1037875, 41.7542369]]}}, {"type": "Feature", "id": 1077501597, "properties": {"osm_id": 1077501597, "osm_type": "way", "highway": "footway"}, "geometry": {"type": "LineString", "coordinates": [[-88.10364, 41.7529342], [-88.1037419, 41.7529314]]}}, {"type": "Feature", "id": 1077501598, "properties": {"osm_id": 1077501598, "osm_type": "way", "highway": "footway"}, "geometry": {"type": "LineString", "coordinates": [[-88.1035972, 41.7529314], [-88.10364, 41.7529342]]}}, {"type": "Feature", "id": 1077501599, "properties": {"osm_id": 1077501599, "osm_type": "way", "highway": "residential", "lanes": "1", "name": "Mistwood Drive", "oneway": "yes"}, "geometry": {"type": "LineString", "coordinates": [[-88.1037454, 41.7530363], [-88.1035897, 41.7530068], [-88.1033757, 41.7530119], [-88.1033451, 41.7530434]]}}, {"type": "Feature", "id": 1077501600, "properties": {"osm_id": 1077501600, "osm_type": "way", "highway": "residential", "lanes": "1", "name": "Mistwood Drive", "oneway": "yes"}, "geometry": {"type": "LineString", "coordinates": [[-88.1033451, 41.7530434], [-88.1034026, 41.7530878], [-88.1035528, 41.7530862], [-88.1035883, 41.7530858], [-88.1037454, 41.7530363]]}}, {"type": "Feature", "id": 1077501601, "properties": {"osm_id": 1077501601, "osm_type": "way", "highway": "secondary", "lanes": "4", "maxspeed": "40 mph", "name": "Wehrli Road"}, "geometry": {"type": "MultiLineString", "coordinates": [[[-88.1037875, 41.7542369], [-88.1037635, 41.7534609], [-88.1037454, 41.7530363], [-88.1037419, 41.7529314], [-88.1037225, 41.7523544], [-88.1037136, 41.7521672], [-88.10369949142134, 41.75174011833649]], [[-88.10367306210101, 41.75096966939915], [-88.1036722, 41.7509455]]]}}, {"type": "Feature", "id": 1077501602, "properties": {"osm_id": 1077501602, "osm_type": "way", "highway": "service"}, "geometry": {"type": "LineString", "coordinates": [[-88.1031554, 41.7500403], [-88.1034077, 41.7500359], [-88.1034238, 41.7500356]]}}, {"type": "Feature", "id": 1077501603, "properties": {"osm_id": 1077501603, "osm_type": "way", "highway": "service"}, "geometry": {"type": "LineString", "coordinates": [[-88.1035441, 41.7500335], [-88.103641, 41.7500318]]}}, {"type": "Feature", "id": 1077501604, "properties": {"osm_id": 1077501604, "osm_type": "way", "highway": "secondary", "lanes": "4", "maxspeed": "40 mph", "name": "Wehrli Road"}, "geometry": {"type": "LineString", "coordinates": [[-88.1036722, 41.7509455], [-88.1036659, 41.7507553], [-88.1036598, 41.7505936], [-88.1036578, 41.750525], [-88.1036495, 41.7503214], [-88.103641, 41.7500318]]}}, {"type": "Feature", "id": 1077501606, "properties": {"osm_id": 1077501606, "osm_type": "way", "highway": "secondary", "lanes": "6", "maxspeed": "40 mph", "name": "Wehrli Road"}, "geometry": {"type": "LineString", "coordinates": [[-88.1036121, 41.7490694], [-88.103608, 41.7489428]]}}, {"type": "Feature", "id": 1077501607, "properties": {"osm_id": 1077501607, "osm_type": "way", "highway": "footway"}, "geometry": {"type": "LineString", "coordinates": [[-88.1037828, 41.75059], [-88.1036598, 41.7505936]]}}, {"type": "Feature", "id": 1077501608, "properties": {"osm_id": 1077501608, "osm_type": "way", "highway": "residential", "lanes": "2", "name": "Stonebriar Court"}, "geometry": {"type": "LineString", "coordinates": [[-88.1047994, 41.7508762], [-88.1048145, 41.7507026], [-88.1048362, 41.7506319], [-88.1048691, 41.75056], [-88.104933, 41.7504831], [-88.1049669, 41.7504422], [-88.1050031, 41.7503892], [-88.1050235, 41.7503157], [-88.1050139, 41.7499076], [-88.1050239, 41.7498488], [-88.105067, 41.7497962], [-88.1051375, 41.749768], [-88.1052283, 41.7497532], [-88.1063499, 41.7497303]]}}, {"type": "Feature", "id": 1089704201, "properties": {"osm_id": 1089704201, "osm_type": "way", "highway": "service"}, "geometry": {"type": "LineString", "coordinates": [[-88.1195776, 41.7757885], [-88.1196397, 41.7757926]]}}, {"type": "Feature", "id": 1089704202, "properties": {"osm_id": 1089704202, "osm_type": "way", "highway": "service"}, "geometry": {"type": "LineString", "coordinates": [[-88.1194631, 41.7757878], [-88.11948, 41.7757871], [-88.1195776, 41.7757885]]}}, {"type": "Feature", "id": 1089704203, "properties": {"osm_id": 1089704203, "osm_type": "way", "highway": "service"}, "geometry": {"type": "LineString", "coordinates": [[-88.1197061, 41.7757913], [-88.1196397, 41.7757926]]}}, {"type": "Feature", "id": 1089704204, "properties": {"osm_id": 1089704204, "osm_type": "way", "highway": "service"}, "geometry": {"type": "LineString", "coordinates": [[-88.1198189, 41.7757986], [-88.1197061, 41.7757913]]}}, {"type": "Feature", "id": 1089944023, "properties": {"osm_id": 1089944023, "osm_type": "way", "highway": "residential", "lanes": "1", "name": "Hobson Hollow Drive", "oneway": "yes"}, "geometry": {"type": "LineString", "coordinates": [[-88.1016212, 41.755882], [-88.1015939, 41.7557894], [-88.1014854, 41.7554733], [-88.1014357, 41.7554634]]}}, {"type": "Feature", "id": 1089944024, "properties": {"osm_id": 1089944024, "osm_type": "way", "highway": "residential", "lanes": "2", "name": "Hobson Hollow Drive"}, "geometry": {"type": "LineString", "coordinates": [[-88.1014357, 41.7554634], [-88.101365, 41.755236], [-88.101337, 41.755146]]}}, {"type": "Feature", "id": 1089955691, "properties": {"osm_id": 1089955691, "osm_type": "way", "highway": "tertiary", "lanes": "4", "maxspeed": "35 mph", "name": "Wehrli Road"}, "geometry": {"type": "LineString", "coordinates": [[-88.1009265, 41.7371995], [-88.1008106, 41.7371313], [-88.1004173, 41.7368987], [-88.100127, 41.736727], [-88.1000356, 41.7366672], [-88.1000261, 41.736661], [-88.099939, 41.736604]]}}, {"type": "Feature", "id": 1089955692, "properties": {"osm_id": 1089955692, "osm_type": "way", "highway": "footway"}, "geometry": {"type": "LineString", "coordinates": [[-88.103522, 41.7446008], [-88.1034244, 41.7446017]]}}, {"type": "Feature", "id": 1089955693, "properties": {"osm_id": 1089955693, "osm_type": "way", "highway": "footway"}, "geometry": {"type": "LineString", "coordinates": [[-88.1035306, 41.7447609], [-88.1034321, 41.7447617]]}}, {"type": "Feature", "id": 1089955694, "properties": {"osm_id": 1089955694, "osm_type": "way", "highway": "tertiary", "lanes": "5", "maxspeed": "40 mph", "name": "Wehrli Road"}, "geometry": {"type": "LineString", "coordinates": [[-88.1035496, 41.7476654], [-88.1035319, 41.7472916]]}}, {"type": "Feature", "id": 1089955695, "properties": {"osm_id": 1089955695, "osm_type": "way", "highway": "tertiary", "lanes": "5", "maxspeed": "40 mph", "name": "Wehrli Road"}, "geometry": {"type": "LineString", "coordinates": [[-88.1035609, 41.747904], [-88.1035496, 41.7476654]]}}, {"type": "Feature", "id": 1089955696, "properties": {"osm_id": 1089955696, "osm_type": "way", "highway": "tertiary", "lanes": "5", "maxspeed": "40 mph", "name": "Wehrli Road"}, "geometry": {"type": "LineString", "coordinates": [[-88.1035676, 41.7480509], [-88.1035609, 41.747904]]}}, {"type": "Feature", "id": 1089955697, "properties": {"osm_id": 1089955697, "osm_type": "way", "highway": "tertiary", "lanes": "6", "maxspeed": "40 mph", "name": "Wehrli Road"}, "geometry": {"type": "LineString", "coordinates": [[-88.103597, 41.7486545], [-88.1035683, 41.7480644], [-88.1035676, 41.7480509]]}}, {"type": "Feature", "id": 1089955698, "properties": {"osm_id": 1089955698, "osm_type": "way", "highway": "tertiary", "lanes": "5", "maxspeed": "40 mph", "name": "Wehrli Road"}, "geometry": {"type": "LineString", "coordinates": [[-88.103608, 41.7489428], [-88.1036058, 41.7488737], [-88.103605, 41.748847], [-88.103597, 41.7486545]]}}, {"type": "Feature", "id": 1089955699, "properties": {"osm_id": 1089955699, "osm_type": "way", "highway": "residential", "name": "Shiva Lane"}, "geometry": {"type": "LineString", "coordinates": [[-88.1035319, 41.7472916], [-88.1033645, 41.7472943], [-88.1028785, 41.7473005]]}}, {"type": "Feature", "id": 1089955700, "properties": {"osm_id": 1089955700, "osm_type": "way", "highway": "footway"}, "geometry": {"type": "LineString", "coordinates": [[-88.1026265, 41.7464643], [-88.102622, 41.74641]]}}, {"type": "Feature", "id": 1089955702, "properties": {"osm_id": 1089955702, "osm_type": "way", "highway": "residential", "lanes": "1", "name": "Shiva Lane", "oneway": "yes"}, "geometry": {"type": "LineString", "coordinates": [[-88.1018272, 41.7474536], [-88.1018759, 41.7474509], [-88.1019182, 41.7474327], [-88.1019456, 41.7474026], [-88.1019529, 41.7473666], [-88.1019385, 41.7473318]]}}, {"type": "Feature", "id": 1089955703, "properties": {"osm_id": 1089955703, "osm_type": "way", "highway": "residential", "name": "Shiva Lane"}, "geometry": {"type": "LineString", "coordinates": [[-88.1028785, 41.7473005], [-88.1027586, 41.7473015], [-88.1026804, 41.7473025], [-88.1021379, 41.7473148], [-88.1019385, 41.7473318]]}}, {"type": "Feature", "id": 1089955704, "properties": {"osm_id": 1089955704, "osm_type": "way", "highway": "footway"}, "geometry": {"type": "LineString", "coordinates": [[-88.102675, 41.7472643], [-88.1026804, 41.7473025]]}}, {"type": "Feature", "id": 1089955705, "properties": {"osm_id": 1089955705, "osm_type": "way", "highway": "footway"}, "geometry": {"type": "LineString", "coordinates": [[-88.1035742, 41.7460049], [-88.103486, 41.7460009]]}}, {"type": "Feature", "id": 1089955706, "properties": {"osm_id": 1089955706, "osm_type": "way", "highway": "footway"}, "geometry": {"type": "LineString", "coordinates": [[-88.103586, 41.746217], [-88.1034938, 41.7462246]]}}, {"type": "Feature", "id": 1091328466, "properties": {"osm_id": 1091328466, "osm_type": "way", "highway": "footway"}, "geometry": {"type": "LineString", "coordinates": [[-88.1033521, 41.7453037], [-88.1034585, 41.7453035]]}}, {"type": "Feature", "id": 1091667706, "properties": {"osm_id": 1091667706, "osm_type": "way", "highway": "cycleway"}, "geometry": {"type": "LineString", "coordinates": [[-88.1036678, 41.7557172], [-88.10366154055127, 41.75571846198563]]}}, {"type": "Feature", "id": 1091667709, "properties": {"osm_id": 1091667709, "osm_type": "way", "highway": "cycleway", "name": "Southern Dupage Regional Trail"}, "geometry": {"type": "LineString", "coordinates": [[-88.09540443123065, 41.75663552999158], [-88.095484, 41.7566301], [-88.0956107, 41.7566148], [-88.0961814, 41.756546], [-88.0965317, 41.7565027]]}}, {"type": "Feature", "id": 1091667711, "properties": {"osm_id": 1091667711, "osm_type": "way", "crossing": "unmarked", "highway": "cycleway", "name": "Southern Dupage Regional Trail"}, "geometry": {"type": "LineString", "coordinates": [[-88.0965317, 41.7565027], [-88.0965951, 41.7564956], [-88.0966803, 41.7564861]]}}, {"type": "Feature", "id": 1091667712, "properties": {"osm_id": 1091667712, "osm_type": "way", "highway": "cycleway", "name": "Southern Dupage Regional Trail"}, "geometry": {"type": "LineString", "coordinates": [[-88.0966803, 41.7564861], [-88.0972892, 41.756394], [-88.0976137, 41.756366], [-88.0976752, 41.7563556]]}}, {"type": "Feature", "id": 1091667713, "properties": {"osm_id": 1091667713, "osm_type": "way", "highway": "cycleway", "name": "Southern Dupage Regional Trail"}, "geometry": {"type": "LineString", "coordinates": [[-88.1014117, 41.7558122], [-88.1014714, 41.7558047], [-88.1015939, 41.7557894], [-88.101659, 41.7557802]]}}, {"type": "Feature", "id": 1091667714, "properties": {"osm_id": 1091667714, "osm_type": "way", "highway": "cycleway", "name": "Southern Dupage Regional Trail"}, "geometry": {"type": "LineString", "coordinates": [[-88.101659, 41.7557802], [-88.1016844, 41.7557766], [-88.1025114, 41.7556596], [-88.1030961, 41.7555496], [-88.1035172, 41.7554816], [-88.1036454, 41.7554572], [-88.1036567, 41.7554551]]}}, {"type": "Feature", "id": 1091667715, "properties": {"osm_id": 1091667715, "osm_type": "way", "highway": "secondary", "lanes": "4", "maxspeed": "40 mph", "name": "Hobson Road"}, "geometry": {"type": "LineString", "coordinates": [[-88.1055826, 41.7552478], [-88.1051909, 41.7553137], [-88.1049902, 41.7553476]]}}, {"type": "Feature", "id": 1091667716, "properties": {"osm_id": 1091667716, "osm_type": "way", "highway": "cycleway", "name": "Southern Dupage Regional Trail"}, "geometry": {"type": "LineString", "coordinates": [[-88.1050846, 41.7552208], [-88.1051699, 41.7552094], [-88.1052742, 41.7551955]]}}, {"type": "Feature", "id": 1091667717, "properties": {"osm_id": 1091667717, "osm_type": "way", "highway": "cycleway", "name": "Southern Dupage Regional Trail"}, "geometry": {"type": "LineString", "coordinates": [[-88.1052742, 41.7551955], [-88.1055289, 41.7551614], [-88.1056979, 41.7551214], [-88.1058436, 41.7550837], [-88.1058874, 41.7550743]]}}, {"type": "Feature", "id": 1091667718, "properties": {"osm_id": 1091667718, "osm_type": "way", "highway": "secondary", "lanes": "3", "maxspeed": "40 mph", "name": "Hobson Road"}, "geometry": {"type": "LineString", "coordinates": [[-88.1059517, 41.7551858], [-88.1055826, 41.7552478]]}}, {"type": "Feature", "id": 1091667719, "properties": {"osm_id": 1091667719, "osm_type": "way", "highway": "cycleway", "name": "Southern Dupage Regional Trail"}, "geometry": {"type": "LineString", "coordinates": [[-88.1058874, 41.7550743], [-88.1059425, 41.7550659], [-88.1060385, 41.7550514]]}}, {"type": "Feature", "id": 1091667720, "properties": {"osm_id": 1091667720, "osm_type": "way", "highway": "cycleway", "name": "Southern Dupage Regional Trail"}, "geometry": {"type": "LineString", "coordinates": [[-88.1060385, 41.7550514], [-88.1063282, 41.7550093], [-88.1066554, 41.7549473], [-88.1069397, 41.7548853], [-88.1074386, 41.7548052], [-88.1074895, 41.7547962], [-88.1075382, 41.7547876]]}}, {"type": "Feature", "id": 1091667721, "properties": {"osm_id": 1091667721, "osm_type": "way", "highway": "cycleway", "name": "Southern Dupage Regional Trail"}, "geometry": {"type": "LineString", "coordinates": [[-88.1075382, 41.7547876], [-88.107606, 41.7547756], [-88.1077121, 41.7547586]]}}, {"type": "Feature", "id": 1091667722, "properties": {"osm_id": 1091667722, "osm_type": "way", "highway": "cycleway", "name": "Southern Dupage Regional Trail"}, "geometry": {"type": "LineString", "coordinates": [[-88.1077121, 41.7547586], [-88.1077324, 41.7547554], [-88.1081936, 41.7546724], [-88.1085303, 41.7546292], [-88.1089273, 41.7545771], [-88.1094181, 41.7544851], [-88.1105071, 41.754301], [-88.1105956, 41.754281], [-88.1107082, 41.754243], [-88.1107776, 41.7542177], [-88.1108367, 41.7542018]]}}, {"type": "Feature", "id": 1091667723, "properties": {"osm_id": 1091667723, "osm_type": "way", "highway": "secondary", "lanes": "3", "maxspeed": "40 mph", "name": "Hobson Road"}, "geometry": {"type": "LineString", "coordinates": [[-88.107626, 41.7548846], [-88.1065801, 41.7550697]]}}, {"type": "Feature", "id": 1091667724, "properties": {"osm_id": 1091667724, "osm_type": "way", "highway": "secondary", "lanes": "3", "maxspeed": "40 mph", "name": "Hobson Road"}, "geometry": {"type": "LineString", "coordinates": [[-88.109955, 41.7544819], [-88.1094894, 41.7545629]]}}, {"type": "Feature", "id": 1091667725, "properties": {"osm_id": 1091667725, "osm_type": "way", "highway": "footway"}, "geometry": {"type": "LineString", "coordinates": [[-88.110519, 41.7544736], [-88.110561, 41.7544659], [-88.1106127, 41.7544563]]}}, {"type": "Feature", "id": 1091667726, "properties": {"osm_id": 1091667726, "osm_type": "way", "highway": "footway"}, "geometry": {"type": "LineString", "coordinates": [[-88.1106127, 41.7544563], [-88.1108068, 41.7544267], [-88.110939, 41.7544077], [-88.1111986, 41.7543592], [-88.1113689, 41.7543289]]}}, {"type": "Feature", "id": 1091667727, "properties": {"osm_id": 1091667727, "osm_type": "way", "highway": "cycleway", "name": "Southern Dupage Regional Trail"}, "geometry": {"type": "LineString", "coordinates": [[-88.1108367, 41.7542018], [-88.1109088, 41.7541885], [-88.1110274, 41.7541728]]}}, {"type": "Feature", "id": 1091667728, "properties": {"osm_id": 1091667728, "osm_type": "way", "highway": "cycleway", "name": "Southern Dupage Regional Trail"}, "geometry": {"type": "LineString", "coordinates": [[-88.1110274, 41.7541728], [-88.111039, 41.7541713], [-88.1111481, 41.7541569], [-88.1128165, 41.7538568], [-88.1138229, 41.7536854], [-88.1139913, 41.7536567], [-88.11425926324048, 41.753608381864666]]}}, {"type": "Feature", "id": 1091667729, "properties": {"osm_id": 1091667729, "osm_type": "way", "highway": "secondary", "lanes": "3", "maxspeed": "40 mph", "name": "Hobson Road"}, "geometry": {"type": "LineString", "coordinates": [[-88.1114741, 41.7542225], [-88.1109329, 41.7543121]]}}, {"type": "Feature", "id": 1091667730, "properties": {"osm_id": 1091667730, "osm_type": "way", "highway": "secondary", "lanes": "3", "maxspeed": "40 mph", "name": "Hobson Road"}, "geometry": {"type": "LineString", "coordinates": [[-88.1128896, 41.7539659], [-88.1124013, 41.754055]]}}, {"type": "Feature", "id": 1091747834, "properties": {"osm_id": 1091747834, "osm_type": "way", "highway": "secondary", "lanes": "4", "maxspeed": "35 mph", "name": "Naper Boulevard"}, "geometry": {"type": "LineString", "coordinates": [[-88.1131898, 41.763731], [-88.1131468, 41.7628649]]}}, {"type": "Feature", "id": 1091747835, "properties": {"osm_id": 1091747835, "osm_type": "way", "highway": "secondary", "lanes": "5", "maxspeed": "35 mph", "name": "Naper Boulevard"}, "geometry": {"type": "LineString", "coordinates": [[-88.1131808, 41.7640984], [-88.1131912, 41.7639026], [-88.1131898, 41.763731]]}}, {"type": "Feature", "id": 1091747836, "properties": {"osm_id": 1091747836, "osm_type": "way", "highway": "secondary", "lanes": "5", "maxspeed": "35 mph", "name": "Naper Boulevard"}, "geometry": {"type": "LineString", "coordinates": [[-88.1129581, 41.7651051], [-88.1130811, 41.7645867]]}}, {"type": "Feature", "id": 1091747837, "properties": {"osm_id": 1091747837, "osm_type": "way", "highway": "secondary", "lanes": "5", "maxspeed": "35 mph", "name": "Naper Boulevard"}, "geometry": {"type": "LineString", "coordinates": [[-88.1128308, 41.7656036], [-88.1128555, 41.7655015], [-88.1129581, 41.7651051]]}}, {"type": "Feature", "id": 1091747838, "properties": {"osm_id": 1091747838, "osm_type": "way", "highway": "secondary", "lanes": "5", "maxspeed": "35 mph", "name": "Naper Boulevard"}, "geometry": {"type": "LineString", "coordinates": [[-88.1126123, 41.7665188], [-88.1128308, 41.7656036]]}}, {"type": "Feature", "id": 1091747839, "properties": {"osm_id": 1091747839, "osm_type": "way", "highway": "secondary", "lanes": "5", "maxspeed": "35 mph", "name": "Naper Boulevard"}, "geometry": {"type": "LineString", "coordinates": [[-88.1124836, 41.7670117], [-88.1126123, 41.7665188]]}}, {"type": "Feature", "id": 1091747843, "properties": {"osm_id": 1091747843, "osm_type": "way", "highway": "secondary", "lanes": "5", "maxspeed": "35 mph", "name": "Naper Boulevard"}, "geometry": {"type": "LineString", "coordinates": [[-88.109656, 41.777589], [-88.109598, 41.777811], [-88.109584, 41.777935], [-88.1095777, 41.7780442]]}}, {"type": "Feature", "id": 1091747844, "properties": {"osm_id": 1091747844, "osm_type": "way", "highway": "secondary", "lanes": "5", "maxspeed": "35 mph", "name": "Naper Boulevard"}, "geometry": {"type": "LineString", "coordinates": [[-88.109603, 41.778422], [-88.109618, 41.778504], [-88.109651, 41.7786554]]}}, {"type": "Feature", "id": 1091932764, "properties": {"osm_id": 1091932764, "osm_type": "way", "highway": "service"}, "geometry": {"type": "LineString", "coordinates": [[-88.1193504, 41.7759905], [-88.1188738, 41.7761076]]}}, {"type": "Feature", "id": 1091932765, "properties": {"osm_id": 1091932765, "osm_type": "way", "highway": "service"}, "geometry": {"type": "LineString", "coordinates": [[-88.118862, 41.7759414], [-88.1187201, 41.7759555], [-88.1186738, 41.7758045], [-88.1193122, 41.7756574], [-88.1192914, 41.7758279]]}}, {"type": "Feature", "id": 1091932766, "properties": {"osm_id": 1091932766, "osm_type": "way", "highway": "service"}, "geometry": {"type": "LineString", "coordinates": [[-88.1188602, 41.7764061], [-88.1190312, 41.7764285], [-88.11929, 41.7764295]]}}, {"type": "Feature", "id": 1091932767, "properties": {"osm_id": 1091932767, "osm_type": "way", "highway": "service"}, "geometry": {"type": "LineString", "coordinates": [[-88.118085, 41.7765475], [-88.1180931, 41.7768636], [-88.1183197, 41.7768256], [-88.1183223, 41.7766018]]}}, {"type": "Feature", "id": 1092198027, "properties": {"osm_id": 1092198027, "osm_type": "way", "highway": "footway"}, "geometry": {"type": "LineString", "coordinates": [[-88.1057688, 41.7465727], [-88.1057482, 41.7465472]]}}, {"type": "Feature", "id": 1092243025, "properties": {"osm_id": 1092243025, "osm_type": "way", "highway": "secondary", "lanes": "5", "maxspeed": "40 mph", "name": "Chicago Avenue"}, "geometry": {"type": "LineString", "coordinates": [[-88.1097566, 41.779102], [-88.10986101176115, 41.779075416796765]]}}, {"type": "Feature", "id": 1092243030, "properties": {"osm_id": 1092243030, "osm_type": "way", "highway": "residential", "lanes": "1", "name": "Westmoreland Lane", "oneway": "yes"}, "geometry": {"type": "LineString", "coordinates": [[-88.1158588, 41.7768317], [-88.1159366, 41.777025], [-88.1160795, 41.777391], [-88.1160852, 41.7774057], [-88.11612442883408, 41.777506190301004]]}}, {"type": "Feature", "id": 1094722829, "properties": {"osm_id": 1094722829, "osm_type": "way", "highway": "service"}, "geometry": {"type": "LineString", "coordinates": [[-88.1048012, 41.7446442], [-88.1047973, 41.7445698], [-88.1047901, 41.7445307], [-88.1047665, 41.7445123], [-88.104708, 41.7445073], [-88.104635, 41.7445081], [-88.1046078, 41.7445219], [-88.1045929, 41.7445456], [-88.1045904, 41.7445756], [-88.1045884, 41.7446493]]}}, {"type": "Feature", "id": 1103650371, "properties": {"osm_id": 1103650371, "osm_type": "way", "highway": "footway"}, "geometry": {"type": "LineString", "coordinates": [[-88.0973837, 41.7399262], [-88.0973644, 41.7397795], [-88.0972395, 41.7397043], [-88.0966725, 41.739748]]}}, {"type": "Feature", "id": 1106452740, "properties": {"osm_id": 1106452740, "osm_type": "way", "highway": "service"}, "geometry": {"type": "LineString", "coordinates": [[-88.10344955475576, 41.74806779272126], [-88.1035683, 41.7480644]]}}, {"type": "Feature", "id": 1132951293, "properties": {"osm_id": 1132951293, "osm_type": "way", "highway": "footway"}, "geometry": {"type": "LineString", "coordinates": [[-88.0958907, 41.7387944], [-88.0958046, 41.7388007], [-88.0957914, 41.7387924], [-88.0957918, 41.7387683], [-88.0958146, 41.7387631], [-88.095883, 41.7387576]]}}, {"type": "Feature", "id": 1184750831, "properties": {"osm_id": 1184750831, "osm_type": "way", "highway": "residential", "lanes": "2", "maxspeed": "25 mph", "name": "Auburn Avenue", "oneway": "no"}, "geometry": {"type": "LineString", "coordinates": [[-88.095256, 41.738484], [-88.0953847, 41.7384692], [-88.0957728, 41.7384245], [-88.096846, 41.738301], [-88.097051, 41.738285], [-88.0972301, 41.7382819], [-88.097283, 41.738281], [-88.097546, 41.73829], [-88.097672, 41.7383015], [-88.097766, 41.73831], [-88.0978668, 41.7383192], [-88.097876, 41.73832], [-88.098135, 41.738363], [-88.098334, 41.738408], [-88.0986275, 41.7384854], [-88.098717, 41.738509], [-88.0988229, 41.7385355], [-88.099176, 41.738624], [-88.099427, 41.738678], [-88.099807, 41.73874], [-88.0999577, 41.7387538], [-88.100048, 41.738762]]}}, {"type": "Feature", "id": 1185155293, "properties": {"osm_id": 1185155293, "osm_type": "way", "highway": "residential", "name": "Ranchview Drive", "oneway": "no"}, "geometry": {"type": "LineString", "coordinates": [[-88.095832, 41.741259], [-88.095848, 41.7413372], [-88.0959988, 41.7420743], [-88.096012, 41.742139], [-88.09611, 41.742643], [-88.096134, 41.742823], [-88.096147, 41.74297]]}}, {"type": "Feature", "id": 1241738724, "properties": {"osm_id": 1241738724, "osm_type": "way", "highway": "footway"}, "geometry": {"type": "LineString", "coordinates": [[-88.1204298, 41.7680941], [-88.1203621, 41.7680899]]}}, {"type": "Feature", "id": 1241738726, "properties": {"osm_id": 1241738726, "osm_type": "way", "highway": "service"}, "geometry": {"type": "LineString", "coordinates": [[-88.1202723, 41.7685024], [-88.1199405, 41.768477]]}}, {"type": "Feature", "id": 1241738727, "properties": {"osm_id": 1241738727, "osm_type": "way", "highway": "service"}, "geometry": {"type": "LineString", "coordinates": [[-88.1204241, 41.7685129], [-88.120361, 41.7685085]]}}, {"type": "Feature", "id": 1241738728, "properties": {"osm_id": 1241738728, "osm_type": "way", "highway": "footway"}, "geometry": {"type": "LineString", "coordinates": [[-88.1202635, 41.7686794], [-88.120281, 41.7685366]]}}, {"type": "Feature", "id": 1241738729, "properties": {"osm_id": 1241738729, "osm_type": "way", "highway": "residential", "lanes": "1", "name": "Crestwood Court", "oneway": "yes"}, "geometry": {"type": "LineString", "coordinates": [[-88.1180337, 41.7692828], [-88.1180399, 41.7692996], [-88.1180506, 41.7693151], [-88.1180654, 41.7693286], [-88.1180836, 41.7693395], [-88.1181045, 41.7693473], [-88.1181271, 41.7693517], [-88.1181504, 41.7693525], [-88.1181735, 41.7693497], [-88.1181952, 41.7693434], [-88.1182147, 41.7693338], [-88.1182312, 41.7693215], [-88.1182438, 41.7693068], [-88.1182521, 41.7692905], [-88.1182556, 41.7692733], [-88.1182543, 41.7692559], [-88.1182481, 41.7692391], [-88.1182374, 41.7692236], [-88.1182226, 41.7692101], [-88.1182044, 41.7691992], [-88.1181835, 41.7691914], [-88.1181609, 41.7691869], [-88.1181376, 41.7691861], [-88.1181145, 41.7691889], [-88.1180927, 41.7691953], [-88.1180732, 41.7692048], [-88.1180568, 41.7692172], [-88.1180441, 41.7692319], [-88.1180359, 41.7692482], [-88.1180323, 41.7692654], [-88.1180337, 41.7692828]]}}, {"type": "Feature", "id": 1241738730, "properties": {"osm_id": 1241738730, "osm_type": "way", "highway": "footway"}, "geometry": {"type": "LineString", "coordinates": [[-88.1203801, 41.7694693], [-88.1204582, 41.7694781]]}}, {"type": "Feature", "id": 1241738731, "properties": {"osm_id": 1241738731, "osm_type": "way", "highway": "footway"}, "geometry": {"type": "LineString", "coordinates": [[-88.1201924, 41.7699879], [-88.1201219, 41.7699827]]}}, {"type": "Feature", "id": 1241738733, "properties": {"osm_id": 1241738733, "osm_type": "way", "highway": "residential", "lanes": "1", "name": "Camden Court", "oneway": "yes"}, "geometry": {"type": "LineString", "coordinates": [[-88.1149422, 41.7709519], [-88.1149078, 41.7709563], [-88.1148768, 41.7709684], [-88.1148524, 41.7709871], [-88.114837, 41.7710104], [-88.114832, 41.7710362], [-88.1148379, 41.7710619], [-88.1148541, 41.771085], [-88.1148791, 41.7711032], [-88.1149105, 41.7711147], [-88.114945, 41.7711184], [-88.1149795, 41.771114], [-88.1150104, 41.7711019], [-88.1150348, 41.7710833], [-88.1150502, 41.7710599], [-88.1150553, 41.7710341], [-88.1150494, 41.7710084], [-88.1150331, 41.7709854], [-88.1150081, 41.7709672], [-88.1149768, 41.7709556], [-88.1149422, 41.7709519]]}}, {"type": "Feature", "id": 1241738734, "properties": {"osm_id": 1241738734, "osm_type": "way", "highway": "footway"}, "geometry": {"type": "LineString", "coordinates": [[-88.115325, 41.7708081], [-88.1153463, 41.7707722]]}}, {"type": "Feature", "id": 1241738735, "properties": {"osm_id": 1241738735, "osm_type": "way", "highway": "footway"}, "geometry": {"type": "LineString", "coordinates": [[-88.1167482, 41.7710415], [-88.1166999, 41.7710352]]}}, {"type": "Feature", "id": 1241738736, "properties": {"osm_id": 1241738736, "osm_type": "way", "highway": "footway"}, "geometry": {"type": "LineString", "coordinates": [[-88.1167866, 41.76957], [-88.1167399, 41.7695943]]}}, {"type": "Feature", "id": 1241738737, "properties": {"osm_id": 1241738737, "osm_type": "way", "highway": "footway"}, "geometry": {"type": "LineString", "coordinates": [[-88.1166038, 41.7692883], [-88.1165727, 41.7693168]]}}, {"type": "Feature", "id": 1241738738, "properties": {"osm_id": 1241738738, "osm_type": "way", "highway": "footway"}, "geometry": {"type": "LineString", "coordinates": [[-88.1148294, 41.7705918], [-88.1147926, 41.7706355]]}}, {"type": "Feature", "id": 1241738739, "properties": {"osm_id": 1241738739, "osm_type": "way", "highway": "footway"}, "geometry": {"type": "LineString", "coordinates": [[-88.1146748, 41.7705232], [-88.1146444, 41.770561]]}}, {"type": "Feature", "id": 1241738740, "properties": {"osm_id": 1241738740, "osm_type": "way", "highway": "footway"}, "geometry": {"type": "LineString", "coordinates": [[-88.1147866, 41.7704201], [-88.1147464, 41.7703925]]}}, {"type": "Feature", "id": 1241738741, "properties": {"osm_id": 1241738741, "osm_type": "way", "highway": "footway"}, "geometry": {"type": "LineString", "coordinates": [[-88.1147192, 41.7704425], [-88.1146957, 41.7704852], [-88.1146748, 41.7705232]]}}, {"type": "Feature", "id": 1241738742, "properties": {"osm_id": 1241738742, "osm_type": "way", "highway": "footway"}, "geometry": {"type": "LineString", "coordinates": [[-88.1152897, 41.7690527], [-88.1152907, 41.769094]]}}, {"type": "Feature", "id": 1241738743, "properties": {"osm_id": 1241738743, "osm_type": "way", "highway": "footway"}, "geometry": {"type": "LineString", "coordinates": [[-88.1155125, 41.76919], [-88.1155167, 41.7691462]]}}, {"type": "Feature", "id": 1241738744, "properties": {"osm_id": 1241738744, "osm_type": "way", "highway": "residential", "lanes": "1", "name": "Brodie Court", "oneway": "yes"}, "geometry": {"type": "LineString", "coordinates": [[-88.1139328, 41.7700653], [-88.1139494, 41.770051], [-88.1139611, 41.7700343], [-88.1139674, 41.770016], [-88.1139679, 41.7699971], [-88.1139625, 41.7699787], [-88.1139515, 41.7699617], [-88.1139356, 41.769947], [-88.1139155, 41.7699354], [-88.1138925, 41.7699276], [-88.1138676, 41.769924], [-88.1138423, 41.7699248], [-88.1138179, 41.7699299], [-88.1137958, 41.769939], [-88.113777, 41.7699518], [-88.1137627, 41.7699674], [-88.1137537, 41.769985], [-88.1137503, 41.7700037], [-88.1137528, 41.7700225], [-88.113761, 41.7700404], [-88.1137745, 41.7700563], [-88.1137927, 41.7700695], [-88.1138144, 41.7700793], [-88.1138385, 41.770085], [-88.1138637, 41.7700864], [-88.1138888, 41.7700835], [-88.1139122, 41.7700763], [-88.1139328, 41.7700653]]}}, {"type": "Feature", "id": 1241738745, "properties": {"osm_id": 1241738745, "osm_type": "way", "highway": "residential", "lanes": "1", "name": "Edinburgh Court", "oneway": "yes"}, "geometry": {"type": "LineString", "coordinates": [[-88.1135941, 41.7708927], [-88.1135775, 41.7709092], [-88.1135669, 41.7709281], [-88.1135629, 41.7709485], [-88.1135658, 41.7709689], [-88.1135754, 41.7709882], [-88.1135911, 41.7710051], [-88.1136119, 41.7710186], [-88.1136366, 41.7710278], [-88.1136661, 41.7710323], [-88.1136961, 41.7710307], [-88.1137244, 41.7710231], [-88.1137489, 41.7710101], [-88.1137678, 41.7709927], [-88.1137797, 41.7709721], [-88.1137837, 41.7709499], [-88.1137795, 41.7709277], [-88.1137674, 41.7709071], [-88.1137484, 41.7708898], [-88.1137238, 41.7708769], [-88.1136954, 41.7708694], [-88.1136679, 41.7708679], [-88.1136407, 41.7708714], [-88.1136156, 41.7708799], [-88.1135941, 41.7708927]]}}, {"type": "Feature", "id": 1241738746, "properties": {"osm_id": 1241738746, "osm_type": "way", "highway": "footway"}, "geometry": {"type": "LineString", "coordinates": [[-88.1120345, 41.771585], [-88.1120822, 41.7716058]]}}, {"type": "Feature", "id": 1241738747, "properties": {"osm_id": 1241738747, "osm_type": "way", "highway": "footway"}, "geometry": {"type": "LineString", "coordinates": [[-88.1123015, 41.7715182], [-88.1122376, 41.7714929]]}}, {"type": "Feature", "id": 1241738751, "properties": {"osm_id": 1241738751, "osm_type": "way", "highway": "service"}, "geometry": {"type": "LineString", "coordinates": [[-88.1197801, 41.7738216], [-88.1198434, 41.7738256]]}}, {"type": "Feature", "id": 1241738752, "properties": {"osm_id": 1241738752, "osm_type": "way", "highway": "service"}, "geometry": {"type": "LineString", "coordinates": [[-88.1189058, 41.7737623], [-88.1196594, 41.773814]]}}, {"type": "Feature", "id": 1241738753, "properties": {"osm_id": 1241738753, "osm_type": "way", "highway": "footway"}, "geometry": {"type": "LineString", "coordinates": [[-88.1200685, 41.7731167], [-88.1200705, 41.7730855]]}}, {"type": "Feature", "id": 1241738759, "properties": {"osm_id": 1241738759, "osm_type": "way", "highway": "footway"}, "geometry": {"type": "LineString", "coordinates": [[-88.1180924, 41.773115], [-88.1180953, 41.7730712]]}}, {"type": "Feature", "id": 1241738760, "properties": {"osm_id": 1241738760, "osm_type": "way", "highway": "footway"}, "geometry": {"type": "LineString", "coordinates": [[-88.1180394, 41.773149], [-88.1179787, 41.7731443]]}}, {"type": "Feature", "id": 1301180336, "properties": {"osm_id": 1301180336, "osm_type": "way", "highway": "service", "lanes": "3", "oneway": "no"}, "geometry": {"type": "LineString", "coordinates": [[-88.1130841, 41.7597333], [-88.1131295, 41.7597302]]}}, {"type": "Feature", "id": 1301180337, "properties": {"osm_id": 1301180337, "osm_type": "way", "highway": "service", "lanes": "3", "oneway": "no"}, "geometry": {"type": "LineString", "coordinates": [[-88.1131882, 41.759726], [-88.1132045, 41.7597244], [-88.1133623, 41.7597208]]}}, {"type": "Feature", "id": 1301180338, "properties": {"osm_id": 1301180338, "osm_type": "way", "highway": "footway"}, "geometry": {"type": "LineString", "coordinates": [[-88.1103412, 41.7595184], [-88.1103008, 41.7595567]]}}, {"type": "Feature", "id": 1301180339, "properties": {"osm_id": 1301180339, "osm_type": "way", "highway": "footway"}, "geometry": {"type": "LineString", "coordinates": [[-88.1100657, 41.7595101], [-88.1100035, 41.7594626]]}}, {"type": "Feature", "id": 1301180340, "properties": {"osm_id": 1301180340, "osm_type": "way", "highway": "footway"}, "geometry": {"type": "LineString", "coordinates": [[-88.1128826, 41.7598298], [-88.1129317, 41.7598295]]}}, {"type": "Feature", "id": 1389612304, "properties": {"osm_id": 1389612304, "osm_type": "way", "highway": "service", "lanes": "2"}, "geometry": {"type": "LineString", "coordinates": [[-88.1202228, 41.775766], [-88.1202757, 41.7756494], [-88.1203415, 41.7755844], [-88.1204514, 41.7755239], [-88.1211528, 41.7753553], [-88.1212712, 41.7753268]]}}, {"type": "Feature", "id": 1389612305, "properties": {"osm_id": 1389612305, "osm_type": "way", "highway": "service", "lanes": "2"}, "geometry": {"type": "LineString", "coordinates": [[-88.1212612, 41.7758884], [-88.1212789, 41.7760015], [-88.1212655, 41.7760755], [-88.1204703, 41.7762672]]}}, {"type": "Feature", "id": 1389612306, "properties": {"osm_id": 1389612306, "osm_type": "way", "highway": "service", "lanes": "2"}, "geometry": {"type": "LineString", "coordinates": [[-88.1212954, 41.7756957], [-88.1203037, 41.7759338]]}}, {"type": "Feature", "id": 1389612307, "properties": {"osm_id": 1389612307, "osm_type": "way", "highway": "service", "lanes": "2"}, "geometry": {"type": "LineString", "coordinates": [[-88.1213656, 41.7758634], [-88.1212612, 41.7758884], [-88.1203826, 41.7760989]]}}, {"type": "Feature", "id": 1389612308, "properties": {"osm_id": 1389612308, "osm_type": "way", "highway": "service", "lanes": "1", "oneway": "yes"}, "geometry": {"type": "LineString", "coordinates": [[-88.1204971, 41.7764021], [-88.1204952, 41.7764095], [-88.1204857, 41.7764419]]}}, {"type": "Feature", "id": 1389612309, "properties": {"osm_id": 1389612309, "osm_type": "way", "highway": "service", "lanes": "1", "oneway": "yes"}, "geometry": {"type": "LineString", "coordinates": [[-88.1204857, 41.7764419], [-88.1204796, 41.7764628], [-88.1204581, 41.7765108], [-88.1204388, 41.7765325]]}}, {"type": "Feature", "id": 1389612310, "properties": {"osm_id": 1389612310, "osm_type": "way", "highway": "service", "lanes": "1", "oneway": "yes"}, "geometry": {"type": "LineString", "coordinates": [[-88.1206101, 41.7763771], [-88.1205574, 41.7763383], [-88.1204986, 41.7763053]]}}, {"type": "Feature", "id": 1389612311, "properties": {"osm_id": 1389612311, "osm_type": "way", "highway": "service", "lanes": "1", "oneway": "yes"}, "geometry": {"type": "LineString", "coordinates": [[-88.120646, 41.7764032], [-88.1206178, 41.7763828], [-88.1206101, 41.7763771]]}}, {"type": "Feature", "id": 1389612312, "properties": {"osm_id": 1389612312, "osm_type": "way", "highway": "service", "lanes": "3"}, "geometry": {"type": "LineString", "coordinates": [[-88.1215053, 41.7761976], [-88.1215375, 41.7762745]]}}, {"type": "Feature", "id": 1389612313, "properties": {"osm_id": 1389612313, "osm_type": "way", "highway": "service", "lanes": "2"}, "geometry": {"type": "LineString", "coordinates": [[-88.1213944, 41.7759323], [-88.1213656, 41.7758634], [-88.1212954, 41.7756957], [-88.1212293, 41.7755374], [-88.1211528, 41.7753553]]}}, {"type": "Feature", "id": 1389612314, "properties": {"osm_id": 1389612314, "osm_type": "way", "highway": "service", "lanes": "3"}, "geometry": {"type": "LineString", "coordinates": [[-88.1214915, 41.7761647], [-88.1214951, 41.7761733], [-88.1215053, 41.7761976]]}}, {"type": "Feature", "id": 1389612315, "properties": {"osm_id": 1389612315, "osm_type": "way", "highway": "service", "lanes": "2"}, "geometry": {"type": "LineString", "coordinates": [[-88.1202228, 41.775766], [-88.1212293, 41.7755374]]}}, {"type": "Feature", "id": 1389612316, "properties": {"osm_id": 1389612316, "osm_type": "way", "highway": "service", "lanes": "2"}, "geometry": {"type": "LineString", "coordinates": [[-88.1204986, 41.7763053], [-88.1204703, 41.7762672], [-88.1203826, 41.7760989], [-88.1203037, 41.7759338], [-88.1202228, 41.775766]]}}, {"type": "Feature", "id": 1389612317, "properties": {"osm_id": 1389612317, "osm_type": "way", "highway": "secondary", "lanes": "5", "maxspeed": "40 mph", "name": "Chicago Avenue"}, "geometry": {"type": "LineString", "coordinates": [[-88.1204388, 41.7765325], [-88.1205499, 41.7765054]]}}, {"type": "Feature", "id": 1389612318, "properties": {"osm_id": 1389612318, "osm_type": "way", "highway": "service", "lanes": "1", "oneway": "yes"}, "geometry": {"type": "LineString", "coordinates": [[-88.1204986, 41.7763053], [-88.1205051, 41.7763693], [-88.1205008, 41.7763871], [-88.1204971, 41.7764021]]}}, {"type": "Feature", "id": 1389612319, "properties": {"osm_id": 1389612319, "osm_type": "way", "highway": "service", "lanes": "1", "oneway": "yes"}, "geometry": {"type": "LineString", "coordinates": [[-88.1207828, 41.7764521], [-88.120722, 41.776438], [-88.1206586, 41.7764123], [-88.120646, 41.7764032]]}}, {"type": "Feature", "id": 1389612320, "properties": {"osm_id": 1389612320, "osm_type": "way", "highway": "footway"}, "geometry": {"type": "LineString", "coordinates": [[-88.1205856, 41.7763905], [-88.1205317, 41.7764002]]}}, {"type": "Feature", "id": 1389612321, "properties": {"osm_id": 1389612321, "osm_type": "way", "highway": "footway"}, "geometry": {"type": "LineString", "coordinates": [[-88.1206596, 41.7763728], [-88.1206178, 41.7763828], [-88.1205856, 41.7763905]]}}, {"type": "Feature", "id": 1389612327, "properties": {"osm_id": 1389612327, "osm_type": "way", "highway": "footway"}, "geometry": {"type": "LineString", "coordinates": [[-88.1218016, 41.7748626], [-88.121879, 41.7749033], [-88.1220699, 41.7749787]]}}, {"type": "Feature", "id": 1389612328, "properties": {"osm_id": 1389612328, "osm_type": "way", "highway": "footway"}, "geometry": {"type": "LineString", "coordinates": [[-88.1218713, 41.7747088], [-88.121872, 41.7748056], [-88.1218016, 41.7748626]]}}, {"type": "Feature", "id": 1389612329, "properties": {"osm_id": 1389612329, "osm_type": "way", "highway": "footway"}, "geometry": {"type": "LineString", "coordinates": [[-88.122269, 41.7745472], [-88.1222098, 41.7745692], [-88.1221647, 41.7745892], [-88.1221312, 41.7746063], [-88.1221137, 41.7746253], [-88.1220297, 41.7746784], [-88.1219872, 41.7746919], [-88.1219493, 41.7746987], [-88.1219169, 41.774702], [-88.1218713, 41.7747088]]}}, {"type": "Feature", "id": 1389612330, "properties": {"osm_id": 1389612330, "osm_type": "way", "highway": "footway"}, "geometry": {"type": "LineString", "coordinates": [[-88.1222507, 41.7745164], [-88.122269, 41.7745472], [-88.1222896, 41.7745818]]}}, {"type": "Feature", "id": 1389612331, "properties": {"osm_id": 1389612331, "osm_type": "way", "highway": "footway"}, "geometry": {"type": "LineString", "coordinates": [[-88.1223407, 41.7744863], [-88.1222507, 41.7745164]]}}, {"type": "Feature", "id": 1389612332, "properties": {"osm_id": 1389612332, "osm_type": "way", "highway": "footway"}, "geometry": {"type": "LineString", "coordinates": [[-88.1223811, 41.774555], [-88.1223407, 41.7744863]]}}, {"type": "Feature", "id": 1389612333, "properties": {"osm_id": 1389612333, "osm_type": "way", "highway": "footway"}, "geometry": {"type": "LineString", "coordinates": [[-88.1222896, 41.7745818], [-88.1223368, 41.7745688], [-88.1223811, 41.774555]]}}, {"type": "Feature", "id": 1389612334, "properties": {"osm_id": 1389612334, "osm_type": "way", "highway": "footway"}, "geometry": {"type": "LineString", "coordinates": [[-88.122368, 41.774633], [-88.1223368, 41.7745688]]}}, {"type": "Feature", "id": 1389612335, "properties": {"osm_id": 1389612335, "osm_type": "way", "highway": "footway"}, "geometry": {"type": "LineString", "coordinates": [[-88.122368, 41.774633], [-88.1223572, 41.7747076]]}}, {"type": "Feature", "id": 1389612336, "properties": {"osm_id": 1389612336, "osm_type": "way", "highway": "footway"}, "geometry": {"type": "LineString", "coordinates": [[-88.1224456, 41.774654], [-88.122368, 41.774633]]}}, {"type": "Feature", "id": 1421473634, "properties": {"osm_id": 1421473634, "osm_type": "way", "highway": "footway"}, "geometry": {"type": "LineString", "coordinates": [[-88.1098057, 41.7786538], [-88.1097981, 41.7786308], [-88.1097897, 41.7786052]]}}, {"type": "Feature", "id": 1421473635, "properties": {"osm_id": 1421473635, "osm_type": "way", "highway": "footway"}, "geometry": {"type": "LineString", "coordinates": [[-88.109817, 41.7786841], [-88.1098057, 41.7786538]]}}, {"type": "Feature", "id": 1421473637, "properties": {"osm_id": 1421473637, "osm_type": "way", "highway": "service", "lanes": "1", "oneway": "yes"}, "geometry": {"type": "LineString", "coordinates": [[-88.1098734, 41.778648], [-88.1097981, 41.7786308], [-88.109651, 41.7786554]]}}, {"type": "Feature", "id": 1421473638, "properties": {"osm_id": 1421473638, "osm_type": "way", "highway": "secondary", "lanes": "5", "maxspeed": "35 mph", "name": "Naper Boulevard"}, "geometry": {"type": "LineString", "coordinates": [[-88.109651, 41.7786554], [-88.1096752, 41.7787588]]}}, {"type": "Feature", "id": 1421473639, "properties": {"osm_id": 1421473639, "osm_type": "way", "highway": "service", "lanes": "1", "oneway": "yes"}, "geometry": {"type": "LineString", "coordinates": [[-88.1096752, 41.7787588], [-88.1098293, 41.7787154], [-88.1098734, 41.778648]]}}, {"type": "Feature", "id": 1421473640, "properties": {"osm_id": 1421473640, "osm_type": "way", "highway": "footway"}, "geometry": {"type": "LineString", "coordinates": [[-88.1098804, 41.7783004], [-88.1098689, 41.7783041]]}}, {"type": "Feature", "id": 1421473641, "properties": {"osm_id": 1421473641, "osm_type": "way", "highway": "footway"}, "geometry": {"type": "LineString", "coordinates": [[-88.1112326, 41.7781372], [-88.1112386, 41.7781481]]}}, {"type": "Feature", "id": 1421473642, "properties": {"osm_id": 1421473642, "osm_type": "way", "highway": "footway"}, "geometry": {"type": "LineString", "coordinates": [[-88.111129, 41.7781685], [-88.1111351, 41.7781797]]}}, {"type": "Feature", "id": 1421473643, "properties": {"osm_id": 1421473643, "osm_type": "way", "highway": "footway"}, "geometry": {"type": "LineString", "coordinates": [[-88.1110588, 41.7781896], [-88.1110651, 41.778201]]}}, {"type": "Feature", "id": 1421473644, "properties": {"osm_id": 1421473644, "osm_type": "way", "highway": "footway"}, "geometry": {"type": "LineString", "coordinates": [[-88.110933, 41.7782277], [-88.1109394, 41.7782394]]}}, {"type": "Feature", "id": 1421473645, "properties": {"osm_id": 1421473645, "osm_type": "way", "highway": "footway"}, "geometry": {"type": "LineString", "coordinates": [[-88.1108888, 41.778241], [-88.1108952, 41.7782529]]}}, {"type": "Feature", "id": 1421473646, "properties": {"osm_id": 1421473646, "osm_type": "way", "highway": "footway"}, "geometry": {"type": "LineString", "coordinates": [[-88.1107963, 41.778269], [-88.1108029, 41.778281]]}}, {"type": "Feature", "id": 1421473647, "properties": {"osm_id": 1421473647, "osm_type": "way", "highway": "footway"}, "geometry": {"type": "LineString", "coordinates": [[-88.1106977, 41.7782987], [-88.1107044, 41.7783111]]}}, {"type": "Feature", "id": 1421473648, "properties": {"osm_id": 1421473648, "osm_type": "way", "highway": "footway"}, "geometry": {"type": "LineString", "coordinates": [[-88.1106615, 41.7783097], [-88.1106683, 41.7783221]]}}, {"type": "Feature", "id": 1421473649, "properties": {"osm_id": 1421473649, "osm_type": "way", "highway": "footway"}, "geometry": {"type": "LineString", "coordinates": [[-88.1105697, 41.7783374], [-88.1105767, 41.7783501]]}}, {"type": "Feature", "id": 1421473650, "properties": {"osm_id": 1421473650, "osm_type": "way", "highway": "footway"}, "geometry": {"type": "LineString", "coordinates": [[-88.1104171, 41.7783835], [-88.1104243, 41.7783966]]}}, {"type": "Feature", "id": 1421473651, "properties": {"osm_id": 1421473651, "osm_type": "way", "highway": "footway"}, "geometry": {"type": "LineString", "coordinates": [[-88.1102943, 41.7784206], [-88.1103016, 41.778434]]}}, {"type": "Feature", "id": 1421473652, "properties": {"osm_id": 1421473652, "osm_type": "way", "highway": "footway"}, "geometry": {"type": "LineString", "coordinates": [[-88.1100774, 41.7784861], [-88.1100851, 41.7785001]]}}, {"type": "Feature", "id": 1421473653, "properties": {"osm_id": 1421473653, "osm_type": "way", "highway": "footway"}, "geometry": {"type": "LineString", "coordinates": [[-88.1102191, 41.7784433], [-88.1102265, 41.778457]]}}, {"type": "Feature", "id": 1421473654, "properties": {"osm_id": 1421473654, "osm_type": "way", "highway": "footway"}, "geometry": {"type": "LineString", "coordinates": [[-88.1098302, 41.7782338], [-88.1097969, 41.778234]]}}, {"type": "Feature", "id": 1421473655, "properties": {"osm_id": 1421473655, "osm_type": "way", "highway": "footway"}, "geometry": {"type": "LineString", "coordinates": [[-88.1098302, 41.7782338], [-88.1098689, 41.7783041], [-88.1099179, 41.7783931]]}}, {"type": "Feature", "id": 1421473656, "properties": {"osm_id": 1421473656, "osm_type": "way", "highway": "footway"}, "geometry": {"type": "LineString", "coordinates": [[-88.110004, 41.7785249], [-88.1100851, 41.7785001], [-88.1102265, 41.778457], [-88.1103016, 41.778434], [-88.1104243, 41.7783966], [-88.1105767, 41.7783501], [-88.1106683, 41.7783221], [-88.1107044, 41.7783111], [-88.1108029, 41.778281], [-88.1108952, 41.7782529], [-88.1109394, 41.7782394], [-88.1110651, 41.778201], [-88.1111351, 41.7781797], [-88.1112386, 41.7781481], [-88.1112952, 41.7781308]]}}, {"type": "Feature", "id": 1421473657, "properties": {"osm_id": 1421473657, "osm_type": "way", "highway": "footway"}, "geometry": {"type": "LineString", "coordinates": [[-88.1112952, 41.7781308], [-88.1113343, 41.778116]]}}, {"type": "Feature", "id": 1421473658, "properties": {"osm_id": 1421473658, "osm_type": "way", "highway": "footway"}, "geometry": {"type": "LineString", "coordinates": [[-88.1099179, 41.7783931], [-88.1099905, 41.7785298], [-88.110004, 41.7785249]]}}, {"type": "Feature", "id": 1421473673, "properties": {"osm_id": 1421473673, "osm_type": "way", "highway": "footway"}, "geometry": {"type": "LineString", "coordinates": [[-88.1084909, 41.7768346], [-88.1084995, 41.7767834]]}}, {"type": "Feature", "id": 1421473674, "properties": {"osm_id": 1421473674, "osm_type": "way", "highway": "residential", "name": "Huntington Circle"}, "geometry": {"type": "LineString", "coordinates": [[-88.1086936, 41.7777052], [-88.1086668, 41.7777027], [-88.1086346, 41.7776859], [-88.108613, 41.7776668], [-88.1085971, 41.7776328], [-88.1085666, 41.7775517]]}}, {"type": "Feature", "id": 1421473675, "properties": {"osm_id": 1421473675, "osm_type": "way", "highway": "footway"}, "geometry": {"type": "LineString", "coordinates": [[-88.1082583, 41.7793384], [-88.1082551, 41.7792834]]}}, {"type": "Feature", "id": 1422921666, "properties": {"osm_id": 1422921666, "osm_type": "way", "highway": "secondary", "lanes": "6", "maxspeed": "40 mph", "name": "Naper Boulevard"}, "geometry": {"type": "LineString", "coordinates": [[-88.1097566, 41.779102], [-88.10975749335304, 41.779106726460874]]}}, {"type": "Feature", "id": 1422921707, "properties": {"osm_id": 1422921707, "osm_type": "way", "highway": "footway"}, "geometry": {"type": "LineString", "coordinates": [[-88.1200858, 41.7743093], [-88.1199666, 41.7743027]]}}, {"type": "Feature", "id": 1422921708, "properties": {"osm_id": 1422921708, "osm_type": "way", "highway": "footway"}, "geometry": {"type": "LineString", "coordinates": [[-88.1200767, 41.7743996], [-88.1199556, 41.7743936]]}}, {"type": "Feature", "id": 1422921709, "properties": {"osm_id": 1422921709, "osm_type": "way", "highway": "footway"}, "geometry": {"type": "LineString", "coordinates": [[-88.1206395, 41.7743907], [-88.1206774, 41.7743925]]}}, {"type": "Feature", "id": 1422921710, "properties": {"osm_id": 1422921710, "osm_type": "way", "highway": "footway"}, "geometry": {"type": "LineString", "coordinates": [[-88.1206117, 41.7743893], [-88.1206395, 41.7743907]]}}, {"type": "Feature", "id": 1422921711, "properties": {"osm_id": 1422921711, "osm_type": "way", "highway": "footway"}, "geometry": {"type": "LineString", "coordinates": [[-88.1206546, 41.7742197], [-88.1206855, 41.7742211]]}}, {"type": "Feature", "id": 1422921712, "properties": {"osm_id": 1422921712, "osm_type": "way", "highway": "footway"}, "geometry": {"type": "LineString", "coordinates": [[-88.1206301, 41.7742186], [-88.1206546, 41.7742197]]}}, {"type": "Feature", "id": 1422921713, "properties": {"osm_id": 1422921713, "osm_type": "way", "highway": "footway"}, "geometry": {"type": "LineString", "coordinates": [[-88.120671, 41.7740545], [-88.1206934, 41.7740549]]}}, {"type": "Feature", "id": 1422921714, "properties": {"osm_id": 1422921714, "osm_type": "way", "highway": "footway"}, "geometry": {"type": "LineString", "coordinates": [[-88.1206478, 41.7740541], [-88.120671, 41.7740545]]}}, {"type": "Feature", "id": 1422921715, "properties": {"osm_id": 1422921715, "osm_type": "way", "highway": "footway"}, "geometry": {"type": "LineString", "coordinates": [[-88.120123, 41.7739727], [-88.1199942, 41.7739667]]}}, {"type": "Feature", "id": 1422921716, "properties": {"osm_id": 1422921716, "osm_type": "way", "highway": "footway"}, "geometry": {"type": "LineString", "coordinates": [[-88.119997, 41.7740565], [-88.1201133, 41.7740622]]}}, {"type": "Feature", "id": 1422921717, "properties": {"osm_id": 1422921717, "osm_type": "way", "highway": "footway"}, "geometry": {"type": "LineString", "coordinates": [[-88.120389, 41.7739819], [-88.1203879, 41.7739922]]}}, {"type": "Feature", "id": 1422921718, "properties": {"osm_id": 1422921718, "osm_type": "way", "highway": "footway"}, "geometry": {"type": "LineString", "coordinates": [[-88.1203337, 41.7740002], [-88.1203168, 41.7739897], [-88.1202987, 41.7739824]]}}, {"type": "Feature", "id": 1422921719, "properties": {"osm_id": 1422921719, "osm_type": "way", "highway": "footway"}, "geometry": {"type": "LineString", "coordinates": [[-88.1203131, 41.7740781], [-88.1202886, 41.7740765]]}}, {"type": "Feature", "id": 1422921720, "properties": {"osm_id": 1422921720, "osm_type": "way", "highway": "footway"}, "geometry": {"type": "LineString", "coordinates": [[-88.1203121, 41.7741996], [-88.1202753, 41.7741973], [-88.1199815, 41.7741789]]}}, {"type": "Feature", "id": 1422921721, "properties": {"osm_id": 1422921721, "osm_type": "way", "bridge": "yes", "highway": "footway", "layer": "1"}, "geometry": {"type": "LineString", "coordinates": [[-88.1203913, 41.7742046], [-88.1203121, 41.7741996]]}}, {"type": "Feature", "id": 1422921722, "properties": {"osm_id": 1422921722, "osm_type": "way", "highway": "footway"}, "geometry": {"type": "LineString", "coordinates": [[-88.1204382, 41.7742075], [-88.1204107, 41.7742058], [-88.1203913, 41.7742046]]}}, {"type": "Feature", "id": 1422921723, "properties": {"osm_id": 1422921723, "osm_type": "way", "highway": "footway"}, "geometry": {"type": "LineString", "coordinates": [[-88.1202769, 41.7743202], [-88.1202624, 41.7743197]]}}, {"type": "Feature", "id": 1422921724, "properties": {"osm_id": 1422921724, "osm_type": "way", "highway": "footway"}, "geometry": {"type": "LineString", "coordinates": [[-88.1202953, 41.7743897], [-88.1202524, 41.7744129]]}}, {"type": "Feature", "id": 1422921725, "properties": {"osm_id": 1422921725, "osm_type": "way", "highway": "footway"}, "geometry": {"type": "LineString", "coordinates": [[-88.1204062, 41.7743757], [-88.1204349, 41.7743782]]}}, {"type": "Feature", "id": 1422921726, "properties": {"osm_id": 1422921726, "osm_type": "way", "highway": "footway"}, "geometry": {"type": "MultiLineString", "coordinates": [[[-88.1203408, 41.7744254], [-88.1203425, 41.7744174], [-88.1203458, 41.7744075], [-88.1203577, 41.7744007]], [[-88.1203577, 41.7744007], [-88.1203721, 41.7743935], [-88.1203892, 41.774386], [-88.1204062, 41.7743757], [-88.1204075, 41.7743685], [-88.120407, 41.7743576], [-88.1204052, 41.7743452], [-88.1203996, 41.7743157], [-88.1203988, 41.7743047], [-88.1204001, 41.774294], [-88.120405, 41.7742772], [-88.120408, 41.7742561], [-88.120412, 41.7742447], [-88.1204147, 41.774231], [-88.1204145, 41.7742176], [-88.1204107, 41.7742058], [-88.1204098, 41.7742031], [-88.1204092, 41.7741918], [-88.1204127, 41.7741828], [-88.120416, 41.7741731], [-88.1204266, 41.7741608], [-88.1204326, 41.7741512], [-88.1204325, 41.7741413], [-88.1204283, 41.7741286], [-88.1204253, 41.7741173], [-88.1204259, 41.7741046], [-88.1204266, 41.7740893], [-88.120429, 41.7740768], [-88.1204328, 41.7740651], [-88.1204449, 41.7740486], [-88.1204524, 41.7740391], [-88.1204533, 41.7740307], [-88.1204502, 41.7740146], [-88.1204462, 41.7740057], [-88.1204388, 41.7740017], [-88.1204206, 41.7739959], [-88.120406, 41.7739931], [-88.1203946, 41.7739926], [-88.1203879, 41.7739922], [-88.1203839, 41.7739919], [-88.1203696, 41.7739924], [-88.1203505, 41.7739956], [-88.1203337, 41.7740002], [-88.120328, 41.7740053], [-88.120322, 41.7740156], [-88.1203193, 41.7740292], [-88.1203193, 41.7740408], [-88.1203208, 41.7740548], [-88.1203192, 41.7740618], [-88.1203131, 41.7740781], [-88.1203121, 41.7740864], [-88.1203114, 41.7740996], [-88.1203061, 41.7741102], [-88.1203021, 41.7741283], [-88.1203, 41.7741395], [-88.1202977, 41.774148], [-88.1202923, 41.7741568], [-88.1202866, 41.7741635], [-88.1202801, 41.7741726], [-88.1202767, 41.7741838], [-88.1202753, 41.7741973], [-88.1202749, 41.774201], [-88.1202752, 41.7742108], [-88.1202776, 41.7742217], [-88.1202824, 41.7742301], [-88.1202876, 41.7742376], [-88.1202917, 41.7742471], [-88.1202943, 41.7742532], [-88.1202959, 41.774265], [-88.1202945, 41.7742754], [-88.1202917, 41.7742852], [-88.1202843, 41.7743017], [-88.1202804, 41.7743081], [-88.1202772, 41.7743159], [-88.1202769, 41.7743202], [-88.1202764, 41.7743266], [-88.1202783, 41.7743372], [-88.1202836, 41.7743527], [-88.120287, 41.7743642], [-88.1202913, 41.7743797], [-88.1202953, 41.7743897], [-88.1203044, 41.7743932], [-88.1203218, 41.7743969], [-88.1203406, 41.7744007], [-88.1203577, 41.7744007]]]}}, {"type": "Feature", "id": 1422921727, "properties": {"osm_id": 1422921727, "osm_type": "way", "highway": "footway"}, "geometry": {"type": "LineString", "coordinates": [[-88.1204722, 41.7740395], [-88.1204524, 41.7740391]]}}, {"type": "Feature", "id": 1422921739, "properties": {"osm_id": 1422921739, "osm_type": "way", "highway": "residential", "lanes": "3", "name": "Dunrobin Road"}, "geometry": {"type": "LineString", "coordinates": [[-88.111519, 41.7702351], [-88.1109489, 41.7701484], [-88.11090336597948, 41.77014142854659]]}}, {"type": "Feature", "id": 1422921740, "properties": {"osm_id": 1422921740, "osm_type": "way", "highway": "footway"}, "geometry": {"type": "LineString", "coordinates": [[-88.1209952, 41.7731765], [-88.1209973, 41.7732198]]}}, {"type": "Feature", "id": 1422921741, "properties": {"osm_id": 1422921741, "osm_type": "way", "highway": "footway"}, "geometry": {"type": "LineString", "coordinates": [[-88.1209926, 41.7730935], [-88.120994, 41.7731371], [-88.1209952, 41.7731765]]}}, {"type": "Feature", "id": 1422921758, "properties": {"osm_id": 1422921758, "osm_type": "way", "highway": "residential", "lanes": "1", "name": "Old Dominion Court", "oneway": "yes"}, "geometry": {"type": "LineString", "coordinates": [[-88.1146821, 41.7665547], [-88.1147111, 41.7665449], [-88.114735, 41.7665293], [-88.1147517, 41.766509], [-88.1147595, 41.766486], [-88.114758, 41.7664623], [-88.1147471, 41.76644], [-88.1147279, 41.766421], [-88.1147021, 41.7664071], [-88.1146719, 41.7663995], [-88.1146401, 41.7663989], [-88.1146095, 41.7664053], [-88.1145827, 41.7664182], [-88.1145622, 41.7664364], [-88.1145498, 41.7664582], [-88.1145466, 41.7664819], [-88.1145529, 41.7665051], [-88.1145681, 41.766526], [-88.1145908, 41.7665426], [-88.1146191, 41.7665535], [-88.1146505, 41.7665576], [-88.1146821, 41.7665547]]}}, {"type": "Feature", "id": 1422921759, "properties": {"osm_id": 1422921759, "osm_type": "way", "highway": "footway"}, "geometry": {"type": "LineString", "coordinates": [[-88.120726, 41.7663024], [-88.1206512, 41.7662954]]}}, {"type": "Feature", "id": 1422921763, "properties": {"osm_id": 1422921763, "osm_type": "way", "highway": "footway"}, "geometry": {"type": "LineString", "coordinates": [[-88.119682, 41.7660501], [-88.1195981, 41.7665685], [-88.1195858, 41.7666104]]}}, {"type": "Feature", "id": 1422921764, "properties": {"osm_id": 1422921764, "osm_type": "way", "highway": "footway"}, "geometry": {"type": "LineString", "coordinates": [[-88.1197342, 41.7660045], [-88.1196336, 41.7660001], [-88.1196299, 41.7660479], [-88.119682, 41.7660501], [-88.1197305, 41.7660522], [-88.1197342, 41.7660045]]}}, {"type": "Feature", "id": 1422921766, "properties": {"osm_id": 1422921766, "osm_type": "way", "highway": "footway"}, "geometry": {"type": "LineString", "coordinates": [[-88.118498, 41.7654339], [-88.1185236, 41.7654715]]}}, {"type": "Feature", "id": 1422921767, "properties": {"osm_id": 1422921767, "osm_type": "way", "highway": "footway"}, "geometry": {"type": "LineString", "coordinates": [[-88.1175194, 41.765553], [-88.1175124, 41.7655947]]}}, {"type": "Feature", "id": 1422921768, "properties": {"osm_id": 1422921768, "osm_type": "way", "highway": "footway"}, "geometry": {"type": "LineString", "coordinates": [[-88.1177559, 41.7655029], [-88.1177469, 41.7655403]]}}, {"type": "Feature", "id": 1422921769, "properties": {"osm_id": 1422921769, "osm_type": "way", "highway": "footway"}, "geometry": {"type": "LineString", "coordinates": [[-88.1155616, 41.7653928], [-88.1155349, 41.7653317]]}}, {"type": "Feature", "id": 1422921770, "properties": {"osm_id": 1422921770, "osm_type": "way", "highway": "footway"}, "geometry": {"type": "LineString", "coordinates": [[-88.1156178, 41.7655237], [-88.1155877, 41.7654692]]}}, {"type": "Feature", "id": 1422921771, "properties": {"osm_id": 1422921771, "osm_type": "way", "highway": "footway"}, "geometry": {"type": "LineString", "coordinates": [[-88.1157887, 41.7654134], [-88.1157685, 41.7653694]]}}, {"type": "Feature", "id": 1422921772, "properties": {"osm_id": 1422921772, "osm_type": "way", "highway": "residential", "lanes": "2", "maxspeed": "25 mph", "name": "Green Trails Drive"}, "geometry": {"type": "LineString", "coordinates": [[-88.1209591, 41.765251], [-88.1208266, 41.7652411], [-88.1207918, 41.7652382], [-88.120553, 41.765216], [-88.11959, 41.765126], [-88.11943, 41.765119], [-88.11934, 41.765127], [-88.119259, 41.765141], [-88.119197, 41.765157], [-88.119095, 41.765193], [-88.119, 41.765246], [-88.1188927, 41.7653246], [-88.118873, 41.765339], [-88.1188149, 41.7653755], [-88.11876, 41.76541], [-88.118625, 41.765472], [-88.1185409, 41.7654969], [-88.118456, 41.765522], [-88.118377, 41.76554], [-88.118256, 41.765559], [-88.118185, 41.765566], [-88.118085, 41.76557], [-88.117976, 41.765568], [-88.117853, 41.765555], [-88.1177469, 41.7655403], [-88.117629, 41.765524], [-88.1175307, 41.7655108], [-88.116179, 41.765328], [-88.116075, 41.765323], [-88.115972, 41.765328], [-88.115868, 41.765344], [-88.1157685, 41.7653694], [-88.115668, 41.765395], [-88.1155714, 41.7654214], [-88.115534, 41.765431], [-88.115311, 41.765478], [-88.115123, 41.765506], [-88.114944, 41.765524], [-88.114786, 41.765533], [-88.1130216, 41.7655967], [-88.1128308, 41.7656036]]}}, {"type": "Feature", "id": 1422921803, "properties": {"osm_id": 1422921803, "osm_type": "way", "highway": "footway"}, "geometry": {"type": "LineString", "coordinates": [[-88.1201943, 41.769343], [-88.1201983, 41.7693055]]}}, {"type": "Feature", "id": 1441749315, "properties": {"osm_id": 1441749315, "osm_type": "way", "highway": "residential", "lanes": "2", "name": "Rockbridge Road"}, "geometry": {"type": "LineString", "coordinates": [[-88.1129695, 41.7607618], [-88.1128791, 41.7607659], [-88.1128488, 41.7607659], [-88.1127606, 41.7607695], [-88.11262, 41.7607585], [-88.112484, 41.7607365], [-88.112253, 41.760679], [-88.112104, 41.760653], [-88.112025, 41.760644], [-88.110931, 41.760669], [-88.109795, 41.760693], [-88.1096643, 41.7607164], [-88.10968, 41.7608096], [-88.109688, 41.761022]]}}, {"type": "Feature", "id": 1441749316, "properties": {"osm_id": 1441749316, "osm_type": "way", "highway": "residential", "lanes": "2", "name": "Rockbridge Road"}, "geometry": {"type": "LineString", "coordinates": [[-88.1131322, 41.760761], [-88.1129695, 41.7607618]]}}, {"type": "Feature", "id": 1441749317, "properties": {"osm_id": 1441749317, "osm_type": "way", "highway": "residential", "lanes": "2", "name": "Keswick Lane"}, "geometry": {"type": "LineString", "coordinates": [[-88.1117336, 41.7777292], [-88.1118353, 41.7778045]]}}, {"type": "Feature", "id": 1441749318, "properties": {"osm_id": 1441749318, "osm_type": "way", "highway": "footway"}, "geometry": {"type": "LineString", "coordinates": [[-88.1120798, 41.7633851], [-88.1120354, 41.7633613]]}}, {"type": "Feature", "id": 1441749319, "properties": {"osm_id": 1441749319, "osm_type": "way", "highway": "footway"}, "geometry": {"type": "LineString", "coordinates": [[-88.1132487, 41.7571854], [-88.1132675, 41.7571587]]}}, {"type": "Feature", "id": 1441749320, "properties": {"osm_id": 1441749320, "osm_type": "way", "highway": "residential", "lanes": "1", "name": "Barcroft Court", "oneway": "yes"}, "geometry": {"type": "LineString", "coordinates": [[-88.1118965, 41.7561182], [-88.111933, 41.7561105], [-88.111961, 41.7560959], [-88.1119817, 41.7560756], [-88.1119929, 41.7560516], [-88.1119936, 41.7560261], [-88.1119837, 41.7560017], [-88.1119642, 41.7559808], [-88.111937, 41.7559654], [-88.1119047, 41.755957], [-88.1118706, 41.7559565], [-88.1118379, 41.7559639], [-88.1118072, 41.7559804], [-88.1117859, 41.7560038], [-88.1117766, 41.7560313], [-88.1117804, 41.7560594], [-88.111797, 41.7560848], [-88.1118241, 41.7561046], [-88.1118587, 41.7561161], [-88.1118965, 41.7561182]]}}, {"type": "Feature", "id": 1441749323, "properties": {"osm_id": 1441749323, "osm_type": "way", "highway": "residential", "lanes": "2", "name": "Ridgely Court"}, "geometry": {"type": "LineString", "coordinates": [[-88.113046, 41.7589304], [-88.1128836, 41.7589304]]}}, {"type": "Feature", "id": 1441749324, "properties": {"osm_id": 1441749324, "osm_type": "way", "highway": "footway"}, "geometry": {"type": "LineString", "coordinates": [[-88.1131388, 41.7589061], [-88.1131376, 41.758873], [-88.1131356, 41.7588313]]}}, {"type": "Feature", "id": 1441749325, "properties": {"osm_id": 1441749325, "osm_type": "way", "highway": "footway"}, "geometry": {"type": "LineString", "coordinates": [[-88.1131403, 41.7589505], [-88.1131388, 41.7589061]]}}, {"type": "Feature", "id": 1441749326, "properties": {"osm_id": 1441749326, "osm_type": "way", "highway": "service", "oneway": "yes"}, "geometry": {"type": "LineString", "coordinates": [[-88.113082, 41.7588643], [-88.1130443, 41.7588584]]}}, {"type": "Feature", "id": 1441749327, "properties": {"osm_id": 1441749327, "osm_type": "way", "highway": "service", "oneway": "yes"}, "geometry": {"type": "LineString", "coordinates": [[-88.1130521, 41.7590254], [-88.1130896, 41.759002]]}}, {"type": "Feature", "id": 1441749328, "properties": {"osm_id": 1441749328, "osm_type": "way", "highway": "service", "oneway": "yes"}, "geometry": {"type": "LineString", "coordinates": [[-88.1130896, 41.759002], [-88.113141, 41.7589701], [-88.1132638, 41.758915]]}}, {"type": "Feature", "id": 1441749330, "properties": {"osm_id": 1441749330, "osm_type": "way", "highway": "footway"}, "geometry": {"type": "LineString", "coordinates": [[-88.1131356, 41.7588313], [-88.11308, 41.7588377]]}}, {"type": "Feature", "id": 1441749331, "properties": {"osm_id": 1441749331, "osm_type": "way", "highway": "footway"}, "geometry": {"type": "LineString", "coordinates": [[-88.112927, 41.7588483], [-88.1128776, 41.7588486], [-88.1128393, 41.7588485]]}}, {"type": "Feature", "id": 1441749332, "properties": {"osm_id": 1441749332, "osm_type": "way", "highway": "footway"}, "geometry": {"type": "LineString", "coordinates": [[-88.1129637, 41.758851], [-88.112927, 41.7588483]]}}, {"type": "Feature", "id": 1441749333, "properties": {"osm_id": 1441749333, "osm_type": "way", "highway": "service", "oneway": "yes"}, "geometry": {"type": "LineString", "coordinates": [[-88.1132638, 41.758915], [-88.1131376, 41.758873], [-88.113082, 41.7588643]]}}, {"type": "Feature", "id": 1441749334, "properties": {"osm_id": 1441749334, "osm_type": "way", "highway": "residential", "lanes": "2", "name": "Ridgely Court"}, "geometry": {"type": "LineString", "coordinates": [[-88.1128836, 41.7589304], [-88.1127946, 41.7589304], [-88.1122541, 41.7589303]]}}, {"type": "Feature", "id": 1450158794, "properties": {"osm_id": 1450158794, "osm_type": "way", "highway": "footway"}, "geometry": {"type": "LineString", "coordinates": [[-88.100535, 41.7540617], [-88.1005737, 41.7540535], [-88.1006312, 41.7540412]]}}, {"type": "Feature", "id": 1450158795, "properties": {"osm_id": 1450158795, "osm_type": "way", "highway": "footway"}, "geometry": {"type": "LineString", "coordinates": [[-88.1006934, 41.754036], [-88.1006312, 41.7540412]]}}, {"type": "Feature", "id": 1450158796, "properties": {"osm_id": 1450158796, "osm_type": "way", "highway": "footway"}, "geometry": {"type": "LineString", "coordinates": [[-88.1021873, 41.7531711], [-88.1021366, 41.7531782], [-88.1020702, 41.7531876]]}}, {"type": "Feature", "id": 1450158797, "properties": {"osm_id": 1450158797, "osm_type": "way", "highway": "residential", "lanes": "1", "name": "Fox Trail Court", "oneway": "yes"}, "geometry": {"type": "LineString", "coordinates": [[-88.1020754, 41.752491], [-88.1021916, 41.7523777], [-88.1022211, 41.7523224], [-88.1022094, 41.7522831], [-88.1021577, 41.7522511], [-88.1020934, 41.7522466], [-88.1020384, 41.7522756], [-88.1020173, 41.7523194], [-88.1020203, 41.7523672], [-88.102034, 41.7524375], [-88.1020754, 41.752491]]}}, {"type": "Feature", "id": 1450158798, "properties": {"osm_id": 1450158798, "osm_type": "way", "highway": "footway"}, "geometry": {"type": "LineString", "coordinates": [[-88.1020226, 41.7532224], [-88.1020272, 41.7532612]]}}, {"type": "Feature", "id": 1450158799, "properties": {"osm_id": 1450158799, "osm_type": "way", "highway": "footway"}, "geometry": {"type": "LineString", "coordinates": [[-88.1022438, 41.7532035], [-88.1022468, 41.7532459]]}}, {"type": "Feature", "id": 1450158800, "properties": {"osm_id": 1450158800, "osm_type": "way", "highway": "footway"}, "geometry": {"type": "LineString", "coordinates": [[-88.1020226, 41.7532224], [-88.102025, 41.7531841], [-88.1019626, 41.7527179], [-88.1019096, 41.7523959], [-88.1019023, 41.7523169], [-88.1019127, 41.7522836], [-88.1019294, 41.7522464], [-88.1019586, 41.7522129], [-88.1020109, 41.7521861], [-88.1020776, 41.7521691], [-88.1021494, 41.7521671], [-88.1022171, 41.7521786], [-88.1022754, 41.7522091], [-88.1023036, 41.7522364], [-88.1023291, 41.7522834], [-88.1023385, 41.7523289], [-88.1023284, 41.7523669], [-88.1023002, 41.7524157], [-88.1021564, 41.752584], [-88.1021846, 41.7527791], [-88.1022413, 41.7531667], [-88.1022438, 41.7532035]]}}, {"type": "Feature", "id": 1450158801, "properties": {"osm_id": 1450158801, "osm_type": "way", "highway": "residential", "lanes": "1", "name": "Tall Oaks Court", "oneway": "yes"}, "geometry": {"type": "LineString", "coordinates": [[-88.0995852, 41.7535714], [-88.0996925, 41.753431], [-88.0997166, 41.7533589], [-88.0997032, 41.7533239]]}}, {"type": "Feature", "id": 1450158802, "properties": {"osm_id": 1450158802, "osm_type": "way", "highway": "residential", "lanes": "1", "name": "Tall Oaks Court", "oneway": "yes"}, "geometry": {"type": "LineString", "coordinates": [[-88.0997032, 41.7533239], [-88.0996509, 41.7532944], [-88.0995751, 41.7533054], [-88.0995329, 41.7533414], [-88.0995288, 41.7534084], [-88.0995409, 41.75347], [-88.0995852, 41.7535714]]}}, {"type": "Feature", "id": 1450158803, "properties": {"osm_id": 1450158803, "osm_type": "way", "highway": "footway"}, "geometry": {"type": "LineString", "coordinates": [[-88.1006738, 41.7552073], [-88.1006805, 41.7552446]]}}, {"type": "Feature", "id": 1450158804, "properties": {"osm_id": 1450158804, "osm_type": "way", "highway": "footway"}, "geometry": {"type": "LineString", "coordinates": [[-88.100479, 41.754064], [-88.100535, 41.7540617]]}}, {"type": "Feature", "id": 1450158805, "properties": {"osm_id": 1450158805, "osm_type": "way", "highway": "footway"}, "geometry": {"type": "LineString", "coordinates": [[-88.1020702, 41.7531876], [-88.102025, 41.7531841], [-88.1016867, 41.7532134], [-88.1013202, 41.7532441], [-88.1012287, 41.7532586], [-88.101105, 41.7532894], [-88.1010178, 41.7533204], [-88.1009142, 41.7533622], [-88.1007593, 41.7534657], [-88.1006584, 41.7535578], [-88.1005833, 41.7536408], [-88.1005374, 41.7537369], [-88.1005068, 41.7538194], [-88.1004794, 41.7539315], [-88.100475, 41.7539915], [-88.100479, 41.754064], [-88.1004898, 41.754113]]}}, {"type": "Feature", "id": 1450158806, "properties": {"osm_id": 1450158806, "osm_type": "way", "highway": "footway"}, "geometry": {"type": "LineString", "coordinates": [[-88.1005146, 41.7541936], [-88.1005022, 41.7541533], [-88.1004898, 41.754113]]}}, {"type": "Feature", "id": 1450158807, "properties": {"osm_id": 1450158807, "osm_type": "way", "highway": "footway"}, "geometry": {"type": "LineString", "coordinates": [[-88.1005146, 41.7541936], [-88.1005236, 41.7542333], [-88.1005303, 41.7542701], [-88.1005317, 41.7543221], [-88.1005581, 41.7544064], [-88.1006306, 41.7545673], [-88.1006413, 41.7546223], [-88.1006534, 41.7547066], [-88.1006594, 41.7548821], [-88.1006909, 41.7551605], [-88.1006845, 41.7551843], [-88.1006738, 41.7552073]]}}, {"type": "Feature", "id": 1450158808, "properties": {"osm_id": 1450158808, "osm_type": "way", "highway": "footway"}, "geometry": {"type": "LineString", "coordinates": [[-88.1005783, 41.7542266], [-88.1005236, 41.7542333], [-88.1003288, 41.7542694], [-88.1001629, 41.7542816], [-88.1000747, 41.7542806], [-88.0999671, 41.7542661], [-88.0998869, 41.7542454], [-88.0998021, 41.7542156], [-88.0997143, 41.7541681], [-88.0996368, 41.7541105], [-88.0995775, 41.754053], [-88.0995379, 41.7539985], [-88.0995134, 41.7539427], [-88.0994883, 41.7538749], [-88.0994776, 41.7538221], [-88.0994678, 41.7537148], [-88.0994685, 41.7536105], [-88.0994457, 41.7535288], [-88.0994149, 41.753419], [-88.0994031, 41.7533697], [-88.0994118, 41.7533189], [-88.0994326, 41.7532809], [-88.0994749, 41.7532434], [-88.0995275, 41.7532201], [-88.099611, 41.7532068], [-88.0996599, 41.7532068], [-88.0997257, 41.7532249], [-88.0997746, 41.7532399]]}}, {"type": "Feature", "id": 1450158809, "properties": {"osm_id": 1450158809, "osm_type": "way", "highway": "footway"}, "geometry": {"type": "LineString", "coordinates": [[-88.1006819, 41.7542156], [-88.1006299, 41.7542211], [-88.1005783, 41.7542266]]}}, {"type": "Feature", "id": 1450158810, "properties": {"osm_id": 1450158810, "osm_type": "way", "highway": "footway"}, "geometry": {"type": "LineString", "coordinates": [[-88.1007377, 41.7541981], [-88.1006819, 41.7542156]]}}, {"type": "Feature", "id": 1450158811, "properties": {"osm_id": 1450158811, "osm_type": "way", "highway": "footway"}, "geometry": {"type": "LineString", "coordinates": [[-88.1008418, 41.7551253], [-88.1008988, 41.7551178]]}}, {"type": "Feature", "id": 1450158812, "properties": {"osm_id": 1450158812, "osm_type": "way", "highway": "footway"}, "geometry": {"type": "LineString", "coordinates": [[-88.1007352, 41.7551505], [-88.1007885, 41.7551379], [-88.1008418, 41.7551253]]}}, {"type": "Feature", "id": 1450158813, "properties": {"osm_id": 1450158813, "osm_type": "way", "highway": "footway"}, "geometry": {"type": "LineString", "coordinates": [[-88.1012606, 41.7552486], [-88.1013665, 41.7556665], [-88.1014015, 41.7558135]]}}, {"type": "Feature", "id": 1450158814, "properties": {"osm_id": 1450158814, "osm_type": "way", "highway": "footway"}, "geometry": {"type": "LineString", "coordinates": [[-88.1012606, 41.7552486], [-88.1007955, 41.7553098], [-88.1006577, 41.7553271], [-88.100539, 41.7553274], [-88.1004894, 41.7553344], [-88.1004076, 41.7553321], [-88.1002172, 41.7553601], [-88.0999627, 41.7554171], [-88.099778, 41.7554629], [-88.0997216, 41.7554672], [-88.0996549, 41.7554552], [-88.0996066, 41.7554377], [-88.0995704, 41.7554106], [-88.09955, 41.7553851], [-88.0995339, 41.7553524], [-88.0995339, 41.7553053], [-88.099549, 41.7552628], [-88.0995704, 41.7552323], [-88.0996107, 41.7551943], [-88.0996556, 41.7551715], [-88.0997099, 41.755161], [-88.0997746, 41.7551623], [-88.0998296, 41.7551698], [-88.0999191, 41.7551958], [-88.0999744, 41.7552158], [-88.1000348, 41.7552288], [-88.1000737, 41.7552391], [-88.1001149, 41.7552408], [-88.1006909, 41.7551605], [-88.1007352, 41.7551505]]}}, {"type": "Feature", "id": 1450158815, "properties": {"osm_id": 1450158815, "osm_type": "way", "highway": "footway"}, "geometry": {"type": "LineString", "coordinates": [[-88.1012609, 41.7552096], [-88.1012476, 41.7551584]]}}, {"type": "Feature", "id": 1450158816, "properties": {"osm_id": 1450158816, "osm_type": "way", "highway": "footway"}, "geometry": {"type": "LineString", "coordinates": [[-88.1012606, 41.7552486], [-88.1012609, 41.7552096]]}}, {"type": "Feature", "id": 1450158817, "properties": {"osm_id": 1450158817, "osm_type": "way", "highway": "footway"}, "geometry": {"type": "LineString", "coordinates": [[-88.1013182, 41.7552456], [-88.1012606, 41.7552486]]}}, {"type": "Feature", "id": 1450158818, "properties": {"osm_id": 1450158818, "osm_type": "way", "highway": "footway"}, "geometry": {"type": "LineString", "coordinates": [[-88.1014262, 41.7552236], [-88.101365, 41.755236], [-88.1013182, 41.7552456]]}}, {"type": "Feature", "id": 1450158819, "properties": {"osm_id": 1450158819, "osm_type": "way", "highway": "footway"}, "geometry": {"type": "LineString", "coordinates": [[-88.1026325, 41.755056], [-88.1026223, 41.7549767]]}}, {"type": "Feature", "id": 1450158820, "properties": {"osm_id": 1450158820, "osm_type": "way", "highway": "footway"}, "geometry": {"type": "LineString", "coordinates": [[-88.1026167, 41.7550885], [-88.1026325, 41.755056]]}}, {"type": "Feature", "id": 1450158821, "properties": {"osm_id": 1450158821, "osm_type": "way", "highway": "footway"}, "geometry": {"type": "LineString", "coordinates": [[-88.1014678, 41.7551798], [-88.101458, 41.7551301]]}}, {"type": "Feature", "id": 1450158822, "properties": {"osm_id": 1450158822, "osm_type": "way", "highway": "footway"}, "geometry": {"type": "LineString", "coordinates": [[-88.1016844, 41.7557766], [-88.1016753, 41.7557576], [-88.1015791, 41.7554374], [-88.1014771, 41.7552176], [-88.1014678, 41.7551798]]}}, {"type": "Feature", "id": 1450158823, "properties": {"osm_id": 1450158823, "osm_type": "way", "highway": "footway"}, "geometry": {"type": "LineString", "coordinates": [[-88.1009094, 41.7551693], [-88.1009183, 41.7552103]]}}, {"type": "Feature", "id": 1450158824, "properties": {"osm_id": 1450158824, "osm_type": "way", "highway": "footway"}, "geometry": {"type": "LineString", "coordinates": [[-88.1028145, 41.7548686], [-88.1028607, 41.7548615]]}}, {"type": "Feature", "id": 1450158825, "properties": {"osm_id": 1450158825, "osm_type": "way", "highway": "footway"}, "geometry": {"type": "LineString", "coordinates": [[-88.1009021, 41.755133], [-88.1010041, 41.7551198], [-88.1011107, 41.7551173], [-88.101171, 41.7550972], [-88.1014721, 41.755054], [-88.1019187, 41.754992], [-88.1027595, 41.7548769], [-88.1028145, 41.7548686]]}}, {"type": "Feature", "id": 1450158826, "properties": {"osm_id": 1450158826, "osm_type": "way", "highway": "footway"}, "geometry": {"type": "LineString", "coordinates": [[-88.1027609, 41.7549164], [-88.1027569, 41.754959]]}}, {"type": "Feature", "id": 1450158827, "properties": {"osm_id": 1450158827, "osm_type": "way", "highway": "footway"}, "geometry": {"type": "LineString", "coordinates": [[-88.102773, 41.7531106], [-88.1027465, 41.7530718]]}}, {"type": "Feature", "id": 1450158828, "properties": {"osm_id": 1450158828, "osm_type": "way", "highway": "footway"}, "geometry": {"type": "LineString", "coordinates": [[-88.1028122, 41.7531821], [-88.1027926, 41.7531463], [-88.102773, 41.7531106]]}}, {"type": "Feature", "id": 1450158829, "properties": {"osm_id": 1450158829, "osm_type": "way", "highway": "footway"}, "geometry": {"type": "LineString", "coordinates": [[-88.1014262, 41.7552236], [-88.1014771, 41.7552176], [-88.1017893, 41.7551758], [-88.1021789, 41.7551198], [-88.1022144, 41.7551063], [-88.1022667, 41.7550925], [-88.1023194, 41.7550865], [-88.1024038, 41.7550875], [-88.1024629, 41.7550812], [-88.1025296, 41.7550775], [-88.1025681, 41.7550777], [-88.1026167, 41.7550885], [-88.102655, 41.7551075], [-88.1027083, 41.7551335], [-88.1027579, 41.7551435], [-88.1028055, 41.7551443], [-88.1028538, 41.755138], [-88.1029044, 41.7551203], [-88.1029453, 41.7550917], [-88.1029745, 41.7550605], [-88.1029983, 41.7550207], [-88.1030083, 41.7549822], [-88.1030013, 41.7549449], [-88.1029842, 41.7549114], [-88.1029567, 41.7548714], [-88.1029607, 41.7548524], [-88.1029721, 41.7548269], [-88.1029641, 41.7545515], [-88.1029497, 41.7540418], [-88.1029349, 41.7537216], [-88.1029279, 41.7535308], [-88.1029041, 41.7534205], [-88.1028806, 41.7533509], [-88.1028323, 41.7532419], [-88.1028122, 41.7531821]]}}, {"type": "Feature", "id": 1450158830, "properties": {"osm_id": 1450158830, "osm_type": "way", "highway": "footway"}, "geometry": {"type": "LineString", "coordinates": [[-88.1025926, 41.7531676], [-88.1025745, 41.7531256]]}}, {"type": "Feature", "id": 1450158831, "properties": {"osm_id": 1450158831, "osm_type": "way", "highway": "footway"}, "geometry": {"type": "LineString", "coordinates": [[-88.1026134, 41.7532486], [-88.102603, 41.7532081], [-88.1025926, 41.7531676]]}}, {"type": "Feature", "id": 1450158832, "properties": {"osm_id": 1450158832, "osm_type": "way", "highway": "footway"}, "geometry": {"type": "LineString", "coordinates": [[-88.1027609, 41.7549164], [-88.1027595, 41.7548769], [-88.1027415, 41.7543622], [-88.1027314, 41.7540673], [-88.102719, 41.7536883], [-88.1027133, 41.7535713], [-88.1027036, 41.7534992], [-88.1026882, 41.7534327], [-88.102668, 41.7533769], [-88.1026255, 41.7532889], [-88.1026134, 41.7532486]]}}, {"type": "Feature", "id": 1450158833, "properties": {"osm_id": 1450158833, "osm_type": "way", "highway": "footway"}, "geometry": {"type": "LineString", "coordinates": [[-88.1009094, 41.7551693], [-88.1009021, 41.755133], [-88.1008988, 41.7551178], [-88.1008736, 41.7549894], [-88.1008639, 41.7549112], [-88.1008773, 41.7546015], [-88.1008636, 41.7545005], [-88.1008485, 41.7544224], [-88.1007667, 41.7542524], [-88.1007377, 41.7541981], [-88.1007208, 41.7541663], [-88.100702, 41.754103], [-88.1006936, 41.7540488], [-88.1006934, 41.754036], [-88.1006923, 41.753979], [-88.100708, 41.7538859], [-88.1007422, 41.7537926], [-88.1007824, 41.7537146], [-88.1008287, 41.7536586], [-88.1008971, 41.753587], [-88.1009833, 41.753524], [-88.1011016, 41.7534585], [-88.1012002, 41.7534282], [-88.1013403, 41.7534022], [-88.1015361, 41.7533834], [-88.1019368, 41.7533539], [-88.1024696, 41.7533106], [-88.1026255, 41.7532889], [-88.1026865, 41.7532861]]}}, {"type": "Feature", "id": 1450158834, "properties": {"osm_id": 1450158834, "osm_type": "way", "highway": "footway"}, "geometry": {"type": "LineString", "coordinates": [[-88.1027783, 41.7532509], [-88.1027324, 41.7532685], [-88.1026865, 41.7532861]]}}, {"type": "Feature", "id": 1450158835, "properties": {"osm_id": 1450158835, "osm_type": "way", "highway": "footway"}, "geometry": {"type": "LineString", "coordinates": [[-88.1035973, 41.7531471], [-88.1032159, 41.7531536], [-88.1031297, 41.7531561], [-88.1030482, 41.7531703], [-88.1029708, 41.7531956], [-88.1028323, 41.7532419], [-88.1027783, 41.7532509]]}}, {"type": "Feature", "id": 1450158836, "properties": {"osm_id": 1450158836, "osm_type": "way", "highway": "footway"}, "geometry": {"type": "LineString", "coordinates": [[-88.1035934, 41.7529439], [-88.1031508, 41.7529542], [-88.1031062, 41.7529572], [-88.1030727, 41.7529642], [-88.1027465, 41.7530718], [-88.1026593, 41.7531015], [-88.1026003, 41.7531188], [-88.1025745, 41.7531256], [-88.102497, 41.7531428], [-88.1024266, 41.7531518], [-88.1022413, 41.7531667], [-88.1021873, 41.7531711]]}}, {"type": "Feature", "id": 1450158837, "properties": {"osm_id": 1450158837, "osm_type": "way", "highway": "footway"}, "geometry": {"type": "LineString", "coordinates": [[-88.10354596715132, 41.75053020339007], [-88.1035518, 41.7506698], [-88.1035595, 41.7507243]]}}, {"type": "Feature", "id": 1450158839, "properties": {"osm_id": 1450158839, "osm_type": "way", "highway": "footway"}, "geometry": {"type": "LineString", "coordinates": [[-88.1035605, 41.7507749], [-88.10356689865003, 41.75097302962753]]}}, {"type": "Feature", "id": 1450158840, "properties": {"osm_id": 1450158840, "osm_type": "way", "highway": "footway"}, "geometry": {"type": "LineString", "coordinates": [[-88.1035595, 41.7507243], [-88.1035602, 41.7507573], [-88.1035605, 41.7507749]]}}, {"type": "Feature", "id": 1450158842, "properties": {"osm_id": 1450158842, "osm_type": "way", "highway": "footway"}, "geometry": {"type": "LineString", "coordinates": [[-88.103435, 41.7500999], [-88.1034345, 41.7501095], [-88.1034623, 41.750113], [-88.1034898, 41.7501198], [-88.1035086, 41.7501295], [-88.1035267, 41.7501473], [-88.10353233425751, 41.75017012971873]]}}, {"type": "Feature", "id": 1474297125, "properties": {"osm_id": 1474297125, "osm_type": "way", "highway": "service", "oneway": "yes"}, "geometry": {"type": "LineString", "coordinates": [[-88.1203421, 41.7762967], [-88.1201252, 41.7757991]]}}, {"type": "Feature", "id": 1474297126, "properties": {"osm_id": 1474297126, "osm_type": "way", "highway": "service", "oneway": "yes"}, "geometry": {"type": "LineString", "coordinates": [[-88.1198977, 41.7758018], [-88.1198739, 41.7761255], [-88.1199926, 41.7764176], [-88.1200501, 41.7764579], [-88.1203373, 41.7763889], [-88.1203502, 41.7763858], [-88.1203709, 41.776355], [-88.1203421, 41.7762967]]}}, {"type": "Feature", "id": 1474297127, "properties": {"osm_id": 1474297127, "osm_type": "way", "highway": "service"}, "geometry": {"type": "LineString", "coordinates": [[-88.1204703, 41.7762672], [-88.1203421, 41.7762967]]}}, {"type": "Feature", "id": 1537739591, "properties": {"osm_id": 1537739591, "osm_type": "way", "highway": "service", "lanes": "2"}, "geometry": {"type": "LineString", "coordinates": [[-88.1212712, 41.7753268], [-88.1218368, 41.7751909]]}}, {"type": "Feature", "id": 1537739592, "properties": {"osm_id": 1537739592, "osm_type": "way", "highway": "service", "lanes": "3"}, "geometry": {"type": "LineString", "coordinates": [[-88.1213944, 41.7759323], [-88.1214871, 41.7761541], [-88.1214915, 41.7761647]]}}]}